발생년,발생년월일시,주야,요일,사망자수,부상자수,중상자수,경상자수,부상신고자수,발생지시도,발생지시군구,사고유형_대분류,사고유형_중분류,사고유형,가해자법규위반,도로형태_대분류,도로형태,가해자_당사자종별,피해자_당사자종별,발생위치X_UTMK,발생위치Y_UTMK,경도,위도
2018,2018-03-06 01,야,화,1,2,0,1,0,충북,청주시,차대차,추돌,추돌,안전거리 미확보,단일로,기타단일로,특수차,화물차,998203,1861927,127.4798679,36.75542861
2018,2018-02-15 05,야,목,1,1,0,0,0,충북,음성군,차대사람,기타,기타,안전운전 의무 불이행,단일로,기타단일로,화물차,보행자,998490,1891734,127.4830238,37.02412721
2018,2018-03-30 14,주,금,1,1,0,0,0,충남,서산시,차대사람,횡단중,횡단중,보행자 보호의무 위반,교차로,교차로부근,승합차,보행자,907184,1866381,126.4596994,36.79103261
2018,2018-01-05 18,야,금,1,1,0,0,0,충남,서산시,차대사람,횡단중,횡단중,안전운전 의무 불이행,단일로,기타단일로,승용차,보행자,906474,1864243,126.4520052,36.77169242
2018,2018-07-19 12,주,목,1,1,0,0,0,충남,서산시,차량단독,공작물충돌,공작물충돌,안전운전 의무 불이행,단일로,기타단일로,화물차,없음,904449,1869533,126.428654,36.81917002
2018,2018-05-28 17,주,월,1,1,0,0,0,충남,천안시,차대차,측면충돌,측면충돌,안전운전 의무 불이행,단일로,기타단일로,승용차,자전거,967443,1877340,127.1346008,36.893812
2018,2018-08-25 20,야,토,1,1,0,0,0,충남,논산시,차대차,기타,기타,중앙선 침범,단일로,기타단일로,자전거,승용차,964527,1801514,127.105365,36.21014353
2018,2018-12-17 08,주,월,1,5,1,3,0,충남,홍성군,차대차,추돌,추돌,안전운전 의무 불이행,단일로,기타단일로,건설기계,승용차,916549,1845198,126.5669612,36.6009673
2018,2018-03-06 20,야,화,1,2,0,1,0,충남,홍성군,차대차,추돌,추돌,안전운전 의무 불이행,교차로,교차로부근,화물차,승합차,921619,1836814,126.6244943,36.52582391
2018,2018-10-25 06,주,목,1,1,0,0,0,충남,홍성군,차대사람,횡단중,횡단중,안전운전 의무 불이행,기타,기타,승용차,보행자,924170,1841913,126.6524841,36.57199269
2018,2018-08-16 13,주,목,1,1,0,0,0,충남,홍성군,차대차,추돌,추돌,안전운전 의무 불이행,단일로,기타단일로,화물차,사륜오토바이(ATV),921476,1835876,126.6229926,36.51735695
2018,2018-10-07 03,야,일,1,2,1,0,0,충남,아산시,차량단독,공작물충돌,공작물충돌,안전운전 의무 불이행,기타,기타,승용차,없음,959269,1867413,127.0433959,36.8040088
2018,2018-10-18 10,주,목,1,2,1,0,0,충남,서천군,차량단독,도로이탈,도로이탈 추락,안전운전 의무 불이행,단일로,기타단일로,원동기장치자전거,없음,916466,1794935,126.5714345,36.14788007
2018,2018-11-14 18,야,수,1,1,0,0,0,충남,공주시,차대차,측면충돌,측면충돌,안전운전 의무 불이행,단일로,기타단일로,자전거,승용차,967580,1829706,127.1381551,36.46440878
2018,2018-11-19 08,주,월,1,1,0,0,0,충남,공주시,차량단독,공작물충돌,공작물충돌,안전운전 의무 불이행,단일로,기타단일로,승용차,없음,949894,1840482,126.9400665,36.56078994
2018,2018-09-02 19,야,일,1,3,0,2,0,충남,공주시,차대차,정면충돌,정면충돌,중앙선 침범,단일로,기타단일로,이륜차,승용차,965518,1846343,127.1143973,36.6143181
2018,2018-05-03 19,야,목,1,1,0,0,0,세종,세종,차대차,측면충돌,측면충돌,신호위반,교차로,교차로내,자전거,승용차,978191,1832628,127.2565026,36.49105131
2018,2018-06-22 11,주,금,1,1,0,0,0,세종,세종,차대차,측면충돌,측면충돌,안전운전 의무 불이행,단일로,교량위,화물차,자전거,982554,1845061,127.3049338,36.60322509
2018,2018-10-20 22,야,토,1,1,0,0,0,충남,예산군,차량단독,전복,전복,안전운전 의무 불이행,단일로,기타단일로,이륜차,없음,944373,1847756,126.8778464,36.62605583
2018,2018-05-05 21,야,토,1,1,0,0,0,충남,예산군,차량단독,도로이탈,도로이탈 추락,안전운전 의무 불이행,단일로,기타단일로,승용차,없음,923606,1856606,126.6447183,36.70439003
2018,2018-12-03 00,야,월,1,1,0,0,0,충남,부여군,차량단독,공작물충돌,공작물충돌,안전운전 의무 불이행,단일로,기타단일로,화물차,없음,938534,1806387,126.8158264,36.25277058
2018,2018-10-02 18,야,화,1,1,0,0,0,충남,부여군,차량단독,도로이탈,도로이탈 추락,안전운전 의무 불이행,단일로,기타단일로,사륜오토바이(ATV),없음,934500,1806866,126.7708873,36.25682345
2018,2018-11-24 06,주,토,1,1,0,0,0,충남,부여군,차대사람,차도통행중,차도통행중,안전운전 의무 불이행,단일로,기타단일로,화물차,보행자,933818,1802235,126.7636878,36.2150292
2018,2018-03-17 04,야,토,1,1,0,0,0,충남,당진시,차대차,추돌,추돌,안전운전 의무 불이행,단일로,기타단일로,승용차,특수차,933192,1869728,126.7508815,36.82339458
2018,2018-02-21 16,주,수,1,1,0,0,0,충남,당진시,차대사람,차도통행중,차도통행중,안전운전 의무 불이행,교차로,교차로내,승용차,보행자,935261,1868052,126.7742221,36.80843103
2018,2018-05-07 18,야,월,1,1,0,0,0,충남,당진시,차대차,측면충돌,측면충돌,부당한 회전,단일로,기타단일로,원동기장치자전거,화물차,920477,1877192,126.6075406,36.88968811
2018,2018-02-22 21,야,목,1,1,0,0,0,충남,당진시,차대차,정면충돌,정면충돌,중앙선 침범,단일로,기타단일로,승용차,특수차,932573,1867138,126.7441707,36.80000457
2018,2018-08-06 16,주,월,1,1,0,0,0,충남,당진시,차량단독,도로이탈,도로이탈 추락,안전운전 의무 불이행,기타,기타,사륜오토바이(ATV),없음,929905,1876972,126.7133585,36.88845263
2018,2018-10-08 18,야,월,1,1,0,0,0,충남,당진시,차대사람,횡단중,횡단중,안전운전 의무 불이행,단일로,기타단일로,승용차,보행자,926031,1875602,126.6700202,36.87580817
2018,2018-08-18 10,주,토,1,2,0,1,0,충남,당진시,차대차,정면충돌,정면충돌,안전운전 의무 불이행,단일로,기타단일로,승용차,승용차,934342,1878514,126.7630152,36.90267116
2018,2018-11-16 18,야,금,1,1,0,0,0,충남,당진시,차대사람,차도통행중,차도통행중,안전운전 의무 불이행,단일로,기타단일로,승용차,보행자,912378,1872599,126.5171904,36.84757266
2018,2018-12-01 06,주,토,1,1,0,0,0,충남,당진시,차대차,측면충돌,측면충돌,안전운전 의무 불이행,단일로,기타단일로,화물차,화물차,927213,1873691,126.6834651,36.85867484
2018,2018-09-23 19,야,일,1,1,0,0,0,충남,청양군,차대사람,기타,기타,안전운전 의무 불이행,기타,기타,승용차,보행자,938465,1828090,126.8133425,36.44841368
2018,2018-11-23 05,야,금,1,1,0,0,0,충남,청양군,차대차,측면충돌,측면충돌,안전운전 의무 불이행,교차로,교차로내,승용차,자전거,937529,1828373,126.8028757,36.45090428
2018,2018-01-06 02,야,토,1,1,0,0,0,충남,천안시,차대사람,횡단중,횡단중,기타(운전자법규위반),단일로,기타단일로,승용차,보행자,967388,1868462,127.1343649,36.81377965
2018,2018-10-18 19,야,목,1,1,0,0,0,충남,태안군,차대사람,횡단중,횡단중,안전운전 의무 불이행,기타,기타,화물차,보행자,887412,1860022,126.2390739,36.73157709
2018,2018-09-09 19,야,일,1,1,0,0,0,충남,태안군,차대사람,기타,기타,안전운전 의무 불이행,단일로,기타단일로,승합차,보행자,880796,1855744,126.1656629,36.69221399
2018,2018-04-02 17,주,월,1,1,0,0,0,충남,태안군,차량단독,기타,기타,안전운전 의무 불이행,단일로,기타단일로,화물차,없음,894341,1861446,126.3164625,36.74520825
2018,2018-07-23 05,야,월,1,4,3,0,0,대전,서구,차량단독,공작물충돌,공작물충돌,과속,기타,기타,승용차,없음,984547,1810516,127.3279069,36.29182845
2018,2018-10-23 18,야,화,1,15,6,8,0,충남,논산시,차대차,기타,기타,안전운전 의무 불이행,단일로,기타단일로,승합차,화물차,959727,1797705,127.0521622,36.17561596
2018,2018-02-22 00,야,목,3,8,2,3,0,충북,청주시,차대차,추돌,추돌,안전운전 의무 불이행,단일로,기타단일로,승용차,특수차,993444,1843289.5,127.4267114,36.58739204
2018,2018-11-24 09,주,토,1,1,0,0,0,전북,전주시,차대차,기타,기타,신호위반,교차로,교차로내,승용차,이륜차,963770,1756228,127.0990163,35.8018299
2018,2018-07-31 07,주,화,1,8,1,6,0,전북,전주시,차대차,정면충돌,정면충돌,중앙선 침범,단일로,기타단일로,승용차,승용차,965124.1,1758643.3,127.1138974,35.82365535
2018,2018-04-07 05,야,토,1,1,0,0,0,전북,전주시,차대사람,횡단중,횡단중,과속,교차로,교차로내,승용차,보행자,966468,1755417,127.1289105,35.79461376
2018,2018-10-05 05,야,금,1,1,0,0,0,전북,전주시,차대사람,횡단중,횡단중,안전운전 의무 불이행,단일로,기타단일로,승용차,보행자,968368.3,1763117.9,127.1496351,35.86410839
2018,2018-11-01 18,야,목,1,1,0,0,0,전북,군산시,차대사람,횡단중,횡단중,보행자 보호의무 위반,교차로,교차로내,승용차,보행자,926639.6,1770282,126.6868016,35.92645733
2018,2018-05-22 14,주,화,1,1,0,0,0,전북,군산시,차대차,기타,기타,안전운전 의무 불이행,단일로,기타단일로,승용차,이륜차,931729.7,1776447.2,126.7426903,35.9824069
2018,2018-10-10 04,야,수,1,1,0,0,0,전북,군산시,차량단독,공작물충돌,공작물충돌,안전운전 의무 불이행,단일로,기타단일로,화물차,없음,911960.6,1748684.1,126.5264857,35.73054221
2018,2018-06-15 00,야,금,1,1,0,0,0,전북,군산시,차량단독,공작물충돌,공작물충돌,안전운전 의무 불이행,교차로,교차로부근,원동기장치자전거,없음,913076.2,1772237.9,126.5362552,35.94297686
2018,2018-02-01 23,야,목,1,1,0,0,0,전북,군산시,차량단독,공작물충돌,공작물충돌,중앙선 침범,단일로,기타단일로,승용차,없음,938389,1771869,126.8169113,35.9415763
2018,2018-07-10 18,야,화,1,1,0,0,0,전북,익산시,차량단독,공작물충돌,공작물충돌,안전운전 의무 불이행,단일로,기타단일로,승용차,없음,954984,1773875,127.0007809,35.96056775
2018,2018-02-03 00,야,토,2,2,0,0,0,전북,정읍시,차량단독,공작물충돌,공작물충돌,안전운전 의무 불이행,단일로,기타단일로,승용차,없음,941082.7,1731598.5,126.8497361,35.57867499
2018,2018-09-14 15,주,금,1,2,0,1,0,전북,정읍시,차량단독,공작물충돌,공작물충돌,안전운전 의무 불이행,단일로,기타단일로,화물차,없음,947599,1745873,126.9207241,35.70774066
2018,2018-02-24 09,주,토,1,1,0,0,0,전북,김제시,차대사람,횡단중,횡단중,안전운전 의무 불이행,교차로,교차로내,화물차,보행자,938717,1747829,126.8223929,35.72486285
2018,2018-09-29 21,야,토,1,1,0,0,0,전북,김제시,차대차,측면충돌,측면충돌,직진 및 우회전차의 통행방해,교차로,교차로내,자전거,승용차,944145.8,1756686.2,126.8817984,35.80504037
2018,2018-11-25 10,주,일,1,1,0,0,0,전북,남원시,차량단독,공작물충돌,공작물충돌,안전운전 의무 불이행,단일로,기타단일로,승용차,없음,1001296,1716737.4,127.5142805,35.4464304
2018,2018-04-30 14,주,월,1,1,0,0,0,전북,남원시,차량단독,기타,기타,안전운전 의무 불이행,단일로,기타단일로,화물차,없음,976356,1703683,127.2398489,35.32844162
2018,2018-01-28 04,야,일,1,1,0,0,0,전북,남원시,차대차,추돌,추돌,안전운전 의무 불이행,단일로,기타단일로,승용차,특수차,988382,1712073,127.3720493,35.40430549
2018,2018-04-11 08,주,수,1,1,0,0,0,전북,고창군,차대차,측면충돌,측면충돌,안전운전 의무 불이행,교차로,교차로횡단보도내,승용차,자전거,919093.4,1720625.2,126.6081607,35.47819115
2018,2018-04-22 14,주,일,1,1,0,0,0,전북,고창군,차량단독,공작물충돌,공작물충돌,안전운전 의무 불이행,단일로,기타단일로,화물차,없음,928121,1724926,126.7072827,35.51766078
2018,2018-09-17 05,야,월,1,1,0,0,0,전북,임실군,차대사람,차도통행중,차도통행중,안전운전 의무 불이행,단일로,기타단일로,승용차,보행자,984013,1734630,127.3234885,35.60763336
2018,2018-09-14 13,주,금,1,2,0,1,0,전북,진안군,차대차,추돌,추돌,안전운전 의무 불이행,단일로,기타단일로,승용차,승용차,986174,1755224,127.3469936,35.79334892
2018,2018-04-21 09,주,토,1,1,0,0,0,전북,무주군,차대사람,횡단중,횡단중,안전운전 의무 불이행,교차로,교차로내,승용차,보행자,1014108.2,1778690.5,127.6565455,36.00492033
2018,2018-12-15 00,야,토,1,1,0,0,0,전북,완주군,차대사람,횡단중,횡단중,보행자 보호의무 위반,교차로,교차로횡단보도내,승용차,보행자,968017.2,1773197,127.145341,35.95496921
2018,2018-01-01 22,야,월,1,1,0,0,0,전북,완주군,차량단독,도로이탈,도로이탈 기타,안전운전 의무 불이행,단일로,기타단일로,자전거,없음,968303,1771557.5,127.1485756,35.94019705
2018,2018-05-05 16,주,토,1,1,0,0,0,전북,완주군,차대차,측면충돌,측면충돌,중앙선 침범,단일로,기타단일로,화물차,이륜차,965596,1745987.5,127.1196652,35.70956611
2018,2018-06-12 17,주,화,1,1,0,0,0,전북,무주군,차대차,추돌,추돌,안전운전 의무 불이행,단일로,기타단일로,화물차,화물차,1013218,1761013,127.6463738,35.84555199
2018,2018-07-18 23,야,수,1,5,3,1,0,충남,서천군,차량단독,기타,기타,안전운전 의무 불이행,단일로,기타단일로,승용차,없음,925636,1789649,126.6738577,36.1009747
2018,2018-08-20 01,야,월,1,3,1,1,0,충남,당진시,차대사람,기타,기타,안전운전 의무 불이행,단일로,기타단일로,승용차,보행자,928905,1877131,126.7021221,36.88981099
2018,2018-03-15 05,야,목,1,2,0,1,0,충남,당진시,차대차,추돌,추돌,과속,단일로,기타단일로,승용차,화물차,935504,1881762,126.7757805,36.93202828
2018,2018-07-30 09,주,월,1,1,0,0,0,전남,신안군,차대사람,기타,기타,안전운전 의무 불이행,기타,기타,화물차,보행자,882468,1674613,126.2111012,35.05974476
2018,2018-07-29 03,야,일,1,1,0,0,0,전남,목포시,차대사람,횡단중,횡단중,안전운전 의무 불이행,단일로,기타단일로,승용차,보행자,897797,1646813,126.3825787,34.81077484
2018,2018-03-07 00,야,수,1,3,1,1,0,전남,신안군,차대차,기타,기타,교차로 통행방법 위반,교차로,교차로내,승용차,승용차,856794,1636494,125.9361609,34.71281352
2018,2018-12-23 05,야,일,1,1,0,0,0,전남,여수시,차대사람,횡단중,횡단중,신호위반,교차로,교차로부근,승용차,보행자,1020123,1637788,127.7198137,34.73432197
2018,2018-08-28 16,주,화,1,1,0,0,0,전남,여수시,차대사람,횡단중,횡단중,안전운전 의무 불이행,교차로,교차로내,승용차,보행자,1022516.8,1638863.9,127.745991,34.74397417
2018,2018-01-27 13,주,토,1,1,0,0,0,전남,순천시,차대사람,횡단중,횡단중,안전운전 의무 불이행,단일로,기타단일로,승용차,보행자,1002707,1661757,127.5296474,34.95066136
2018,2018-09-03 22,야,월,1,1,0,0,0,전남,순천시,차대사람,횡단중,횡단중,안전운전 의무 불이행,단일로,기타단일로,승용차,보행자,998613,1662448,127.4848082,34.95689512
2018,2018-10-29 13,주,월,1,1,0,0,0,전남,순천시,차대사람,기타,기타,안전운전 의무 불이행,단일로,교량위,화물차,보행자,978504,1667843,127.2644167,35.00531672
2018,2018-04-16 14,주,월,1,1,0,0,0,전남,순천시,차대차,추돌,추돌,안전운전 의무 불이행,단일로,기타단일로,승합차,농기계,993662,1687072,127.4303919,35.17891906
2018,2018-10-31 08,주,수,1,2,0,1,0,전남,순천시,차대차,기타,기타,과속,단일로,기타단일로,승용차,화물차,1003346,1663815,127.5366541,34.96921746
2018,2018-07-21 09,주,토,1,1,0,0,0,전남,나주시,차대사람,횡단중,횡단중,안전운전 의무 불이행,단일로,기타단일로,화물차,보행자,936757,1672454,126.8065634,35.04514286
2018,2018-11-26 13,주,월,1,1,0,0,0,전남,나주시,차대사람,횡단중,횡단중,안전운전 의무 불이행,교차로,교차로내,승합차,보행자,929023,1671271,126.7218705,35.033962
2018,2018-09-07 18,야,금,1,3,2,0,0,전남,장흥군,차대차,정면충돌,정면충돌,중앙선 침범,단일로,기타단일로,승용차,화물차,938419,1639943,126.8271803,34.75209505
2018,2018-08-22 13,주,수,1,1,0,0,0,전남,고흥군,차대차,기타,기타,안전운전 의무 불이행,단일로,기타단일로,사륜오토바이(ATV),승용차,970729,1623178,127.180765,34.60235069
2018,2018-09-30 03,야,일,1,1,0,0,0,전남,고흥군,차량단독,공작물충돌,공작물충돌,안전운전 의무 불이행,단일로,기타단일로,승용차,없음,984495.8,1642639.4,127.3305502,34.77815135
2018,2018-12-05 06,주,수,1,1,0,0,0,전남,해남군,차대사람,횡단중,횡단중,안전운전 의무 불이행,단일로,기타단일로,승용차,보행자,913005,1607437,126.5528756,34.45714479
2018,2018-07-28 11,주,토,1,1,0,0,0,전남,보성군,차대차,추돌,추돌,안전운전 의무 불이행,교차로,교차로내,이륜차,화물차,969300,1641222,127.1645246,34.76502532
2018,2018-12-06 22,야,목,1,1,0,0,0,전남,영광군,차대차,추돌,추돌,안전운전 의무 불이행,단일로,기타단일로,승용차,화물차,910967,1694868,126.5214004,35.2452799
2018,2018-09-21 17,주,금,1,2,0,1,0,전남,영광군,차대차,측면충돌,측면충돌,안전운전 의무 불이행,단일로,기타단일로,승용차,승용차,911832,1694240,126.5309741,35.23969448
2018,2018-04-01 10,주,일,1,1,0,0,0,전남,영광군,차량단독,도로이탈,도로이탈 추락,안전운전 의무 불이행,단일로,기타단일로,승용차,없음,912308,1698455,126.535755,35.27773775
2018,2018-07-01 16,주,일,1,1,0,0,0,전남,영광군,차량단독,전복,전복,안전운전 의무 불이행,단일로,기타단일로,농기계,없음,916990.7,1700693.9,126.5870125,35.29832279
2018,2018-06-28 14,주,목,1,1,0,0,0,전남,화순군,차량단독,전도,전도,안전운전 의무 불이행,단일로,기타단일로,이륜차,없음,946611,1666782,126.9149678,34.99456819
2018,2018-11-03 18,야,토,1,1,0,0,0,전남,영암군,차량단독,도로이탈,도로이탈 기타,안전운전 의무 불이행,교차로,교차로내,농기계,없음,933757.6,1650557.9,126.7754174,34.84751776
2018,2018-01-10 09,주,수,1,2,1,0,0,전남,영암군,차량단독,공작물충돌,공작물충돌,안전운전 의무 불이행,단일로,기타단일로,승용차,없음,898432.5,1640756.3,126.3902573,34.75623083
2018,2018-03-19 02,야,월,1,1,0,0,0,전남,장성군,차량단독,공작물충돌,공작물충돌,안전운전 의무 불이행,교차로,교차로내,승용차,없음,946635,1710975,126.9123684,35.39304357
2018,2018-01-29 07,주,월,1,1,0,0,0,전남,장성군,차대차,정면충돌,정면충돌,안전운전 의무 불이행,단일로,기타단일로,화물차,자전거,933136,1702770,126.7644044,35.31825149
2018,2018-06-01 20,야,금,1,1,0,0,0,전남,담양군,차량단독,기타,기타,안전운전 의무 불이행,단일로,기타단일로,승용차,없음,958892,1706220,127.047572,35.35075073
2018,2018-09-20 13,주,목,1,1,0,0,0,전남,담양군,차대차,추돌,추돌,안전운전 의무 불이행,교차로,교차로부근,승용차,이륜차,944284,1696249.6,126.8874838,35.26014423
2018,2018-03-25 15,주,일,1,2,0,1,0,전남,무안군,차대차,기타,기타,안전운전 의무 불이행,기타,기타,화물차,이륜차,897543.2,1668693.7,126.3771213,35.0080223
2018,2018-05-25 09,주,금,1,1,0,0,0,전남,무안군,차대차,측면충돌,측면충돌,안전운전 의무 불이행,교차로,교차로부근,화물차,사륜오토바이(ATV),902255,1657713,126.4300399,34.90948784
2018,2018-10-02 23,야,화,1,1,0,0,0,전남,무안군,차량단독,공작물충돌,공작물충돌,안전운전 의무 불이행,단일로,기타단일로,화물차,없음,907950.8,1667906.7,126.4912542,35.00192822
2018,2018-12-30 20,야,일,1,1,0,0,0,전남,광양시,차대사람,횡단중,횡단중,안전운전 의무 불이행,단일로,기타단일로,승용차,보행자,1018075,1659802,127.697917,34.93287451
2018,2018-12-02 22,야,일,1,1,0,0,0,전남,구례군,차대사람,차도통행중,차도통행중,안전운전 의무 불이행,단일로,기타단일로,화물차,보행자,998724,1690305,127.4859811,35.20809071
2018,2018-02-12 15,주,월,1,1,0,0,0,전북,익산시,차대차,측면충돌,측면충돌,안전운전 의무 불이행,단일로,기타단일로,화물차,승용차,964244,1781101,127.1031439,36.02609871
2018,2018-12-18 02,야,화,1,1,0,0,0,경북,경주시,차량단독,전도,전도,안전운전 의무 불이행,단일로,지하차도(도로)내,화물차,없음,1164206,1748995,129.3155153,35.72358527
2018,2018-08-07 21,야,화,1,1,0,0,0,경북,경주시,차대사람,횡단중,횡단중,과속,단일로,기타단일로,승용차,보행자,1164237,1756130,129.3173198,35.78787906
2018,2018-05-11 19,야,금,1,1,0,0,0,경북,경주시,차대사람,횡단중,횡단중,안전운전 의무 불이행,교차로,교차로부근,승용차,보행자,1163717,1754243,129.3111826,35.77096069
2018,2018-12-19 18,야,수,1,1,0,0,0,경북,경주시,차대사람,차도통행중,차도통행중,안전운전 의무 불이행,단일로,기타단일로,승용차,보행자,1164050,1748956,129.3137833,35.72325982
2018,2018-05-25 20,야,금,1,1,0,0,0,경북,경주시,차대차,측면충돌,측면충돌,중앙선 침범,단일로,기타단일로,사륜오토바이(ATV),승용차,1157520,1775625,129.2468802,35.96466697
2018,2018-09-21 05,야,금,1,1,0,0,0,경북,포항시,차대사람,보도통행중,보도통행중,과속,교차로,교차로횡단보도내,승용차,보행자,1168076,1783982,129.3656648,36.03821231
2018,2018-09-21 21,야,금,1,1,0,0,0,경북,포항시,차대사람,횡단중,횡단중,안전운전 의무 불이행,단일로,기타단일로,이륜차,보행자,1169148,1786031,129.3779971,36.05649018
2018,2018-08-09 00,야,목,1,1,0,0,0,경북,포항시,차량단독,공작물충돌,공작물충돌,안전운전 의무 불이행,단일로,고가도로위,이륜차,없음,1167540,1783964,129.3597142,36.03814252
2018,2018-06-05 04,야,화,1,1,0,0,0,경북,포항시,차대사람,횡단중,횡단중,안전운전 의무 불이행,단일로,기타단일로,승용차,보행자,1167344,1783097,129.3573561,36.03036358
2018,2018-01-22 18,야,월,1,1,0,0,0,경북,안동시,차대차,정면충돌,정면충돌,안전운전 의무 불이행,교차로,교차로내,화물차,이륜차,1107647,1839358,128.702702,36.54590619
2018,2018-05-05 12,주,토,1,1,0,0,0,경북,안동시,차량단독,공작물충돌,공작물충돌,안전운전 의무 불이행,단일로,기타단일로,이륜차,없음,1097109,1842120,128.5853329,36.57193071
2018,2018-12-27 10,주,목,1,1,0,0,0,경북,안동시,차량단독,도로이탈,도로이탈 추락,기타(운전자법규위반),단일로,기타단일로,승용차,없음,1116366,1857303,128.802814,36.7066163
2018,2018-12-11 02,야,화,1,1,0,0,0,경북,안동시,차량단독,도로이탈,도로이탈 기타,안전운전 의무 불이행,단일로,기타단일로,승용차,없음,1133871,1845360,128.9966555,36.59668176
2018,2018-10-09 21,야,화,1,1,0,0,0,경북,김천시,차대사람,차도통행중,차도통행중,안전거리 미확보,단일로,기타단일로,승용차,보행자,1059140,1794197,128.1573652,36.14302239
2018,2018-02-09 10,주,금,1,1,0,0,0,경북,의성군,차량단독,도로이탈,도로이탈 추락,안전운전 의무 불이행,교차로,교차로부근,사륜오토바이(ATV),없음,1106970,1818636,128.6922772,36.35920865
2018,2018-07-14 10,주,토,1,1,0,0,0,경북,의성군,차대차,측면충돌,측면충돌,안전운전 의무 불이행,단일로,기타단일로,화물차,자전거,1119627,1821880,128.8338174,36.38695578
2018,2018-10-22 19,야,월,1,1,0,0,0,경북,영주시,차대사람,횡단중,횡단중,안전운전 의무 불이행,교차로,교차로부근,화물차,보행자,1089653,1867900,128.505033,36.80502864
2018,2018-07-21 14,주,토,1,3,2,0,0,경북,영주시,차대차,정면충돌,정면충돌,중앙선 침범,단일로,기타단일로,화물차,승용차,1091179,1877857,128.523333,36.89462747
2018,2018-07-23 13,주,월,1,1,0,0,0,경북,칠곡군,차량단독,공작물충돌,공작물충돌,안전운전 의무 불이행,단일로,기타단일로,승용차,없음,1095309,1790632,128.5589166,36.10800562
2018,2018-08-10 10,주,금,1,1,0,0,0,경북,칠곡군,차량단독,공작물충돌,공작물충돌,안전운전 의무 불이행,교차로,교차로부근,승용차,없음,1080754,1774896,128.395617,35.9674691
2018,2018-11-23 15,주,금,1,1,0,0,0,경북,영천시,차량단독,공작물충돌,공작물충돌,안전운전 의무 불이행,단일로,기타단일로,특수차,없음,1127359,1776227,128.9125967,35.97449573
2018,2018-02-10 11,주,토,1,1,0,0,0,경북,영천시,차대사람,횡단중,횡단중,안전운전 의무 불이행,교차로,교차로부근,건설기계,보행자,1123769,1771426,128.8720402,35.93168442
2018,2018-11-14 02,야,수,1,1,0,0,0,경북,영천시,차량단독,공작물충돌,공작물충돌,중앙선 침범,단일로,기타단일로,승용차,없음,1123759,1765269,128.8709717,35.87618957
2018,2018-08-18 15,주,토,1,1,0,0,0,경북,영천시,차량단독,기타,기타,안전운전 의무 불이행,단일로,기타단일로,이륜차,없음,1112083,1788874,128.7449949,36.09036773
2018,2018-08-20 19,야,월,1,1,0,0,0,경북,경산시,차대사람,횡단중,횡단중,보행자 보호의무 위반,교차로,교차로횡단보도내,승합차,보행자,1110881,1759138,128.7274914,35.82246754
2018,2018-05-15 23,야,화,1,1,0,0,0,경북,경산시,차대차,추돌,추돌,안전운전 의무 불이행,단일로,기타단일로,승용차,자전거,1110382,1755140,128.7214164,35.78648512
2018,2018-01-08 07,주,월,1,2,1,0,0,경북,경산시,차대차,추돌,추돌,안전운전 의무 불이행,단일로,지하차도(도로)내,승용차,화물차,1111537,1752248,128.7337915,35.7602856
2018,2018-03-29 00,야,목,1,1,0,0,0,경북,경산시,차량단독,전도,전도,안전운전 의무 불이행,단일로,기타단일로,이륜차,없음,1112305,1757479,128.7430191,35.80735115
2018,2018-03-13 22,야,화,1,1,0,0,0,경북,경산시,차대사람,횡단중,횡단중,안전운전 의무 불이행,단일로,기타단일로,승합차,보행자,1121776,1767550,128.8493588,35.89699829
2018,2018-02-04 04,야,일,1,1,0,0,0,경북,경산시,차량단독,전복,전복,안전운전 의무 불이행,교차로,교차로내,승용차,없음,1117870,1756660,128.8044792,35.79931618
2018,2018-05-10 18,야,목,1,1,0,0,0,경북,예천군,차대차,측면충돌,측면충돌,안전운전 의무 불이행,교차로,교차로내,화물차,이륜차,1085138,1850825,128.4525223,36.65153852
2018,2018-03-17 20,야,토,1,1,0,0,0,경북,예천군,차대사람,차도통행중,차도통행중,안전운전 의무 불이행,단일로,기타단일로,화물차,보행자,1072164,1832715,128.3056861,36.48936387
2018,2018-12-22 08,주,토,1,1,0,0,0,경북,예천군,차대사람,차도통행중,차도통행중,과속,단일로,기타단일로,승용차,보행자,1089753,1846922,128.5036914,36.6159344
2018,2018-07-17 08,주,화,1,1,0,0,0,경북,청도군,차대사람,길가장자리구역통행중,길가장자리구역통행중,중앙선 침범,기타,기타,승용차,보행자,1120382,1744406,128.8304336,35.68855518
2018,2018-03-13 10,주,화,1,1,0,0,0,경북,청도군,차량단독,전도,전도,안전운전 의무 불이행,기타,기타,사륜오토바이(ATV),없음,1127659,1747289,128.911294,35.71362597
2018,2018-07-27 02,야,금,1,1,0,0,0,경북,성주군,차량단독,공작물충돌,공작물충돌,안전운전 의무 불이행,단일로,기타단일로,승용차,없음,1072916,1771385,128.3083739,35.93643431