발생년,발생년월일시,주야,요일,사망자수,부상자수,중상자수,경상자수,부상신고자수,발생지시도,발생지시군구,사고유형_대분류,사고유형_중분류,사고유형,가해자법규위반,도로형태_대분류,도로형태,가해자_당사자종별,피해자_당사자종별,발생위치X_UTMK,발생위치Y_UTMK,경도,위도
2018,2018-11-13 04,야,화,1,1,0,0,0,서울,중구,차대차,추돌,추돌,신호위반,교차로,교차로내,자전거,화물차,953467,1950667,126.9731706,37.55417442
2018,2018-11-27 07,주,화,1,1,0,0,0,서울,종로구,차대사람,횡단중,횡단중,안전운전 의무 불이행,단일로,기타단일로,승합차,보행자,953238,1952341,126.9704712,37.5692509
2018,2018-09-10 06,주,월,1,3,0,2,0,서울,종로구,차대차,측면충돌,측면충돌,안전운전 의무 불이행,단일로,터널안,이륜차,승용차,951441,1956827,126.9498255,37.6095907
2018,2018-05-03 00,야,목,1,1,0,0,0,서울,종로구,차대사람,차도통행중,차도통행중,신호위반,단일로,기타단일로,승용차,보행자,957092,1952676,127.0140925,37.57245802
2018,2018-06-09 09,주,토,2,3,1,0,0,서울,용산구,차대차,기타,기타,안전운전 의무 불이행,교차로,교차로내,승용차,이륜차,953804,1947043,126.9772139,37.52152743
2018,2018-05-28 10,주,월,1,1,0,0,0,서울,용산구,차대사람,횡단중,횡단중,신호위반,교차로,교차로횡단보도내,승용차,보행자,952998,1947943,126.9680354,37.52959862
2018,2018-02-04 05,야,일,1,1,0,0,0,서울,성북구,차대사람,횡단중,횡단중,안전운전 의무 불이행,단일로,기타단일로,승용차,보행자,956568,1954537,127.0080483,37.58920703
2018,2018-10-05 07,주,금,1,1,0,0,0,서울,강북구,차대사람,횡단중,횡단중,보행자 보호의무 위반,교차로,교차로내,건설기계,보행자,957914,1959460,127.0230106,37.63364149
2018,2018-03-12 06,주,월,1,1,0,0,0,서울,강북구,차대사람,횡단중,횡단중,신호위반,단일로,기타단일로,승용차,보행자,958596,1959618,127.030731,37.63509656
2018,2018-09-03 02,야,월,1,1,0,0,0,서울,동대문구,차대사람,기타,기타,안전운전 의무 불이행,교차로,교차로부근,화물차,보행자,959707,1954136,127.0436246,37.58573555
2018,2018-12-08 07,주,토,1,2,1,0,0,서울,광진구,차대차,정면충돌,정면충돌,중앙선 침범,단일로,교량위,승용차,승용차,961134,1948530,127.0600841,37.53526833
2018,2018-12-01 17,주,토,1,1,0,0,0,서울,광진구,차대차,측면충돌,측면충돌,안전운전 의무 불이행,단일로,기타단일로,자전거,건설기계,963435.5,1949696.2,127.0860756,37.54587389
2018,2018-10-07 18,야,일,1,3,2,0,0,서울,영등포구,차대차,측면충돌,측면충돌,중앙선 침범,단일로,기타단일로,승용차,승합차,948676,1947658,126.9191415,37.52679941
2018,2018-11-17 19,야,토,1,1,0,0,0,서울,영등포구,차대사람,기타,기타,보행자 보호의무 위반,교차로,교차로내,화물차,보행자,947665,1946330,126.9077947,37.51477312
2018,2018-02-04 02,야,일,1,1,0,0,0,서울,영등포구,차대차,측면충돌,측면충돌,안전운전 의무 불이행,교차로,교차로내,자전거,승용차,948884,1947371,126.9215154,37.52422418
2018,2018-07-09 15,주,월,1,1,0,0,0,서울,금천구,차대사람,횡단중,횡단중,보행자 보호의무 위반,교차로,교차로횡단보도내,화물차,보행자,946953,1939692,126.9002168,37.45490286
2018,2018-03-18 17,주,일,1,1,0,0,0,서울,성동구,차량단독,기타,기타,안전운전 의무 불이행,단일로,기타단일로,이륜차,없음,958684,1951628,127.0321794,37.56308495
2018,2018-01-09 21,야,화,1,1,0,0,0,서울,성동구,차대사람,횡단중,횡단중,보행자 보호의무 위반,교차로,교차로횡단보도내,화물차,보행자,959779,1949950,127.0446698,37.54800911
2018,2018-05-12 19,야,토,1,1,0,0,0,서울,중랑구,차대사람,기타,기타,안전운전 의무 불이행,교차로,교차로내,승합차,보행자,963432,1955321,127.0857552,37.59657188
2018,2018-02-25 01,야,일,1,1,0,0,0,서울,중랑구,차대사람,차도통행중,차도통행중,안전운전 의무 불이행,단일로,기타단일로,승용차,보행자,964483,1954701,127.0976908,37.59102482
2018,2018-08-30 01,야,목,1,1,0,0,0,서울,강남구,차대사람,차도통행중,차도통행중,과속,교차로,교차로부근,승용차,보행자,960781,1945457,127.0562528,37.50755531
2018,2018-10-29 05,야,월,1,1,0,0,0,서울,강남구,차대사람,보도통행중,보도통행중,안전운전 의무 불이행,단일로,기타단일로,승용차,보행자,959710,1946601,127.0440725,37.51782046
2018,2018-05-09 08,주,수,1,1,0,0,0,서울,강동구,차대차,기타,기타,안전운전 의무 불이행,교차로,교차로내,건설기계,자전거,968603,1950860,127.1445227,37.55655427
2018,2018-04-22 20,야,일,1,1,0,0,0,서울,강동구,차대사람,횡단중,횡단중,보행자 보호의무 위반,단일로,기타단일로,승용차,보행자,967531,1948079,127.1325088,37.5314508
2018,2018-05-18 03,야,금,1,1,0,0,0,서울,송파구,차대차,추돌,추돌,안전운전 의무 불이행,단일로,기타단일로,승용차,화물차,967852,1944267,127.1363087,37.49710273
2018,2018-06-25 11,주,월,1,2,0,1,0,서울,송파구,차대사람,길가장자리구역통행중,길가장자리구역통행중,기타(운전자법규위반),교차로,교차로부근,승용차,보행자,969168,1944282,127.1511958,37.49728283
2018,2018-02-17 20,야,토,1,1,0,0,0,서울,구로구,차대사람,횡단중,횡단중,안전운전 의무 불이행,단일로,기타단일로,승합차,보행자,942229,1944896,126.8463989,37.50152396
2018,2018-09-17 15,주,월,1,1,0,0,0,서울,구로구,차대사람,횡단중,횡단중,안전운전 의무 불이행,교차로,교차로횡단보도내,승합차,보행자,947088,1942996,126.9015058,37.48469028
2018,2018-07-16 20,야,월,1,1,0,0,0,서울,구로구,차량단독,공작물충돌,공작물충돌,안전운전 의무 불이행,단일로,기타단일로,이륜차,없음,943541,1943991,126.8613111,37.49344829
2018,2018-04-28 21,야,토,1,1,0,0,0,서울,구로구,차대사람,횡단중,횡단중,안전운전 의무 불이행,단일로,기타단일로,승용차,보행자,944428,1944194,126.8713293,37.49533178
2018,2018-01-26 05,야,금,1,1,0,0,0,서울,구로구,차대사람,횡단중,횡단중,안전운전 의무 불이행,단일로,기타단일로,승용차,보행자,946450,1944086,126.8942103,37.49447787
2018,2018-05-24 01,야,목,1,1,0,0,0,서울,서초구,차대사람,횡단중,횡단중,안전운전 의무 불이행,단일로,기타단일로,승용차,보행자,957743,1945029,127.0219047,37.50356347
2018,2018-01-04 06,주,목,1,1,0,0,0,서울,서초구,차대사람,횡단중,횡단중,과속,교차로,교차로부근,승용차,보행자,956197,1942704,127.0045523,37.48253537
2018,2018-06-14 02,야,목,1,1,0,0,0,서울,양천구,차대차,기타,기타,안전운전 의무 불이행,단일로,지하차도(도로)내,이륜차,승용차,941835,1946024,126.8418524,37.51166595
2018,2018-03-11 21,야,일,1,1,0,0,0,서울,노원구,차대사람,기타,기타,안전운전 의무 불이행,기타,기타,승용차,보행자,960631,1964719,127.0535196,37.68116212
2018,2018-10-05 14,주,금,1,1,0,0,0,서울,도봉구,차대사람,횡단중,횡단중,안전운전 의무 불이행,교차로,교차로부근,승합차,보행자,958282,1961163,127.0270839,37.64900766
2018,2018-05-09 17,주,수,1,1,0,0,0,서울,도봉구,차대차,기타,기타,안전운전 의무 불이행,교차로,교차로부근,자전거,승용차,958974,1964339,127.0347496,37.67766451
2018,2018-12-11 09,주,화,1,1,0,0,0,서울,은평구,차대사람,기타,기타,안전운전 의무 불이행,단일로,기타단일로,승합차,보행자,947591,1957153,126.9061836,37.61231753
2018,2018-07-13 14,주,금,1,1,0,0,0,서울,은평구,차대차,기타,기타,부당한 회전,교차로,교차로횡단보도내,자전거,승용차,948966.3,1956621.9,126.9218026,37.60760809
2018,2018-10-06 16,주,토,1,1,0,0,0,부산,중구,차대사람,횡단중,횡단중,안전운전 의무 불이행,단일로,기타단일로,이륜차,보행자,1139001,1679604,129.0251046,35.10200454
2018,2018-05-19 01,야,토,1,2,0,1,0,부산,동구,차대사람,횡단중,횡단중,보행자 보호의무 위반,단일로,기타단일로,승용차,보행자,1142256,1683819,129.0615315,35.13954369
2018,2018-09-27 09,주,목,1,1,0,0,0,부산,서구,차대차,정면충돌,정면충돌,중앙선 침범,교차로,교차로부근,이륜차,승합차,1138976,1679019,129.0247322,35.09673475
2018,2018-01-17 06,주,수,1,1,0,0,0,부산,서구,차대사람,횡단중,횡단중,안전운전 의무 불이행,단일로,기타단일로,승용차,보행자,1138339,1681072,129.0180889,35.11532839
2018,2018-03-28 15,주,수,1,1,0,0,0,부산,남구,차대사람,횡단중,횡단중,안전운전 의무 불이행,단일로,기타단일로,특수차,보행자,1146893.8,1681693.1,129.1120448,35.11971492
2018,2018-01-21 06,주,일,1,1,0,0,0,부산,수영구,차대사람,횡단중,횡단중,안전운전 의무 불이행,교차로,교차로내,승용차,보행자,1147323,1685501,129.1174322,35.15397522
2018,2018-10-08 18,야,월,1,1,0,0,0,부산,해운대구,차대사람,횡단중,횡단중,안전운전 의무 불이행,단일로,기타단일로,승용차,보행자,1151383,1686840,129.1622353,35.165441
2018,2018-06-04 02,야,월,1,1,0,0,0,부산,부산진구,차대사람,기타,기타,안전운전 의무 불이행,단일로,기타단일로,화물차,보행자,1139502,1685347,129.0315689,35.15370281
2018,2018-03-14 15,주,수,1,1,0,0,0,부산,강서구,차대차,측면충돌,측면충돌,안전운전 의무 불이행,교차로,교차로내,승용차,자전거,1129670.1,1678926.3,128.9226499,35.09713995
2018,2018-09-01 03,야,토,1,1,0,0,0,부산,사상구,차대사람,차도통행중,차도통행중,과속,단일로,기타단일로,승용차,보행자,1135301,1688429.2,128.9859663,35.18206041
2018,2018-07-24 22,야,화,1,1,0,0,0,부산,기장군,차대사람,기타,기타,과속,단일로,기타단일로,승용차,보행자,1155730,1692665,129.2110488,35.21727821
2018,2018-05-30 22,야,수,1,1,0,0,0,경남,양산시,차대차,추돌,추돌,안전운전 의무 불이행,단일로,기타단일로,화물차,화물차,1143455,1718990,129.0808429,35.45638962
2018,2018-09-05 11,주,수,1,1,0,0,0,울산,울주군,차대차,추돌,추돌,안전운전 의무 불이행,단일로,기타단일로,화물차,화물차,1154804,1731954,129.2083328,35.57152746
2018,2018-10-17 13,주,수,1,6,0,5,0,부산,기장군,차대차,추돌,추돌,안전운전 의무 불이행,단일로,기타단일로,화물차,화물차,1157066,1700000,129.2271238,35.28317997
2018,2018-11-08 00,야,목,1,1,0,0,0,경기,수원시,차대사람,횡단중,횡단중,과속,교차로,교차로내,승용차,보행자,956452,1921624,127.0086779,37.29254274
2018,2018-11-13 19,야,화,1,1,0,0,0,경기,성남시,차대차,측면충돌,측면충돌,신호위반,교차로,교차로내,이륜차,승용차,968374,1940719,127.1423664,37.46514079
2018,2018-02-27 10,주,화,1,1,0,0,0,경기,평택시,차대사람,횡단중,횡단중,안전운전 의무 불이행,교차로,교차로횡단보도내,화물차,보행자,957458,1891110,127.0217631,37.01753985
2018,2018-02-16 16,주,금,1,2,1,0,0,경기,평택시,차대차,기타,기타,과속,단일로,기타단일로,승용차,승용차,956770,1903463,127.0133181,37.12885828
2018,2018-08-16 20,야,목,1,1,0,0,0,경기,평택시,차대사람,횡단중,횡단중,안전운전 의무 불이행,교차로,교차로횡단보도내,화물차,보행자,966299,1888147,127.1212797,36.99118958
2018,2018-06-27 06,주,수,1,1,0,0,0,경기,평택시,차대차,정면충돌,정면충돌,중앙선 침범,단일로,기타단일로,화물차,승용차,947214,1879616,126.9074136,36.91341304
2018,2018-08-30 02,야,목,1,1,0,0,0,경기,평택시,차대사람,기타,기타,안전운전 의무 불이행,단일로,기타단일로,승용차,보행자,952545,1894805,126.9663025,37.05061112
2018,2018-12-19 20,야,수,1,1,0,0,0,경기,평택시,차대차,측면충돌,측면충돌,신호위반,교차로,교차로내,승용차,이륜차,966688,1888224,127.1256476,36.99189754
2018,2018-12-05 10,주,수,1,1,0,0,0,경기,평택시,차대차,기타,기타,부당한 회전,단일로,기타단일로,화물차,화물차,943335,1890100,126.8630829,37.00768992
2018,2018-11-05 06,주,월,1,1,0,0,0,경기,안양시,차대사람,횡단중,횡단중,안전운전 의무 불이행,교차로,교차로횡단보도내,승용차,보행자,951918,1933692,126.9567428,37.40109421
2018,2018-12-26 16,주,수,1,1,0,0,0,경기,안양시,차대차,측면충돌,측면충돌,부당한 회전,교차로,교차로부근,자전거,승합차,952235,1933135,126.9603603,37.39609014
2018,2018-11-26 18,야,월,1,1,0,0,0,경기,이천시,차대사람,횡단중,횡단중,안전운전 의무 불이행,교차로,교차로내,화물차,보행자,990892,1913244,127.3973416,37.21798035
2018,2018-09-01 16,주,토,1,1,0,0,0,경기,이천시,차대사람,기타,기타,안전운전 의무 불이행,단일로,기타단일로,승용차,보행자,989272,1911622,127.3791056,37.20334226
2018,2018-02-06 03,야,화,1,1,0,0,0,경기,이천시,차량단독,공작물충돌,공작물충돌,안전운전 의무 불이행,단일로,기타단일로,승합차,없음,996687,1923224,127.4626139,37.30797894
2018,2018-01-24 08,주,수,1,2,0,1,0,경기,이천시,차대차,추돌,추돌,안전운전 의무 불이행,교차로,교차로부근,화물차,화물차,1010295,1901840,127.6158803,37.11517055
2018,2018-03-22 18,야,목,1,1,0,0,0,경기,광주시,차대차,추돌,추돌,안전운전 의무 불이행,단일로,교량위,건설기계,자전거,978792,1934981,127.2603392,37.41371811
2018,2018-10-16 18,야,화,1,1,0,0,0,경기,광주시,차대사람,횡단중,횡단중,안전운전 의무 불이행,단일로,기타단일로,승용차,보행자,981113,1941327,127.286405,37.47096926
2018,2018-04-10 23,야,화,1,3,2,0,0,경기,여주시,차대차,측면충돌,측면충돌,안전운전 의무 불이행,단일로,기타단일로,승용차,승용차,1007033,1922287,127.5793561,37.29951215
2018,2018-08-31 00,야,금,1,1,0,0,0,경기,여주시,차대사람,횡단중,횡단중,과속,교차로,교차로부근,승용차,보행자,1012216,1918833,127.637781,37.26832424
2018,2018-07-19 20,야,목,1,1,0,0,0,경기,용인시,차대사람,횡단중,횡단중,안전운전 의무 불이행,교차로,교차로내,승용차,보행자,975412,1923257,127.2225333,37.30795704
2018,2018-10-30 15,주,화,1,1,0,0,0,경기,용인시,차대차,추돌,추돌,안전운전 의무 불이행,교차로,교차로내,건설기계,승용차,974167,1915231,127.2087629,37.23557771
2018,2018-02-07 22,야,수,1,2,0,1,0,경기,김포시,차대차,추돌,추돌,안전운전 의무 불이행,단일로,기타단일로,승용차,화물차,925047,1963382,126.650133,37.66689449
2018,2018-06-01 07,주,금,1,1,0,0,0,경기,김포시,차대사람,기타,기타,보행자 보호의무 위반,교차로,교차로횡단보도내,승용차,보행자,926323,1960296,126.6649112,37.63918535
2018,2018-08-07 10,주,화,1,1,0,0,0,경기,김포시,차대차,기타,기타,안전운전 의무 불이행,단일로,기타단일로,화물차,이륜차,918948,1957517,126.5816372,37.61351888
2018,2018-12-27 19,야,목,1,1,0,0,0,경기,김포시,차대사람,차도통행중,차도통행중,안전거리 미확보,교차로,교차로부근,특수차,보행자,925891,1962930,126.6597478,37.66288942
2018,2018-09-17 08,주,월,1,1,0,0,0,경기,김포시,차대사람,기타,기타,안전운전 의무 불이행,교차로,교차로내,이륜차,보행자,929945,1959099,126.7060757,37.62868071
2018,2018-09-05 18,야,수,1,1,0,0,0,경기,김포시,차대차,기타,기타,안전운전 의무 불이행,교차로,교차로내,이륜차,화물차,916886,1966990,126.5571976,37.69870738
2018,2018-12-29 18,야,토,1,2,0,1,0,경기,양평군,차대차,기타,기타,안전거리 미확보,단일로,기타단일로,화물차,건설기계,1000274,1944676,127.5031,37.50134911
2018,2018-12-19 05,야,수,1,1,0,0,0,경기,양평군,차대차,기타,기타,안전운전 의무 불이행,단일로,기타단일로,승용차,화물차,988982,1946812,127.3753139,37.52053649
2018,2018-09-09 23,야,일,1,1,0,0,0,경기,부천시,차대사람,기타,기타,안전운전 의무 불이행,교차로,교차로부근,승용차,보행자,936475,1942475,126.7815137,37.47932545
2018,2018-07-07 07,주,토,1,1,0,0,0,경기,오산시,차대사람,보도통행중,보도통행중,안전운전 의무 불이행,교차로,교차로부근,승용차,보행자,960558,1906932,127.0557792,37.16029503
2018,2018-09-27 23,야,목,1,1,0,0,0,경기,화성시,차량단독,공작물충돌,공작물충돌,안전운전 의무 불이행,단일로,기타단일로,이륜차,없음,957827,1911880,127.0247426,37.20477624
2018,2018-03-07 22,야,수,1,1,0,0,0,경기,화성시,차대사람,횡단중,횡단중,안전운전 의무 불이행,단일로,기타단일로,승합차,보행자,961991,1914337,127.0715412,37.22710223
2018,2018-08-22 22,야,수,1,1,0,0,0,경기,부천시,차대차,추돌,추돌,안전운전 의무 불이행,단일로,기타단일로,화물차,화물차,936383,1945972,126.7801708,37.51083745
2018,2018-10-20 00,야,토,1,2,1,0,0,경기,부천시,차대사람,횡단중,횡단중,신호위반,교차로,교차로횡단보도내,승용차,보행자,935213,1943944,126.7671118,37.49247782
2018,2018-12-11 07,주,화,1,1,0,0,0,경기,부천시,차대사람,횡단중,횡단중,과속,단일로,기타단일로,승용차,보행자,934370,1944450,126.7575312,37.49697881
2018,2018-12-29 22,야,토,1,1,0,0,0,경기,부천시,차대차,후진중충돌,후진중충돌,안전운전 의무 불이행,교차로,교차로내,승용차,승용차,937206,1944499,126.7896082,37.49761773
2018,2018-02-10 01,야,토,1,1,0,0,0,경기,광명시,차대사람,횡단중,횡단중,안전운전 의무 불이행,단일로,기타단일로,화물차,보행자,944710,1940222,126.8748176,37.45954843
2018,2018-03-15 13,주,목,1,1,0,0,0,경기,광명시,차대차,측면충돌,측면충돌,신호위반,교차로,교차로내,이륜차,승용차,946311,1939365,126.8929822,37.45191848
2018,2018-10-30 18,야,화,1,1,0,0,0,경기,안산시,차대사람,횡단중,횡단중,보행자 보호의무 위반,교차로,교차로내,승용차,보행자,935003,1926730,126.7662516,37.33731234
2018,2018-07-04 07,주,수,1,1,0,0,0,경기,안산시,차대사람,차도통행중,차도통행중,과속,교차로,교차로내,승용차,보행자,940260,1928830,126.8254244,37.35659338
2018,2018-05-11 08,주,금,1,2,1,0,0,경기,안산시,차대차,측면충돌,측면충돌,신호위반,교차로,교차로내,이륜차,승합차,939912,1924293,126.8218628,37.31567764
2018,2018-02-03 19,야,토,1,1,0,0,0,경기,안산시,차대차,추돌,추돌,안전운전 의무 불이행,교차로,교차로부근,승용차,화물차,940628,1925817,126.8298209,37.32945997
2018,2018-01-31 14,주,수,1,2,0,0,1,경기,안산시,차대차,추돌,추돌,안전운전 의무 불이행,단일로,기타단일로,화물차,화물차,932346,1924228,126.7364874,37.31457167
2018,2018-01-06 08,주,토,1,2,1,0,0,경기,안산시,차량단독,공작물충돌,공작물충돌,안전운전 의무 불이행,단일로,기타단일로,승용차,없음,937731,1924289,126.7972506,37.31549798
2018,2018-09-18 14,주,화,1,1,0,0,0,경기,수원시,차대차,측면충돌,측면충돌,안전운전 의무 불이행,교차로,교차로횡단보도내,자전거,승용차,957216,1917002,127.0175632,37.25091691
2018,2018-10-09 05,야,화,1,1,0,0,0,경기,수원시,차대사람,횡단중,횡단중,안전운전 의무 불이행,교차로,교차로횡단보도내,승용차,보행자,960355,1916424,127.0529887,37.24584586
2018,2018-09-11 20,야,화,1,1,0,0,0,경기,수원시,차대사람,횡단중,횡단중,과속,교차로,교차로내,승용차,보행자,961414,1917903,127.0648523,37.25922172
2018,2018-02-04 20,야,일,1,1,0,0,0,경기,수원시,차대사람,기타,기타,과속,단일로,기타단일로,승용차,보행자,956935,1917142,127.0143867,37.25216587
2018,2018-01-21 04,야,일,1,1,0,0,0,경기,성남시,차대사람,기타,기타,과속,단일로,기타단일로,승용차,보행자,967959,1937464,127.1378151,37.43578735
2018,2018-03-04 01,야,일,1,2,0,1,0,경기,성남시,차대사람,기타,기타,안전운전 의무 불이행,단일로,기타단일로,승용차,보행자,968963,1936684,127.1491967,37.42879097
2018,2018-09-16 00,야,일,1,3,1,0,1,경기,성남시,차대사람,기타,기타,안전운전 의무 불이행,단일로,기타단일로,승용차,보행자,965619,1932546,127.1115937,37.39137451
2018,2018-06-06 12,주,수,1,1,0,0,0,경기,시흥시,차대차,추돌,추돌,안전운전 의무 불이행,단일로,기타단일로,승용차,승합차,933504,1927198,126.7492887,37.34142434
2018,2018-05-29 23,야,화,1,1,0,0,0,경기,시흥시,차대사람,기타,기타,안전운전 의무 불이행,단일로,기타단일로,승용차,보행자,932599,1930739,126.7387502,37.37327441
2018,2018-11-17 09,주,토,1,1,0,0,0,경기,시흥시,차대차,측면충돌,측면충돌,안전운전 의무 불이행,단일로,기타단일로,자전거,건설기계,932113,1930101,126.7333201,37.36748862
2018,2018-01-20 21,야,토,1,1,0,0,0,경기,안산시,차량단독,공작물충돌,공작물충돌,안전운전 의무 불이행,단일로,기타단일로,승합차,없음,942980,1920211,126.8567988,37.27907827
2018,2018-02-12 12,주,월,1,9,2,5,1,서울,서초구,차대차,추돌,추돌,안전운전 의무 불이행,단일로,기타단일로,승합차,승합차,960998,1938197,127.0590926,37.44212696
2018,2018-01-26 09,주,금,1,1,0,0,0,경기,의왕시,차량단독,기타,기타,안전운전 의무 불이행,단일로,기타단일로,화물차,없음,956483,1932405,127.0083946,37.38971957
2018,2018-04-20 15,주,금,2,3,1,0,0,경기,평택시,차대차,추돌,추돌,안전운전 의무 불이행,단일로,기타단일로,승용차,승용차,943883,1889777,126.8692661,37.00481133
2018,2018-04-28 07,주,토,1,5,4,0,0,경기,용인시,차대차,기타,기타,안전운전 의무 불이행,단일로,기타단일로,승용차,승합차,980836,1915758,127.283934,37.24048912
2018,2018-02-07 19,야,수,1,3,0,0,2,서울,강동구,차대차,추돌,추돌,안전운전 의무 불이행,단일로,기타단일로,화물차,불명,970677.7,1952482.3,127.1679473,37.57124512
2018,2018-11-30 05,야,금,1,5,0,0,4,경기,평택시,차대차,추돌,추돌,안전거리 미확보,단일로,기타단일로,화물차,화물차,954079,1892752,126.9836792,37.03218173
2018,2018-10-20 10,주,토,1,1,0,0,0,경기,화성시,차대차,측면충돌,측면충돌,신호위반,교차로,교차로내,원동기장치자전거,화물차,949459,1907186,126.9307631,37.16205006
2018,2018-09-28 17,주,금,1,1,0,0,0,경기,화성시,차량단독,공작물충돌,공작물충돌,안전운전 의무 불이행,단일로,기타단일로,이륜차,없음,947230,1904362,126.9058585,37.13647208
2018,2018-01-10 15,주,수,1,3,0,2,0,경기,화성시,차대차,정면충돌,정면충돌,중앙선 침범,단일로,기타단일로,승용차,승합차,952991,1903253,126.970789,37.12678309
2018,2018-03-25 13,주,일,1,1,0,0,0,경기,화성시,차량단독,전복,전복,안전운전 의무 불이행,단일로,기타단일로,농기계,없음,930632,1916943,126.7178254,37.24878444
2018,2018-06-12 10,주,화,1,1,0,0,0,경기,화성시,차대사람,차도통행중,차도통행중,안전운전 의무 불이행,교차로,교차로부근,특수차,보행자,943303,1901255,126.8618817,37.10823672
2018,2018-03-26 12,주,월,1,3,2,0,0,경기,화성시,차대차,기타,기타,안전운전 의무 불이행,기타,기타,화물차,승용차,939959,1902417,126.8241546,37.11850204
2018,2018-05-02 11,주,수,1,2,1,0,0,경기,화성시,차대차,정면충돌,정면충돌,중앙선 침범,교차로,교차로내,화물차,화물차,939187,1917251,126.8142574,37.25215846
2018,2018-11-10 18,야,토,1,1,0,0,0,경기,안양시,차대사람,횡단중,횡단중,안전운전 의무 불이행,단일로,기타단일로,승용차,보행자,948301,1934207,126.9158417,37.40554126
2018,2018-03-09 10,주,금,1,1,0,0,0,경기,안양시,차대사람,차도통행중,차도통행중,안전운전 의무 불이행,교차로,교차로부근,화물차,보행자,950178,1931376,126.9372402,37.38012722
2018,2018-05-29 14,주,화,1,1,0,0,0,경기,용인시,차대사람,횡단중,횡단중,신호위반,교차로,교차로내,승합차,보행자,963140,1923562,127.0840358,37.31030051
2018,2018-02-26 15,주,월,1,1,0,0,0,강원,춘천시,차대차,측면충돌,측면충돌,신호위반,교차로,교차로내,자전거,승용차,1020557.3,1984536.7,127.7337024,37.86039725
2018,2018-07-29 15,주,일,1,1,0,0,0,강원,춘천시,차량단독,전도,전도,안전운전 의무 불이행,단일로,기타단일로,이륜차,없음,1024541.9,1973152.5,127.7786145,37.75769185
2018,2018-09-25 20,야,화,1,2,0,1,0,강원,춘천시,차대사람,횡단중,횡단중,안전운전 의무 불이행,단일로,기타단일로,승용차,보행자,1024047.9,1978357.7,127.773179,37.80462014
2018,2018-10-27 04,야,토,1,2,0,0,1,강원,원주시,차대차,추돌,추돌,안전운전 의무 불이행,단일로,기타단일로,승용차,화물차,1034065,1910159,127.88381,37.1895946
2018,2018-04-14 05,야,토,1,1,0,0,0,강원,원주시,차량단독,기타,기타,안전운전 의무 불이행,교차로,교차로부근,이륜차,없음,1040642,1927629,127.9588656,37.34680128
2018,2018-03-18 02,야,일,2,2,0,0,0,강원,원주시,차대사람,횡단중,횡단중,보행자 보호의무 위반,단일로,기타단일로,승용차,보행자,1030233,1923970,127.8411966,37.31421738
2018,2018-04-28 01,야,토,1,1,0,0,0,강원,원주시,차량단독,공작물충돌,공작물충돌,안전운전 의무 불이행,교차로,교차로내,승용차,없음,1040895,1935358,127.9621493,37.41645592
2018,2018-06-28 08,주,목,1,1,0,0,0,강원,양양군,차대사람,횡단중,횡단중,안전운전 의무 불이행,단일로,기타단일로,승용차,보행자,1096184,2004824,128.5960782,38.03836835
2018,2018-01-18 13,주,목,1,1,0,0,0,강원,삼척시,차량단독,공작물충돌,공작물충돌,안전운전 의무 불이행,단일로,기타단일로,사륜오토바이(ATV),없음,1160465,1912072,129.3079768,37.19366184
2018,2018-12-27 09,주,목,1,1,0,0,0,강원,삼척시,차대사람,기타,기타,안전운전 의무 불이행,단일로,기타단일로,승용차,보행자,1147390,1939432,129.1661526,37.44233551
2018,2018-11-01 10,주,목,1,1,0,0,0,강원,삼척시,차대차,측면충돌,측면충돌,안전운전 의무 불이행,교차로,교차로부근,승용차,자전거,1147527,1940965,129.1680074,37.45612588
2018,2018-06-11 15,주,월,1,1,0,0,0,강원,영월군,차대차,기타,기타,안전운전 의무 불이행,단일로,기타단일로,특수차,이륜차,1070665,1917750,128.2968745,37.25596057
2018,2018-06-21 15,주,목,1,1,0,0,0,강원,홍천군,차대차,정면충돌,정면충돌,중앙선 침범,단일로,기타단일로,승용차,화물차,1040340,1972060.1,127.9578992,37.74728562
2018,2018-11-13 14,주,화,1,1,0,0,0,강원,평창군,차대사람,기타,기타,안전운전 의무 불이행,단일로,기타단일로,승합차,보행자,1081380.8,1940956.1,128.4202515,37.46423573
2018,2018-12-20 17,주,목,4,5,1,0,0,강원,화천군,차량단독,도로이탈,도로이탈 기타,과속,단일로,기타단일로,승용차,없음,1021341,2017694,127.7435986,38.15921946
2018,2018-01-12 21,야,금,1,1,0,0,0,강원,정선군,차대사람,횡단중,횡단중,안전운전 의무 불이행,단일로,기타단일로,승용차,보행자,1107645,1925466,128.7149372,37.32195634
2018,2018-04-28 18,야,토,1,1,0,0,0,강원,횡성군,차량단독,도로이탈,도로이탈 추락,안전운전 의무 불이행,단일로,기타단일로,농기계,없음,1065874,1945958,128.2453641,37.51055288