발생년,발생년월일시,주야,요일,사망자수,부상자수,중상자수,경상자수,부상신고자수,발생지시도,발생지시군구,사고유형_대분류,사고유형_중분류,사고유형,가해자법규위반,도로형태_대분류,도로형태,가해자_당사자종별,피해자_당사자종별,발생위치X_UTMK,발생위치Y_UTMK,경도,위도
2018,2018-04-18 14,주,수,1,1,0,0,0,강원,횡성군,차량단독,공작물충돌,공작물충돌,안전운전 의무 불이행,단일로,기타단일로,농기계,없음,1060636,1943700,128.185914,37.4905606
2018,2018-03-14 10,주,수,2,3,1,0,0,강원,인제군,차대차,측면충돌,측면충돌,신호위반,교차로,교차로내,화물차,승용차,1072411,2021900,128.3269334,38.19446706
2018,2018-05-18 17,주,금,1,1,0,0,0,강원,철원군,차대차,측면충돌,측면충돌,직진 및 우회전차의 통행방해,교차로,교차로내,승용차,자전거,983156.8,2016375.6,127.3077728,38.1474325
2018,2018-06-02 06,주,토,1,1,0,0,0,강원,철원군,차대사람,횡단중,횡단중,안전운전 의무 불이행,단일로,기타단일로,화물차,보행자,975966.4,2022945.3,127.2254892,38.20647912
2018,2018-10-26 14,주,금,1,1,0,0,0,충북,단양군,차대차,추돌,추돌,안전운전 의무 불이행,기타,기타,승용차,화물차,1069998,1891227,128.2868738,37.01694942
2018,2018-01-07 01,야,일,1,1,0,0,0,강원,횡성군,차량단독,전도,전도,안전운전 의무 불이행,단일로,기타단일로,승용차,없음,1054980.9,1941375.3,128.1217735,37.46996178
2018,2018-10-16 15,주,화,1,2,0,1,0,강원,평창군,차대차,기타,기타,안전운전 의무 불이행,단일로,기타단일로,승용차,화물차,1107514.1,1964711.4,128.7191974,37.6756366
2018,2018-04-10 04,야,화,1,1,0,0,0,충북,청주시,차량단독,기타,기타,안전운전 의무 불이행,단일로,기타단일로,이륜차,없음,997503,1848613,127.4720691,36.63540276
2018,2018-06-15 22,야,금,1,3,2,0,0,충북,청주시,차량단독,기타,기타,신호위반,교차로,교차로부근,화물차,없음,998959,1850893,127.4883525,36.65595959
2018,2018-12-12 06,주,수,1,1,0,0,0,충북,청주시,차대사람,기타,기타,안전운전 의무 불이행,단일로,기타단일로,승용차,보행자,998552,1852527,127.4837956,36.67068947
2018,2018-05-02 20,야,수,1,2,0,1,0,충북,충주시,차대차,기타,기타,신호위반,교차로,교차로내,이륜차,승용차,1029020,1886123,127.8260398,36.97310078
2018,2018-09-07 10,주,금,1,1,0,0,0,충북,충주시,차대사람,기타,기타,안전운전 의무 불이행,단일로,기타단일로,승용차,보행자,1034160,1902540,127.8845324,37.12091355
2018,2018-05-21 15,주,월,1,2,0,0,1,충북,충주시,차량단독,기타,기타,안전운전 의무 불이행,단일로,기타단일로,승용차,없음,1043535,1871850,127.9882907,36.84388073
2018,2018-11-10 23,야,토,1,2,1,0,0,충북,제천시,차대차,측면충돌,측면충돌,신호위반,교차로,교차로내,승용차,승용차,1062725,1904542,128.2062335,37.13747977
2018,2018-12-17 18,야,월,1,1,0,0,0,충북,괴산군,차대차,정면충돌,정면충돌,중앙선 침범,단일로,기타단일로,이륜차,승합차,1023964,1869938,127.7687242,36.82734379
2018,2018-12-15 03,야,토,1,2,0,1,0,충북,음성군,차대차,기타,기타,중앙선 침범,단일로,기타단일로,승용차,승용차,1003749.8,1891601.9,127.5421566,37.02293013
2018,2018-08-17 12,주,금,1,2,0,1,0,충북,음성군,차대차,정면충돌,정면충돌,중앙선 침범,단일로,기타단일로,화물차,화물차,998939,1886063,127.4880797,36.97300698
2018,2018-05-27 16,주,일,1,1,0,0,0,충북,음성군,차량단독,공작물충돌,공작물충돌,안전운전 의무 불이행,단일로,기타단일로,이륜차,없음,1013519,1902324,127.6521782,37.11949241
2018,2018-04-06 23,야,금,1,1,0,0,0,충북,옥천군,차량단독,공작물충돌,공작물충돌,안전운전 의무 불이행,단일로,기타단일로,승용차,없음,1022579,1815959,127.7516092,36.34075861
2018,2018-04-03 17,주,화,1,1,0,0,0,충북,진천군,차대차,기타,기타,직진 및 우회전차의 통행방해,교차로,교차로내,농기계,원동기장치자전거,1003639,1864868,127.5407825,36.7819358
2018,2018-12-10 10,주,월,1,1,0,0,0,충북,진천군,차량단독,공작물충돌,공작물충돌,안전운전 의무 불이행,단일로,기타단일로,화물차,없음,994249,1875458,127.4354681,36.87739082
2018,2018-06-10 22,야,일,1,1,0,0,0,충북,청주시,차대사람,횡단중,횡단중,안전운전 의무 불이행,단일로,기타단일로,승용차,보행자,993859,1848214,127.4313112,36.63178925
2018,2018-04-03 20,야,화,1,1,0,0,0,충북,청주시,차량단독,공작물충돌,공작물충돌,안전운전 의무 불이행,교차로,교차로내,이륜차,없음,983401,1843061,127.3144473,36.58521021
2018,2018-08-15 07,주,수,1,1,0,0,0,충북,청주시,차대차,기타,기타,안전운전 의무 불이행,단일로,기타단일로,승용차,농기계,987828,1856026,127.3637289,36.70215574
2018,2018-08-08 02,야,수,1,1,0,0,0,충북,청주시,차량단독,공작물충돌,공작물충돌,안전운전 의무 불이행,단일로,기타단일로,이륜차,없음,995928,1846313,127.4544636,36.61466283
2018,2018-12-09 23,야,일,1,1,0,0,0,충북,청주시,차대사람,횡단중,횡단중,안전운전 의무 불이행,교차로,교차로부근,승용차,보행자,989970,1846918,127.3878287,36.62007282
2018,2018-05-15 02,야,화,1,1,0,0,0,충북,청주시,차대사람,횡단중,횡단중,안전운전 의무 불이행,단일로,지하차도(도로)내,화물차,보행자,1000069,1839117,127.500771,36.54979913
2018,2018-04-04 22,야,수,1,1,0,0,0,충북,청주시,차대사람,횡단중,횡단중,과속,단일로,지하차도(도로)내,승용차,보행자,997747,1846014,127.474806,36.61197338
2018,2018-10-15 14,주,월,1,2,0,0,1,충북,청주시,차대차,측면충돌,측면충돌,안전운전 의무 불이행,단일로,지하차도(도로)내,이륜차,화물차,1003185,1840593,127.5355935,36.56310011
2018,2018-09-14 03,야,금,1,2,0,1,0,충북,보은군,차대차,추돌,추돌,안전운전 의무 불이행,단일로,기타단일로,승용차,화물차,1017547,1829564,127.6958429,36.46351645
2018,2018-08-23 10,주,목,1,1,0,0,0,충북,괴산군,차대차,추돌,추돌,안전거리 미확보,단일로,기타단일로,화물차,화물차,1038016,1874294,127.9265134,36.86615005
2018,2018-02-11 16,주,일,1,1,0,0,0,충남,서산시,차대사람,횡단중,횡단중,안전운전 의무 불이행,단일로,기타단일로,화물차,보행자,905194,1882516,126.4353827,36.9362615
2018,2018-03-10 23,야,토,1,1,0,0,0,충남,서산시,차대사람,기타,기타,안전운전 의무 불이행,단일로,기타단일로,화물차,보행자,905162,1866903,126.4369749,36.79553714
2018,2018-09-04 15,주,화,1,1,0,0,0,충남,서산시,차대차,측면충돌,측면충돌,신호위반,교차로,교차로내,화물차,이륜차,899070,1888289,126.365854,36.98765565
2018,2018-10-04 18,야,목,1,1,0,0,0,충남,서산시,차대차,측면충돌,측면충돌,안전운전 의무 불이행,교차로,교차로내,화물차,승용차,905734,1879197,126.4418591,36.90640153
2018,2018-08-19 00,야,일,1,1,0,0,0,충남,서산시,차대차,추돌,추돌,안전운전 의무 불이행,단일로,기타단일로,승용차,특수차,907527,1863153,126.4639349,36.76197127
2018,2018-03-30 05,야,금,1,2,0,1,0,충남,천안시,차대차,측면충돌,측면충돌,신호위반,교차로,교차로내,화물차,화물차,971982,1879202,127.185474,36.91074262
2018,2018-09-03 04,야,월,1,1,0,0,0,충남,천안시,차대사람,횡단중,횡단중,과속,교차로,교차로내,승용차,보행자,971698,1872436,127.1825385,36.84974222
2018,2018-12-18 11,주,화,1,1,0,0,0,충남,천안시,차대사람,기타,기타,안전운전 의무 불이행,교차로,교차로부근,화물차,보행자,968490,1875443,127.1464303,36.87674718
2018,2018-09-21 09,주,금,1,1,0,0,0,충남,천안시,차대사람,횡단중,횡단중,과속,단일로,기타단일로,승용차,보행자,971737,1872445,127.1829756,36.84982452
2018,2018-11-30 14,주,금,1,1,0,0,0,충남,천안시,차대차,기타,기타,직진 및 우회전차의 통행방해,교차로,교차로내,화물차,이륜차,974777,1879381,127.216844,36.91243513
2018,2018-07-14 08,주,토,1,1,0,0,0,충남,논산시,차대사람,횡단중,횡단중,안전운전 의무 불이행,단일로,기타단일로,승용차,보행자,970185,1810932,127.1679498,36.29524167
2018,2018-08-20 14,주,월,1,1,0,0,0,충남,홍성군,차량단독,공작물충돌,공작물충돌,안전운전 의무 불이행,단일로,기타단일로,화물차,없음,918173,1846892,126.5849361,36.61637756
2018,2018-05-09 14,주,수,1,4,1,2,0,충남,홍성군,차량단독,공작물충돌,공작물충돌,안전운전 의무 불이행,단일로,기타단일로,승용차,없음,931878,1838089,126.7389636,36.53810327
2018,2018-06-25 10,주,월,1,1,0,0,0,충남,홍성군,차대차,추돌,추돌,안전운전 의무 불이행,단일로,기타단일로,승용차,이륜차,924482,1845620,126.6556069,36.6054326
2018,2018-12-19 19,야,수,1,1,0,0,0,충남,아산시,차대사람,횡단중,횡단중,안전운전 의무 불이행,단일로,기타단일로,승용차,보행자,958493,1876947,127.0341759,36.88991804
2018,2018-11-10 11,주,토,1,2,0,1,0,충남,아산시,차대차,추돌,추돌,안전운전 의무 불이행,단일로,기타단일로,이륜차,승용차,952420,1871414,126.9663694,36.83975551
2018,2018-05-16 09,주,수,1,1,0,0,0,충남,아산시,차대차,기타,기타,신호위반,교차로,교차로부근,승용차,자전거,954100,1865395,126.9855738,36.78558121
2018,2018-09-21 09,주,금,1,3,1,1,0,충남,아산시,차대차,추돌,추돌,안전운전 의무 불이행,단일로,기타단일로,승용차,화물차,952532,1877415,126.96725,36.89385561
2018,2018-07-11 14,주,수,1,1,0,0,0,충남,아산시,차대차,측면충돌,측면충돌,앞지르기 방법위반,단일로,기타단일로,화물차,이륜차,950316,1869571,126.9428936,36.82303397
2018,2018-03-30 09,주,금,3,4,1,0,0,충남,아산시,차대차,추돌,추돌,안전운전 의무 불이행,단일로,기타단일로,화물차,특수차,955119,1880443,126.9961043,36.9212773
2018,2018-03-31 15,주,토,1,1,0,0,0,충남,보령시,차대차,추돌,추돌,안전운전 의무 불이행,단일로,고가도로위,화물차,화물차,920344,1819206,126.6120649,36.36699681
2018,2018-12-06 19,야,목,2,2,0,0,0,충남,공주시,차량단독,공작물충돌,공작물충돌,안전운전 의무 불이행,단일로,기타단일로,승용차,없음,965859,1833471,127.1187809,36.49829054
2018,2018-09-26 18,야,수,1,2,1,0,0,충남,공주시,차대차,정면충돌,정면충돌,중앙선 침범,단일로,기타단일로,화물차,승용차,957183,1838642,127.0216204,36.54455742
2018,2018-06-13 10,주,수,1,1,0,0,0,충남,공주시,차대차,추돌,추돌,안전운전 의무 불이행,기타,기타,승용차,이륜차,965875,1842742,127.1185492,36.58186851
2018,2018-12-11 12,주,화,1,1,0,0,0,충남,공주시,차대차,측면충돌,측면충돌,안전운전 의무 불이행,단일로,기타단일로,화물차,건설기계,958765,1814823,127.0405624,36.32989891
2018,2018-05-05 00,야,토,1,1,0,0,0,세종,세종,차량단독,공작물충돌,공작물충돌,안전운전 의무 불이행,단일로,기타단일로,이륜차,없음,978285,1833286,127.2575336,36.4969854
2018,2018-04-23 09,주,월,1,1,0,0,0,세종,세종,차량단독,공작물충돌,공작물충돌,안전운전 의무 불이행,단일로,기타단일로,승용차,없음,976578,1829364,127.2385925,36.46158782
2018,2018-06-27 17,주,수,2,2,0,0,0,세종,세종,차대차,기타,기타,신호위반,교차로,교차로부근,이륜차,화물차,972463,1837644,127.1923714,36.5361231
2018,2018-09-12 06,주,수,1,1,0,0,0,세종,세종,차대차,측면충돌,측면충돌,부당한 회전,교차로,교차로내,자전거,승용차,982134,1844645,127.3002474,36.59946708
2018,2018-09-08 07,주,토,1,2,1,0,0,세종,세종,차대차,정면충돌,정면충돌,중앙선 침범,단일로,기타단일로,승용차,승용차,978657,1844620,127.2613734,36.59917021
2018,2018-11-28 06,주,수,1,1,0,0,0,충남,예산군,차대사람,횡단중,횡단중,안전운전 의무 불이행,교차로,교차로부근,승용차,보행자,933078,1854882,126.7509057,36.68956429
2018,2018-03-22 05,야,목,1,4,3,0,0,충남,예산군,차량단독,공작물충돌,공작물충돌,안전운전 의무 불이행,단일로,기타단일로,승합차,없음,937154,1855578,126.7964702,36.69611647
2018,2018-02-20 05,야,화,1,1,0,0,0,충남,예산군,차대사람,차도통행중,차도통행중,안전운전 의무 불이행,단일로,기타단일로,화물차,보행자,942617,1860026,126.8572882,36.73655769
2018,2018-05-14 17,주,월,1,1,0,0,0,충남,당진시,차대사람,횡단중,횡단중,안전운전 의무 불이행,단일로,기타단일로,승용차,보행자,931356,1881918,126.7291925,36.9331413
2018,2018-08-22 15,주,수,1,1,0,0,0,충남,당진시,차대사람,횡단중,횡단중,안전운전 의무 불이행,교차로,교차로부근,승용차,보행자,930702,1872185,126.7227393,36.84536244
2018,2018-07-04 00,야,수,1,1,0,0,0,충남,당진시,차대사람,차도통행중,차도통행중,안전운전 의무 불이행,단일로,기타단일로,승용차,보행자,931548,1877388,126.731758,36.89232299
2018,2018-12-05 10,주,수,1,1,0,0,0,충남,당진시,차대사람,횡단중,횡단중,안전운전 의무 불이행,단일로,기타단일로,승용차,보행자,927091,1882713,126.6812283,36.93998668
2018,2018-07-22 14,주,일,1,6,5,0,0,충남,당진시,차대차,정면충돌,정면충돌,중앙선 침범,단일로,기타단일로,승용차,승용차,924053,1877617,126.6476261,36.89381352
2018,2018-10-12 17,주,금,1,4,3,0,0,충남,당진시,차대차,측면충돌,측면충돌,신호위반,교차로,교차로내,승용차,승용차,917756,1890886,126.5755167,37.01288338
2018,2018-11-13 06,주,화,1,1,0,0,0,충남,금산군,차량단독,기타,기타,안전거리 미확보,단일로,기타단일로,이륜차,없음,1001736,1800883,127.5193117,36.20510375
2018,2018-12-26 17,주,수,1,1,0,0,0,충남,청양군,차대차,측면충돌,측면충돌,교차로 통행방법 위반,교차로,교차로부근,승용차,사륜오토바이(ATV),935914,1823574,126.7852516,36.40753664
2018,2018-05-08 07,주,화,1,1,0,0,0,충남,천안시,차대사람,횡단중,횡단중,보행자 보호의무 위반,교차로,교차로횡단보도내,화물차,보행자,968434,1864984,127.1462363,36.78246248
2018,2018-07-02 09,주,월,1,1,0,0,0,충남,천안시,차대사람,횡단중,횡단중,안전운전 의무 불이행,교차로,교차로내,승합차,보행자,969554,1869038,127.1586259,36.81904422
2018,2018-04-28 19,야,토,2,4,1,1,0,충남,천안시,차대차,측면충돌,측면충돌,신호위반,교차로,교차로내,승합차,승용차,970105,1865677,127.1649359,36.78876381
2018,2018-08-19 06,주,일,1,1,0,0,0,충남,천안시,차량단독,기타,기타,안전운전 의무 불이행,단일로,기타단일로,승용차,없음,970008,1870012,127.1636779,36.82783889
2018,2018-08-08 03,야,수,1,1,0,0,0,충남,천안시,차대차,추돌,추돌,안전운전 의무 불이행,단일로,기타단일로,화물차,특수차,970643,1861703,127.1711188,36.75295651
2018,2018-06-01 17,주,금,1,1,0,0,0,충남,태안군,차대차,정면충돌,정면충돌,중앙선 침범,교차로,교차로부근,이륜차,승용차,895872,1868880,126.3325929,36.81237939
2018,2018-08-28 14,주,화,1,9,2,6,0,충남,천안시,차대차,추돌,추돌,안전운전 의무 불이행,단일로,기타단일로,화물차,승용차,972351,1882332,127.1895019,36.93896863
2018,2018-05-04 17,주,금,1,1,0,0,0,충남,청양군,차량단독,공작물충돌,공작물충돌,안전운전 의무 불이행,단일로,기타단일로,승용차,없음,945978,1816119,126.8980069,36.34094973
2018,2018-08-21 00,야,화,1,4,2,1,0,충북,청주시,차대차,추돌,추돌,안전운전 의무 불이행,단일로,기타단일로,승용차,화물차,993680,1834178,127.4294243,36.50525244
2018,2018-06-12 23,야,화,1,1,0,0,0,전북,전주시,차대차,측면충돌,측면충돌,부당한 회전,단일로,기타단일로,특수차,승용차,971090,1755877,127.1800435,35.79890815
2018,2018-01-13 00,야,토,1,1,0,0,0,전북,전주시,차대사람,횡단중,횡단중,과속,교차로,교차로내,승용차,보행자,966566.2,1756785.2,127.12994,35.80695288
2018,2018-08-14 16,주,화,1,4,3,0,0,전북,전주시,차대차,추돌,추돌,안전운전 의무 불이행,단일로,기타단일로,화물차,화물차,960822.2,1765491.6,127.0659369,35.88523655
2018,2018-07-08 01,야,일,1,1,0,0,0,전북,전주시,차대차,기타,기타,과속,교차로,교차로횡단보도내,승용차,자전거,970580.1,1759585.4,127.1742638,35.83232822
2018,2018-07-03 22,야,화,1,1,0,0,0,전북,군산시,차대사람,기타,기타,안전운전 의무 불이행,단일로,기타단일로,화물차,보행자,937971.3,1772292.9,126.8122474,35.94537148
2018,2018-07-05 19,야,목,1,1,0,0,0,전북,군산시,차량단독,공작물충돌,공작물충돌,안전운전 의무 불이행,단일로,터널안,이륜차,없음,928056.3,1776913.2,126.7019031,35.98634383
2018,2018-05-22 03,야,화,1,1,0,0,0,전북,군산시,차량단독,주/정차차량 충돌,주/정차차량 충돌,안전운전 의무 불이행,단일로,기타단일로,화물차,화물차,925570,1774172,126.6745816,35.96144515
2018,2018-05-06 16,주,일,1,9,2,6,0,전북,군산시,차대차,기타,기타,안전운전 의무 불이행,교차로,교차로내,화물차,승합차,943899,1780257,126.8774042,36.01752991
2018,2018-04-09 23,야,월,1,1,0,0,0,전북,군산시,차대사람,기타,기타,안전운전 의무 불이행,단일로,기타단일로,승용차,보행자,935163.2,1773738.8,126.7809962,35.95822428
2018,2018-12-26 05,야,수,1,1,0,0,0,전북,익산시,차대사람,횡단중,횡단중,안전운전 의무 불이행,교차로,교차로횡단보도내,승용차,보행자,950714,1774411,126.9533959,35.96519379
2018,2018-01-18 18,야,목,1,1,0,0,0,전북,익산시,차대사람,횡단중,횡단중,보행자 보호의무 위반,교차로,교차로횡단보도내,승용차,보행자,951169.8,1772956.3,126.9585403,35.95210171
2018,2018-06-22 20,야,금,1,1,0,0,0,전북,익산시,차대차,정면충돌,정면충돌,앞지르기 금지위반,교차로,교차로내,승용차,자전거,946186.4,1774034.7,126.9032106,35.96156205
2018,2018-06-04 16,주,월,1,1,0,0,0,전북,익산시,차대사람,횡단중,횡단중,보행자 보호의무 위반,교차로,교차로부근,승용차,보행자,952024,1772753,126.9680241,35.95031119
2018,2018-09-16 05,야,일,1,1,0,0,0,전북,정읍시,차대차,추돌,추돌,안전운전 의무 불이행,단일로,기타단일로,승용차,자전거,941876.5,1729947.9,126.8586153,35.56384009
2018,2018-10-18 06,주,목,1,1,0,0,0,전북,정읍시,차량단독,도로이탈,도로이탈 추락,안전운전 의무 불이행,단일로,기타단일로,승용차,없음,933076.7,1736053.6,126.7610118,35.61833223
2018,2018-12-15 18,야,토,1,1,0,0,0,전북,남원시,차대사람,횡단중,횡단중,보행자 보호의무 위반,단일로,기타단일로,승용차,보행자,990521.3,1713788.1,127.3955897,35.41979288
2018,2018-04-25 05,야,수,1,1,0,0,0,전북,고창군,차대차,측면충돌,측면충돌,신호위반,교차로,교차로내,승용차,화물차,924863,1715798,126.6721992,35.43512322
2018,2018-06-28 18,야,목,1,1,0,0,0,전북,고창군,차대사람,횡단중,횡단중,안전운전 의무 불이행,교차로,교차로내,화물차,보행자,927126,1715877,126.6971219,35.43600382
2018,2018-08-29 19,야,수,1,1,0,0,0,전북,부안군,차대사람,횡단중,횡단중,과속,단일로,기타단일로,승용차,보행자,926407.3,1744411.1,126.6866088,35.69320551
2018,2018-08-14 20,야,화,1,1,0,0,0,전북,임실군,차대사람,횡단중,횡단중,과속,단일로,기타단일로,승용차,보행자,983153.1,1731316.3,127.3140635,35.57774108
2018,2018-05-25 07,주,금,1,3,2,0,0,전북,진안군,차량단독,기타,기타,안전운전 의무 불이행,교차로,교차로내,승용차,없음,988459,1753147,127.3723106,35.77465169
2018,2018-03-25 16,주,일,1,1,0,0,0,전북,장수군,차량단독,공작물충돌,공작물충돌,안전운전 의무 불이행,단일로,기타단일로,화물차,없음,1005771.6,1750420,127.5638373,35.75011508
2018,2018-08-12 09,주,일,1,1,0,0,0,전북,무주군,차량단독,전도,전도,안전운전 의무 불이행,단일로,기타단일로,승용차,없음,1011315,1778590,127.6255506,36.00405067
2018,2018-11-23 12,주,금,1,1,0,0,0,전북,무주군,차대차,측면충돌,측면충돌,안전운전 의무 불이행,단일로,기타단일로,농기계,화물차,1024977,1779492,127.7771707,36.0119285
2018,2018-05-29 12,주,화,1,2,0,1,0,전북,완주군,차량단독,공작물충돌,공작물충돌,안전운전 의무 불이행,단일로,기타단일로,사륜오토바이(ATV),없음,973931,1779735,127.2107035,36.01409072
2018,2018-06-29 23,야,금,1,1,0,0,0,전북,남원시,차대차,추돌,추돌,안전운전 의무 불이행,단일로,기타단일로,화물차,화물차,986010,1713486,127.3459019,35.41701572
2018,2018-04-07 05,야,토,2,2,0,0,0,충남,보령시,차대차,추돌,추돌,안전운전 의무 불이행,단일로,기타단일로,화물차,화물차,915482,1819390,126.557854,36.36824035
2018,2018-10-09 12,주,화,1,1,0,0,0,전남,신안군,차대사람,기타,기타,안전운전 의무 불이행,기타,기타,화물차,보행자,876574,1668412,126.1474025,35.00313959
2018,2018-11-01 22,야,목,1,1,0,0,0,전남,목포시,차대차,기타,기타,과속,단일로,기타단일로,승용차,승용차,901166.9,1645395.8,126.4195838,34.79832992
2018,2018-10-08 14,주,월,1,1,0,0,0,전남,신안군,차대사람,기타,기타,안전운전 의무 불이행,단일로,기타단일로,화물차,보행자,872699,1648871,126.107926,34.826499
2018,2018-12-26 20,야,수,1,2,1,0,0,전남,목포시,차대사람,횡단중,횡단중,안전운전 의무 불이행,단일로,기타단일로,승합차,보행자,899301,1646061,126.3991099,34.80414464
2018,2018-04-13 04,야,금,1,13,5,7,0,전남,목포시,차대차,측면충돌,측면충돌,신호위반,교차로,교차로내,승합차,승용차,901028.6,1646851.1,126.4179007,34.81143765
2018,2018-05-09 19,야,수,1,1,0,0,0,전남,여수시,차대사람,횡단중,횡단중,보행자 보호의무 위반,교차로,교차로부근,화물차,보행자,1022698.8,1639021.1,127.7479835,34.74538773
2018,2018-12-11 17,주,화,1,1,0,0,0,전남,여수시,차대사람,횡단중,횡단중,안전운전 의무 불이행,교차로,교차로부근,승용차,보행자,1014597.2,1645868.7,127.6595931,34.80728565
2018,2018-01-12 10,주,금,1,1,0,0,0,전남,여수시,차대사람,차도통행중,차도통행중,안전운전 의무 불이행,단일로,기타단일로,승용차,보행자,1017674.8,1639323.9,127.6931032,34.74821769
2018,2018-01-07 04,야,일,1,1,0,0,0,전남,순천시,차대사람,기타,기타,안전운전 의무 불이행,단일로,기타단일로,승용차,보행자,1004524,1667522,127.5495788,35.0026406
2018,2018-06-06 08,주,수,1,1,0,0,0,전남,순천시,차대차,측면충돌,측면충돌,신호위반,교차로,교차로내,화물차,승용차,1003992,1658882,127.5437072,34.9247317
2018,2018-08-09 11,주,목,1,1,0,0,0,전남,순천시,차대차,측면충돌,측면충돌,신호위반,교차로,교차로내,이륜차,승용차,1004188,1660800,127.5458627,34.94202655
2018,2018-07-14 17,주,토,1,1,0,0,0,전남,나주시,차량단독,도로이탈,도로이탈 추락,안전운전 의무 불이행,교차로,교차로내,이륜차,없음,928697.6,1663931.9,126.7189326,34.96776534
2018,2018-01-29 19,야,월,1,1,0,0,0,전남,나주시,차대사람,길가장자리구역통행중,길가장자리구역통행중,안전운전 의무 불이행,단일로,기타단일로,화물차,보행자,943742.2,1667434.9,126.8834892,35.00029979
2018,2018-03-29 10,주,목,1,2,1,0,0,전남,장흥군,차대차,측면충돌,측면충돌,안전운전 의무 불이행,교차로,교차로내,승용차,원동기장치자전거,945637,1631240.2,126.9065993,34.67402874
2018,2018-01-20 00,야,토,1,6,1,4,0,전남,장흥군,차대차,측면충돌,측면충돌,과속,단일로,기타단일로,승용차,승용차,950929,1637758,126.963983,34.73307041
2018,2018-08-02 20,야,목,1,1,0,0,0,전남,고흥군,차량단독,공작물충돌,공작물충돌,안전운전 의무 불이행,단일로,기타단일로,승합차,없음,966589,1604093,127.1363627,34.43011612
2018,2018-06-09 16,주,토,1,1,0,0,0,전남,고흥군,차량단독,공작물충돌,공작물충돌,안전운전 의무 불이행,단일로,기타단일로,농기계,없음,990657,1616907,127.3981718,34.5461735
2018,2018-08-28 17,주,화,1,1,0,0,0,전남,고흥군,차대차,측면충돌,측면충돌,안전운전 의무 불이행,교차로,교차로내,사륜오토바이(ATV),화물차,985087,1620139,127.3374086,34.57525415
2018,2018-12-05 13,주,수,1,1,0,0,0,전남,고흥군,차량단독,기타,기타,안전운전 의무 불이행,단일로,기타단일로,농기계,없음,977177,1625845,127.2510156,34.62656522
2018,2018-03-21 13,주,수,1,1,0,0,0,전남,해남군,차량단독,기타,기타,안전운전 의무 불이행,단일로,기타단일로,승용차,없음,924636,1620344,126.6783494,34.57444561
2018,2018-10-06 10,주,토,1,1,0,0,0,전남,해남군,차량단독,기타,기타,안전운전 의무 불이행,단일로,기타단일로,사륜오토바이(ATV),없음,901882.8,1620679.1,126.4302794,34.57554532
2018,2018-02-09 21,야,금,1,1,0,0,0,전남,보성군,차량단독,기타,기타,안전운전 의무 불이행,단일로,기타단일로,원동기장치자전거,없음,967692.4,1640429.7,127.1469882,34.75783099
2018,2018-03-25 21,야,일,1,1,0,0,0,전남,영광군,차대사람,횡단중,횡단중,안전운전 의무 불이행,교차로,교차로내,화물차,보행자,908915,1692511,126.4991101,35.2238454
2018,2018-03-19 15,주,월,1,2,1,0,0,전남,영광군,차대차,정면충돌,정면충돌,중앙선 침범,단일로,기타단일로,화물차,승용차,906069,1699123,126.4670852,35.28319393
2018,2018-12-15 00,야,토,1,1,0,0,0,전남,화순군,차대사람,차도통행중,차도통행중,안전운전 의무 불이행,단일로,기타단일로,승용차,보행자,947116,1673210,126.9200922,35.05255565
2018,2018-04-24 03,야,화,1,1,0,0,0,전남,강진군,차대사람,횡단중,횡단중,안전운전 의무 불이행,단일로,기타단일로,화물차,보행자,933462.7,1634771.5,126.7734408,34.70515182
2018,2018-01-09 04,야,화,2,2,0,0,0,전남,강진군,차량단독,공작물충돌,공작물충돌,안전운전 의무 불이행,단일로,기타단일로,승용차,없음,928698.2,1638656.3,126.7210902,34.73985983
2018,2018-05-29 23,야,화,1,1,0,0,0,전남,담양군,차량단독,전도,전도,안전운전 의무 불이행,단일로,기타단일로,원동기장치자전거,없음,956191,1708056,127.0177477,35.36719026
2018,2018-08-26 07,주,일,1,3,0,2,0,전남,담양군,차대차,측면충돌,측면충돌,교차로 통행방법 위반,교차로,교차로내,화물차,승용차,956164,1704392,127.017647,35.33415225
2018,2018-11-03 16,주,토,1,1,0,0,0,전남,무안군,차량단독,공작물충돌,공작물충돌,안전운전 의무 불이행,단일로,기타단일로,이륜차,없음,893279.5,1681942.9,126.3286962,35.12702862
2018,2018-08-26 00,야,일,1,1,0,0,0,전남,무안군,차량단독,공작물충돌,공작물충돌,안전운전 의무 불이행,교차로,교차로내,승용차,없음,905470,1647135.5,126.4664214,34.81442399
2018,2018-10-20 19,야,토,1,1,0,0,0,전남,무안군,차대사람,횡단중,횡단중,안전운전 의무 불이행,교차로,교차로부근,승용차,보행자,903998.7,1648392.8,126.4501929,34.82562234