발생년,발생년월일시,주야,요일,사망자수,부상자수,중상자수,경상자수,부상신고자수,발생지시도,발생지시군구,사고유형_대분류,사고유형_중분류,사고유형,가해자법규위반,도로형태_대분류,도로형태,가해자_당사자종별,피해자_당사자종별,발생위치X_UTMK,발생위치Y_UTMK,경도,위도
2018,2018-12-21 17,주,금,1,1,0,0,0,인천,남동구,차대사람,횡단중,횡단중,안전운전 의무 불이행,단일로,기타단일로,승합차,보행자,932768,1938977,126.739909,37.44753585
2018,2018-01-14 00,야,일,1,5,1,3,0,경기,고양시,차대차,추돌,추돌,안전운전 의무 불이행,단일로,교량위,승용차,승용차,938655,1959524,126.8047422,37.63313402
2018,2018-06-08 17,주,금,1,1,0,0,0,경기,고양시,차대사람,기타,기타,안전운전 의무 불이행,단일로,교량위,화물차,보행자,947216,1963887,126.9014481,37.67298932
2018,2018-09-01 19,야,토,1,4,0,3,0,경기,안양시,차대차,추돌,추돌,안전운전 의무 불이행,단일로,고가도로위,승용차,승용차,947185,1936245,126.9030867,37.42384741
2018,2018-08-07 15,주,화,1,2,0,1,0,경기,안산시,차량단독,공작물충돌,공작물충돌,안전운전 의무 불이행,단일로,기타단일로,화물차,없음,937327,1927640,126.7924083,37.34567417
2018,2018-10-06 03,야,토,1,1,0,0,0,인천,부평구,차대차,기타,기타,안전운전 의무 불이행,단일로,교량위,화물차,승용차,933848,1947395,126.7513612,37.52348448
2018,2018-10-05 20,야,금,1,1,0,0,0,광주,동구,차대사람,횡단중,횡단중,안전운전 의무 불이행,단일로,기타단일로,승용차,보행자,948198.6137,1684795.565,126.931238,35.157077
2018,2018-01-22 05,야,월,1,1,0,0,0,광주,남구,차대차,측면충돌,측면충돌,기타(운전자법규위반),교차로,교차로부근,승용차,자전거,947003,1680940,126.9183585,35.12224993
2018,2018-10-10 17,주,수,1,1,0,0,0,광주,북구,차대사람,횡단중,횡단중,보행자 보호의무 위반,단일로,기타단일로,건설기계,보행자,945607.7,1685869.9,126.9027212,35.16662709
2018,2018-05-30 20,야,수,1,1,0,0,0,광주,북구,차대사람,횡단중,횡단중,신호위반,단일로,기타단일로,승용차,보행자,945605,1684956,126.9027518,35.15838657
2018,2018-03-31 12,주,토,1,1,0,0,0,광주,북구,차대차,측면충돌,측면충돌,기타(운전자법규위반),단일로,기타단일로,승용차,이륜차,946462,1686629,126.9120525,35.17351756
2018,2018-11-15 18,야,목,1,1,0,0,0,광주,광산구,차대사람,횡단중,횡단중,안전운전 의무 불이행,교차로,교차로부근,승용차,보행자,932525,1680848,126.7594807,35.12055382
2018,2018-05-12 20,야,토,1,1,0,0,0,대전,중구,차대차,측면충돌,측면충돌,안전운전 의무 불이행,교차로,교차로내,승용차,이륜차,994317,1812942,127.4366932,36.3138071
2018,2018-03-31 13,주,토,1,1,0,0,0,대전,중구,차대차,측면충돌,측면충돌,신호위반,단일로,기타단일로,화물차,자전거,990346,1814354,127.3924401,36.32650529
2018,2018-01-02 05,야,화,1,1,0,0,0,대전,중구,차대차,추돌,추돌,안전운전 의무 불이행,단일로,기타단일로,승용차,자전거,992252,1813788,127.4136814,36.32141978
2018,2018-09-05 07,주,수,1,1,0,0,0,대전,동구,차량단독,공작물충돌,공작물충돌,안전운전 의무 불이행,단일로,기타단일로,승용차,없음,999576,1816700,127.4952747,36.34770381
2018,2018-10-14 22,야,일,1,1,0,0,0,대전,동구,차대사람,횡단중,횡단중,안전운전 의무 불이행,단일로,기타단일로,승용차,보행자,995839,1813360,127.4536456,36.31758334
2018,2018-05-30 13,주,수,1,1,0,0,0,대전,서구,차대사람,횡단중,횡단중,안전운전 의무 불이행,단일로,고가도로위,화물차,보행자,985360,1811578,127.336941,36.30141555
2018,2018-09-03 21,야,월,1,1,0,0,0,대전,서구,차대사람,횡단중,횡단중,안전운전 의무 불이행,단일로,기타단일로,승용차,보행자,989092,1814057,127.3784729,36.32381432
2018,2018-02-20 11,주,화,1,1,0,0,0,대전,대덕구,차대사람,길가장자리구역통행중,길가장자리구역통행중,안전운전 의무 불이행,단일로,기타단일로,화물차,보행자,993045,1826524,127.422402,36.43624551
2018,2018-04-11 23,야,수,1,1,0,0,0,대전,서구,차대차,기타,기타,중앙선 침범,단일로,기타단일로,승용차,이륜차,989187,1817375,127.3794852,36.35372853
2018,2018-04-07 17,주,토,1,1,0,0,0,대전,유성구,차대사람,횡단중,횡단중,보행자 보호의무 위반,교차로,교차로횡단보도내,승용차,보행자,989792,1826424,127.3861092,36.43531487
2018,2018-09-07 04,야,금,1,2,0,1,0,대전,유성구,차대차,추돌,추돌,안전운전 의무 불이행,단일로,기타단일로,승용차,화물차,984472,1818580,127.326911,36.36452749
2018,2018-05-27 12,주,일,1,2,1,0,0,울산,북구,차대차,추돌,추돌,과속,단일로,기타단일로,승용차,원동기장치자전거,1166503,1742299,129.3395134,35.66285687
2018,2018-04-29 03,야,일,1,1,0,0,0,울산,남구,차량단독,공작물충돌,공작물충돌,안전운전 의무 불이행,교차로,교차로내,이륜차,없음,1165402,1729234,129.3246793,35.54530095
2018,2018-08-05 06,주,일,1,1,0,0,0,울산,남구,차대차,추돌,추돌,안전운전 의무 불이행,단일로,기타단일로,승용차,자전거,1160988,1729869,129.2761325,35.55175065
2018,2018-07-08 01,야,일,1,1,0,0,0,울산,남구,차대사람,횡단중,횡단중,안전운전 의무 불이행,교차로,교차로횡단보도내,화물차,보행자,1166018,1728456,129.3313124,35.5381866
2018,2018-04-01 19,야,일,1,1,0,0,0,울산,남구,차대사람,횡단중,횡단중,보행자 보호의무 위반,기타,기타,승용차,보행자,1162276,1729239,129.2902102,35.54586284
2018,2018-03-22 11,주,목,1,1,0,0,0,울산,남구,차대차,기타,기타,안전운전 의무 불이행,단일로,기타단일로,승용차,자전거,1159909,1729495,129.2641594,35.54855478
2018,2018-11-30 03,야,금,1,1,0,0,0,울산,동구,차대사람,기타,기타,안전운전 의무 불이행,단일로,기타단일로,승용차,보행자,1174918,1722793,129.4282171,35.48562368
2018,2018-03-22 23,야,목,1,1,0,0,0,울산,동구,차량단독,기타,기타,안전운전 의무 불이행,단일로,기타단일로,이륜차,없음,1175160,1725930,129.4315604,35.51385029
2018,2018-07-02 09,주,월,1,2,1,0,0,울산,울주군,차대차,기타,기타,중앙선 침범,단일로,기타단일로,승용차,화물차,1145569,1732083,129.1064805,35.57409116
2018,2018-06-27 18,야,수,1,1,0,0,0,울산,울주군,차대사람,횡단중,횡단중,안전운전 의무 불이행,교차로,교차로내,승용차,보행자,1161412,1714903,129.2778346,35.41680271
2018,2018-03-23 20,야,금,1,1,0,0,0,경기,의정부시,차대차,추돌,추돌,안전운전 의무 불이행,교차로,교차로부근,승용차,화물차,964977,1968940,127.102603,37.71938289
2018,2018-09-19 08,주,수,1,1,0,0,0,경기,고양시,차대차,측면충돌,측면충돌,중앙선 침범,교차로,교차로부근,자전거,화물차,947241,1968363,126.9014073,37.7133324
2018,2018-11-30 04,야,금,1,1,0,0,0,경기,고양시,차대차,추돌,추돌,과속,단일로,기타단일로,승용차,이륜차,939920,1962947,126.8187965,37.66406845
2018,2018-06-30 11,주,토,1,1,0,0,0,경기,남양주시,차량단독,기타,기타,안전운전 의무 불이행,단일로,기타단일로,자전거,없음,971601,1954644,127.178319,37.59075833
2018,2018-12-15 02,야,토,1,1,0,0,0,경기,파주시,차량단독,공작물충돌,공작물충돌,안전운전 의무 불이행,단일로,기타단일로,승용차,없음,945722,1970824,126.8839903,37.73542415
2018,2018-10-10 10,주,수,1,1,0,0,0,경기,파주시,차대사람,차도통행중,차도통행중,안전운전 의무 불이행,단일로,기타단일로,승합차,보행자,931702,1971414,126.7248316,37.73980266
2018,2018-01-10 20,야,수,1,2,0,1,0,경기,동두천시,차대차,기타,기타,중앙선 침범,교차로,교차로부근,승용차,화물차,960442,1992238,127.0498733,37.92918057
2018,2018-08-02 18,야,목,1,1,0,0,0,경기,동두천시,차량단독,공작물충돌,공작물충돌,안전운전 의무 불이행,교차로,교차로내,승용차,없음,962046,1996667,127.0678908,37.96916631
2018,2018-12-07 17,주,금,1,1,0,0,0,경기,구리시,차량단독,기타,기타,안전운전 의무 불이행,기타,기타,원동기장치자전거,없음,967503,1956621,127.1318131,37.60844205
2018,2018-01-09 17,주,화,1,3,2,0,0,경기,포천시,차대차,정면충돌,정면충돌,신호위반,교차로,교차로내,화물차,화물차,977222,2016860,127.2400255,38.15166781
2018,2018-04-09 06,주,월,1,7,6,0,0,경기,포천시,차량단독,공작물충돌,공작물충돌,안전운전 의무 불이행,교차로,교차로부근,화물차,없음,979112,1980290,127.2626608,37.82211394
2018,2018-10-22 09,주,월,1,1,0,0,0,경기,포천시,차대사람,횡단중,횡단중,안전운전 의무 불이행,단일로,기타단일로,승합차,보행자,988276,2003951,127.3664007,38.03553395
2018,2018-06-22 23,야,금,1,1,0,0,0,경기,포천시,차량단독,기타,기타,안전운전 의무 불이행,단일로,교량위,화물차,없음,990505,2010552,127.3917133,38.09505346
2018,2018-10-18 18,야,목,1,1,0,0,0,경기,연천군,차대사람,횡단중,횡단중,안전운전 의무 불이행,교차로,교차로내,승용차,보행자,962070,2005594,127.0676918,38.04962305
2018,2018-05-19 07,주,토,1,1,0,0,0,경기,고양시,차량단독,기타,기타,안전운전 의무 불이행,단일로,기타단일로,자전거,없음,931972,1962825,126.7286983,37.66241408
2018,2018-03-23 18,야,금,1,1,0,0,0,서울,중구,차대차,측면충돌,측면충돌,안전운전 의무 불이행,교차로,교차로내,승용차,이륜차,956058,1951817,127.0024349,37.56466688
2018,2018-06-03 12,주,일,1,1,0,0,0,서울,종로구,차대차,측면충돌,측면충돌,신호위반,교차로,교차로내,화물차,승용차,952290,1955864,126.9595071,37.60095554
2018,2018-05-13 22,야,일,1,1,0,0,0,서울,서대문구,차대사람,차도통행중,차도통행중,기타(운전자법규위반),단일로,기타단일로,승합차,보행자,951559,1953635,126.9513736,37.58082709
2018,2018-04-28 01,야,토,1,1,0,0,0,서울,은평구,차대사람,기타,기타,안전운전 의무 불이행,교차로,교차로부근,승용차,보행자,949230,1955207,126.9248883,37.59487011
2018,2018-01-06 05,야,토,1,1,0,0,0,서울,용산구,차대사람,횡단중,횡단중,안전운전 의무 불이행,단일로,기타단일로,승용차,보행자,954826,1948409,126.9886951,37.53389018
2018,2018-08-11 21,야,토,1,2,1,0,0,서울,성북구,차대사람,보도통행중,보도통행중,안전운전 의무 불이행,단일로,기타단일로,이륜차,보행자,956571,1954348,127.0080935,37.58750368
2018,2018-08-01 23,야,수,1,2,0,1,0,서울,성북구,차대사람,횡단중,횡단중,안전운전 의무 불이행,단일로,기타단일로,승용차,보행자,956650,1954575,127.0089748,37.5895534
2018,2018-02-25 04,야,일,1,4,2,1,0,서울,강북구,차대차,측면충돌,측면충돌,신호위반,교차로,교차로내,승용차,승용차,958822,1956920,127.0334443,37.61078916
2018,2018-07-09 01,야,월,1,1,0,0,0,서울,강북구,차대사람,횡단중,횡단중,신호위반,교차로,교차로내,승합차,보행자,958126,1959606,127.0254049,37.6349671
2018,2018-06-19 05,야,화,1,1,0,0,0,서울,강북구,차량단독,기타,기타,안전운전 의무 불이행,단일로,기타단일로,자전거,없음,956386,1963885,127.0054288,37.67345315
2018,2018-10-28 06,주,일,1,1,0,0,0,서울,동대문구,차대사람,횡단중,횡단중,보행자 보호의무 위반,교차로,교차로횡단보도내,승용차,보행자,960800,1954594,127.0559795,37.58991084
2018,2018-05-15 20,야,화,1,1,0,0,0,서울,마포구,차대차,측면충돌,측면충돌,안전운전 의무 불이행,단일로,기타단일로,자전거,승용차,951991,1950582,126.9564661,37.55333256
2018,2018-04-10 11,주,화,1,1,0,0,0,서울,마포구,차대사람,기타,기타,안전운전 의무 불이행,단일로,기타단일로,승합차,보행자,948811,1950711,126.9204563,37.55432404
2018,2018-10-03 09,주,수,1,2,0,1,0,서울,영등포구,차대차,기타,기타,안전운전 의무 불이행,교차로,교차로부근,자전거,승용차,947396,1946899,126.9047102,37.5198863
2018,2018-08-09 23,야,목,1,1,0,0,0,서울,영등포구,차대차,측면충돌,측면충돌,안전운전 의무 불이행,교차로,교차로부근,자전거,승용차,947702,1944239,126.9083621,37.49592866
2018,2018-05-17 01,야,목,1,1,0,0,0,서울,영등포구,차량단독,공작물충돌,공작물충돌,안전운전 의무 불이행,교차로,교차로내,승용차,없음,945855,1946258,126.8873197,37.51401971
2018,2018-02-19 14,주,월,1,1,0,0,0,서울,영등포구,차대사람,횡단중,횡단중,신호위반,단일로,기타단일로,승용차,보행자,949119,1947547,126.9241626,37.5258235
2018,2018-07-13 07,주,금,1,1,0,0,0,서울,영등포구,차대차,기타,기타,안전운전 의무 불이행,단일로,기타단일로,화물차,화물차,947038,1946449,126.9006915,37.5158099
2018,2018-01-18 17,주,목,1,1,0,0,0,서울,성동구,차대사람,횡단중,횡단중,안전운전 의무 불이행,단일로,기타단일로,승용차,보행자,959059,1951275,127.0364451,37.55992001
2018,2018-04-13 14,주,금,1,1,0,0,0,서울,동작구,차대사람,횡단중,횡단중,신호위반,단일로,기타단일로,승용차,보행자,950377,1946178,126.9384917,37.51355298
2018,2018-11-29 11,주,목,1,4,1,2,0,서울,중랑구,차대차,정면충돌,정면충돌,중앙선 침범,불명,불명,승용차,승용차,963306,1955941,127.0842968,37.60215509
2018,2018-03-10 01,야,토,1,1,0,0,0,서울,관악구,차대사람,보도통행중,보도통행중,안전운전 의무 불이행,교차로,교차로횡단보도내,이륜차,보행자,949919,1941788,126.9336083,37.47396013
2018,2018-01-05 00,야,금,1,3,2,0,0,서울,강서구,차대차,정면충돌,정면충돌,안전운전 의무 불이행,교차로,교차로부근,승용차,승용차,940755,1952815,126.8290845,37.5728044
2018,2018-08-13 18,야,월,1,1,0,0,0,서울,강서구,차대사람,횡단중,횡단중,안전운전 의무 불이행,교차로,교차로부근,화물차,보행자,939299,1952541,126.8126199,37.57024
2018,2018-06-30 02,야,토,1,1,0,0,0,서울,강서구,차대사람,기타,기타,안전운전 의무 불이행,단일로,기타단일로,승용차,보행자,943241,1949043,126.8575273,37.53896395
2018,2018-03-04 22,야,일,1,3,0,2,0,서울,송파구,차대차,정면충돌,정면충돌,중앙선 침범,단일로,지하차도(도로)내,원동기장치자전거,승합차,966091,1944152,127.1163921,37.49600317
2018,2018-02-21 22,야,수,1,5,0,4,0,서울,송파구,차대차,추돌,추돌,안전운전 의무 불이행,교차로,교차로부근,화물차,승용차,965783,1946811,127.1127841,37.51995856
2018,2018-04-16 17,주,월,1,1,0,0,0,서울,송파구,차대사람,길가장자리구역통행중,길가장자리구역통행중,안전운전 의무 불이행,교차로,교차로내,승용차,보행자,966778,1943299,127.1242025,37.48833964
2018,2018-11-04 17,주,일,1,1,0,0,0,서울,송파구,차대사람,횡단중,횡단중,안전운전 의무 불이행,단일로,기타단일로,승용차,보행자,962630,1944913,127.0772006,37.50272876
2018,2018-02-17 12,주,토,1,1,0,0,0,서울,송파구,차대차,측면충돌,측면충돌,안전운전 의무 불이행,교차로,교차로횡단보도내,화물차,자전거,964997,1945508,127.1039516,37.50818457
2018,2018-11-11 07,주,일,2,10,4,4,0,서울,송파구,차대차,기타,기타,안전운전 의무 불이행,단일로,기타단일로,승용차,승합차,963373,1946466,127.0855292,37.51675638
2018,2018-12-13 13,주,목,1,2,1,0,0,서울,성북구,차량단독,공작물충돌,공작물충돌,안전운전 의무 불이행,단일로,기타단일로,승용차,없음,958178,1956131,127.026193,37.60364868
2018,2018-12-24 05,야,월,1,1,0,0,0,서울,서초구,차대차,기타,기타,안전운전 의무 불이행,단일로,기타단일로,승용차,승용차,959188.7,1940745.3,127.0384984,37.46501785
2018,2018-11-29 23,야,목,1,5,1,3,0,서울,서초구,차대차,측면충돌,측면충돌,신호위반,교차로,교차로내,승용차,승합차,956965,1945592,127.0130697,37.50860203
2018,2018-11-21 04,야,수,1,1,0,0,0,서울,양천구,차대사람,횡단중,횡단중,신호위반,교차로,교차로횡단보도내,승용차,보행자,941612,1946667,126.8392781,37.51744725
2018,2018-10-09 22,야,화,1,1,0,0,0,서울,양천구,차량단독,전도,전도,안전운전 의무 불이행,단일로,교량위,이륜차,없음,941233,1947550,126.834919,37.52538168
2018,2018-10-15 12,주,월,1,1,0,0,0,서울,노원구,차대사람,보도통행중,보도통행중,기타(운전자법규위반),단일로,기타단일로,승용차,보행자,961344,1961159,127.0617941,37.64910564
2018,2018-06-25 08,주,월,1,1,0,0,0,서울,노원구,차대사람,차도통행중,차도통행중,안전운전 의무 불이행,단일로,기타단일로,승용차,보행자,962805,1961949,127.0783154,37.65628642
2018,2018-02-07 18,야,수,1,1,0,0,0,서울,도봉구,차대사람,기타,기타,안전운전 의무 불이행,교차로,교차로부근,승용차,보행자,959831,1963854,127.0444947,37.67333108
2018,2018-09-09 02,야,일,1,1,0,0,0,서울,은평구,차량단독,공작물충돌,공작물충돌,안전운전 의무 불이행,단일로,기타단일로,원동기장치자전거,없음,948379,1957711,126.9150721,37.61739138
2018,2018-02-06 11,주,화,1,1,0,0,0,서울,은평구,차대사람,횡단중,횡단중,안전운전 의무 불이행,교차로,교차로내,승용차,보행자,948558,1958412,126.917051,37.62371954
2018,2018-08-12 05,야,일,1,1,0,0,0,서울,강남구,차량단독,기타,기타,안전운전 의무 불이행,단일로,지하차도(도로)내,승용차,없음,962353.7,1942968.9,127.0741741,37.48519452
2018,2018-08-12 21,야,일,1,1,0,0,0,부산,북구,차대사람,횡단중,횡단중,안전운전 의무 불이행,단일로,기타단일로,승용차,보행자,1136219,1691130,128.9964918,35.20628151
2018,2018-07-12 13,주,목,1,1,0,0,0,부산,동래구,차대차,기타,기타,교차로 통행방법 위반,교차로,교차로내,승용차,자전거,1144184,1690954,129.0839349,35.20358215
2018,2018-07-18 18,야,수,1,20,5,14,0,부산,동래구,차대사람,횡단중,횡단중,안전운전 의무 불이행,단일로,기타단일로,승합차,보행자,1143799,1690961,129.0797082,35.20370049
2018,2018-02-12 13,주,월,1,1,0,0,0,부산,영도구,차대차,측면충돌,측면충돌,신호위반,교차로,교차로내,자전거,건설기계,1142004,1679385,129.0580049,35.09961159
2018,2018-04-28 08,주,토,1,1,0,0,0,부산,영도구,차대차,측면충돌,측면충돌,중앙선 침범,단일로,기타단일로,이륜차,화물차,1141016,1678090,129.046948,35.08807725
2018,2018-04-25 17,주,수,1,1,0,0,0,부산,해운대구,차대사람,횡단중,횡단중,안전운전 의무 불이행,단일로,기타단일로,특수차,보행자,1148180,1692817,129.1281528,35.21979214
2018,2018-02-25 06,주,일,1,1,0,0,0,부산,해운대구,차대사람,횡단중,횡단중,안전운전 의무 불이행,기타,기타,화물차,보행자,1149747,1686574,129.1442298,35.16328854
2018,2018-07-28 04,야,토,1,1,0,0,0,부산,부산진구,차량단독,기타,기타,안전운전 의무 불이행,단일로,기타단일로,이륜차,없음,1142897,1686391,129.0690105,35.16263639
2018,2018-05-18 22,야,금,1,1,0,0,0,부산,부산진구,차대사람,기타,기타,안전운전 의무 불이행,단일로,기타단일로,이륜차,보행자,1142082.4,1685987.5,129.0599996,35.1591148
2018,2018-10-11 00,야,목,1,1,0,0,0,부산,부산진구,차대사람,기타,기타,안전운전 의무 불이행,단일로,기타단일로,승용차,보행자,1139272.3,1684680.2,129.0289354,35.14772412
2018,2018-04-09 17,주,월,1,1,0,0,0,부산,사하구,차대차,측면충돌,측면충돌,안전거리 미확보,단일로,기타단일로,이륜차,승합차,1133391,1679982,128.9636314,35.10617056
2018,2018-12-21 06,주,금,1,1,0,0,0,부산,연제구,차대사람,길가장자리구역통행중,길가장자리구역통행중,안전운전 의무 불이행,단일로,기타단일로,승합차,보행자,1144623,1688353,129.0882995,35.18007439
2018,2018-06-28 05,야,목,1,1,0,0,0,부산,연제구,차대사람,횡단중,횡단중,과속,단일로,기타단일로,승용차,보행자,1144741,1687707,129.0894816,35.17423455
2018,2018-02-23 20,야,금,1,1,0,0,0,부산,강서구,차대사람,횡단중,횡단중,안전운전 의무 불이행,단일로,기타단일로,승용차,보행자,1134410.3,1691674.3,128.9767163,35.21143182
2018,2018-03-09 07,주,금,1,1,0,0,0,부산,강서구,차대사람,횡단중,횡단중,안전운전 의무 불이행,단일로,기타단일로,승용차,보행자,1126185.1,1677944.2,128.8842753,35.08872921
2018,2018-05-19 22,야,토,1,1,0,0,0,부산,강서구,차대사람,기타,기타,안전운전 의무 불이행,단일로,기타단일로,승용차,보행자,1130010.6,1680674.7,128.9266592,35.11285698
2018,2018-03-31 09,주,토,1,1,0,0,0,부산,강서구,차대사람,기타,기타,과속,교차로,교차로부근,승용차,보행자,1132840.6,1686276.4,128.9586057,35.16298301
2018,2018-01-16 21,야,화,1,1,0,0,0,부산,기장군,차대사람,횡단중,횡단중,보행자 보호의무 위반,교차로,교차로횡단보도내,화물차,보행자,1153773,1704001,129.1916783,35.31975271
2018,2018-07-28 19,야,토,1,1,0,0,0,경남,김해시,차량단독,기타,기타,안전운전 의무 불이행,단일로,기타단일로,화물차,없음,1129543,1706648,128.9256201,35.34704856
2018,2018-02-22 11,주,목,1,2,0,1,0,경남,양산시,차대차,정면충돌,정면충돌,중앙선 침범,단일로,기타단일로,화물차,건설기계,1141048,1710327,129.0528278,35.37865013
2018,2018-08-12 21,야,일,1,1,0,0,0,경기,수원시,차대사람,차도통행중,차도통행중,안전운전 의무 불이행,단일로,기타단일로,승용차,보행자,956172,1922882,127.0054448,37.30386874
2018,2018-08-02 23,야,목,1,1,0,0,0,경기,성남시,차량단독,전도,전도,안전운전 의무 불이행,단일로,기타단일로,개인형이동수단(PM),없음,964803,1936027,127.1022096,37.42272018
2018,2018-08-18 09,주,토,3,3,0,0,0,경기,평택시,차대차,측면충돌,측면충돌,과속,교차로,교차로내,이륜차,승용차,962470,1899324,127.077694,37.09179534
2018,2018-03-10 16,주,토,1,1,0,0,0,경기,평택시,차대차,측면충돌,측면충돌,직진 및 우회전차의 통행방해,교차로,교차로내,승용차,승용차,959162,1885547,127.0412194,36.96746977
2018,2018-06-01 23,야,금,1,1,0,0,0,경기,평택시,차량단독,기타,기타,안전운전 의무 불이행,단일로,기타단일로,승용차,없음,964342,1900255,127.098714,37.10026057
2018,2018-09-28 15,주,금,1,1,0,0,0,경기,평택시,차대사람,길가장자리구역통행중,길가장자리구역통행중,안전운전 의무 불이행,단일로,기타단일로,건설기계,보행자,940772,1889533,126.8343209,37.002421
2018,2018-08-30 10,주,목,1,1,0,0,0,경기,평택시,차대차,측면충돌,측면충돌,안전운전 의무 불이행,교차로,교차로부근,이륜차,승용차,964436,1894064,127.1000649,37.04445786
2018,2018-09-12 13,주,수,1,1,0,0,0,경기,평택시,차량단독,전도,전도,안전운전 의무 불이행,교차로,교차로내,사륜오토바이(ATV),없음,962358,1898009,127.0764997,37.07993737
2018,2018-02-11 10,주,일,1,3,1,1,0,경기,안성시,차대차,측면충돌,측면충돌,신호위반,교차로,교차로내,화물차,화물차,975709,1892887,127.2268719,37.03420766
2018,2018-12-20 07,주,목,1,1,0,0,0,경기,이천시,차대차,정면충돌,정면충돌,안전운전 의무 불이행,단일로,기타단일로,승용차,이륜차,996934,1919042,127.4654185,37.27028329
2018,2018-11-29 23,야,목,1,1,0,0,0,경기,이천시,차량단독,도로이탈,도로이탈 추락,안전운전 의무 불이행,교차로,교차로부근,승용차,없음,1004219,1908169,127.5475247,37.17226858
2018,2018-03-17 01,야,토,1,1,0,0,0,경기,이천시,차대차,기타,기타,안전운전 의무 불이행,단일로,기타단일로,승용차,승용차,986726,1917374,127.3503122,37.25515832
2018,2018-08-14 12,주,화,1,1,0,0,0,경기,이천시,차대차,측면충돌,측면충돌,교차로 통행방법 위반,교차로,교차로내,승용차,이륜차,993632,1924828,127.4281256,37.32242139
2018,2018-03-23 21,야,금,1,1,0,0,0,경기,광주시,차대사람,횡단중,횡단중,안전운전 의무 불이행,단일로,기타단일로,승용차,보행자,979702,1933714,127.2706574,37.40231811
2018,2018-09-22 23,야,토,1,1,0,0,0,경기,광주시,차대사람,기타,기타,안전운전 의무 불이행,교차로,교차로부근,승합차,보행자,979187,1934156,127.2648261,37.40629075
2018,2018-02-01 18,야,목,1,1,0,0,0,경기,여주시,차대차,측면충돌,측면충돌,중앙선 침범,교차로,교차로내,화물차,이륜차,1002671,1913283,127.5301056,37.21837256
2018,2018-07-28 12,주,토,1,7,2,4,0,경기,용인시,차대차,정면충돌,정면충돌,중앙선 침범,교차로,교차로부근,승용차,승용차,968711,1917028,127.1471783,37.25160843
2018,2018-06-05 13,주,화,1,1,0,0,0,경기,용인시,차량단독,공작물충돌,공작물충돌,안전운전 의무 불이행,단일로,기타단일로,건설기계,없음,976087,1927964,127.2299986,37.35040274
2018,2018-05-05 23,야,토,1,1,0,0,0,경기,용인시,차량단독,공작물충돌,공작물충돌,안전운전 의무 불이행,교차로,교차로부근,이륜차,없음,967351,1913896,127.1319802,37.22333026
2018,2018-04-28 09,주,토,1,1,0,0,0,경기,김포시,차대차,측면충돌,측면충돌,신호위반,교차로,교차로내,건설기계,승용차,917737,1961263,126.5674959,37.64717127
2018,2018-12-14 12,주,금,1,3,1,0,1,경기,김포시,차대차,기타,기타,신호위반,교차로,교차로내,이륜차,건설기계,922430,1958055,126.6210287,37.61866799
2018,2018-07-08 16,주,일,2,3,1,0,0,경기,양평군,차량단독,도로이탈,도로이탈 추락,안전운전 의무 불이행,단일로,기타단일로,승용차,없음,1000185,1950490,127.5020945,37.55375434
2018,2018-03-14 14,주,수,1,1,0,0,0,경기,양평군,차량단독,공작물충돌,공작물충돌,안전운전 의무 불이행,단일로,기타단일로,이륜차,없음,986008,1948659,127.3416232,37.53714426
2018,2018-12-29 19,야,토,1,2,0,1,0,경기,오산시,차대차,측면충돌,측면충돌,신호위반,교차로,교차로내,승합차,승합차,962619,1906772,127.0789989,37.15893754
2018,2018-11-02 01,야,금,1,1,0,0,0,경기,화성시,차대사람,횡단중,횡단중,안전운전 의무 불이행,단일로,기타단일로,승용차,보행자,958882,1912645,127.0365891,37.21171891
2018,2018-04-10 21,야,화,1,1,0,0,0,경기,화성시,차량단독,기타,기타,안전운전 의무 불이행,기타,기타,자전거,없음,959412,1914822,127.0424436,37.23136518
2018,2018-12-21 16,주,금,1,1,0,0,0,경기,부천시,차대사람,보도통행중,보도통행중,보행자 보호의무 위반,교차로,교차로횡단보도내,승용차,보행자,933812,1943629,126.7512929,37.48953938
2018,2018-10-30 22,야,화,1,1,0,0,0,경기,광명시,차대차,추돌,추돌,안전운전 의무 불이행,단일로,기타단일로,승용차,건설기계,945211,1941275,126.880404,37.46906915
2018,2018-02-21 05,야,수,1,1,0,0,0,경기,광명시,차대사람,횡단중,횡단중,안전운전 의무 불이행,단일로,기타단일로,승용차,보행자,942722,1941934,126.8522068,37.47485787
2018,2018-12-08 07,주,토,1,1,0,0,0,경기,안산시,차대차,추돌,추돌,안전운전 의무 불이행,단일로,기타단일로,승용차,건설기계,939514,1925952,126.8172361,37.33060487
2018,2018-09-18 20,야,화,1,1,0,0,0,경기,수원시,차대차,측면충돌,측면충돌,안전운전 의무 불이행,교차로,교차로횡단보도내,승합차,자전거,961496,1917718,127.0657866,37.25755757