발생년,발생년월일시,주야,요일,사망자수,부상자수,중상자수,경상자수,부상신고자수,발생지시도,발생지시군구,사고유형_대분류,사고유형_중분류,사고유형,가해자법규위반,도로형태_대분류,도로형태,가해자_당사자종별,피해자_당사자종별,발생위치X_UTMK,발생위치Y_UTMK,경도,위도
2018,2018-04-14 17,주,토,1,1,0,0,0,전북,남원시,차대사람,기타,기타,안전운전 의무 불이행,단일로,기타단일로,승용차,보행자,995449,1718076,127.4498456,35.45849067
2018,2018-04-24 15,주,화,1,1,0,0,0,전북,고창군,차대차,측면충돌,측면충돌,신호위반,교차로,교차로내,원동기장치자전거,건설기계,913188,1704573,126.5447819,35.33297272
2018,2018-09-15 14,주,토,1,7,6,0,0,전북,고창군,차대차,측면충돌,측면충돌,신호위반,교차로,교차로내,승용차,승용차,914215,1714912,126.5549946,35.42627425
2018,2018-10-25 17,주,목,1,1,0,0,0,전북,고창군,차대차,측면충돌,측면충돌,신호위반,교차로,교차로내,이륜차,화물차,910305,1719126,126.5114633,35.46392055
2018,2018-07-29 20,야,일,1,5,3,1,0,전북,부안군,차대차,정면충돌,정면충돌,중앙선 침범,단일로,기타단일로,승용차,화물차,907618.6,1736554.8,126.4798724,35.6207986
2018,2018-01-20 19,야,토,1,1,0,0,0,전북,부안군,차대사람,기타,기타,안전운전 의무 불이행,주차장,주차장,승용차,보행자,931115.8,1748244.7,126.738317,35.72810802
2018,2018-03-22 16,주,목,1,1,0,0,0,전북,순창군,차대차,정면충돌,정면충돌,중앙선 침범,기타,기타,이륜차,건설기계,976201,1716007,127.2377841,35.43956066
2018,2018-10-02 14,주,화,1,1,0,0,0,전북,장수군,차량단독,도로이탈,도로이탈 추락,안전운전 의무 불이행,기타,기타,화물차,없음,1008694,1750656,127.5961633,35.75222144
2018,2018-05-25 13,주,금,1,1,0,0,0,전북,무주군,차량단독,공작물충돌,공작물충돌,안전운전 의무 불이행,단일로,지하차도(도로)내,화물차,없음,1029273.8,1769243.8,127.8244735,35.91941259
2018,2018-06-25 12,주,월,1,1,0,0,0,전북,무주군,차량단독,전도,전도,안전운전 의무 불이행,단일로,기타단일로,화물차,없음,1029294.1,1769247.4,127.8246987,35.91944444
2018,2018-08-17 07,주,금,1,1,0,0,0,전북,완주군,차량단독,기타,기타,안전운전 의무 불이행,단일로,기타단일로,승용차,없음,966233.4,1772717.7,127.1255811,35.95058785
2018,2018-07-03 14,주,화,1,6,4,1,0,전북,완주군,차량단독,공작물충돌,공작물충돌,안전운전 의무 불이행,단일로,기타단일로,승합차,없음,964904,1769650,127.110976,35.9228831
2018,2018-06-08 03,야,금,2,7,3,2,0,경남,함양군,차대차,추돌,추돌,안전운전 의무 불이행,단일로,고가도로위,화물차,화물차,1023812,1731741,127.762821,35.58142729
2018,2018-09-29 12,주,토,1,1,0,0,0,전북,군산시,차대차,추돌,추돌,안전운전 의무 불이행,단일로,기타단일로,화물차,화물차,936623,1780279,126.7966603,36.01728191
2018,2018-09-26 06,주,수,1,5,4,0,0,충남,당진시,차대차,기타,기타,안전운전 의무 불이행,단일로,기타단일로,화물차,승용차,924148,1874063,126.6490477,36.86178676
2018,2018-09-21 05,야,금,1,2,0,1,0,전북,부안군,차대차,추돌,추돌,안전운전 의무 불이행,단일로,기타단일로,화물차,특수차,927242,1731550,126.6969943,35.57731692
2018,2018-12-09 06,주,일,2,6,0,4,0,전북,군산시,차량단독,기타,기타,안전운전 의무 불이행,단일로,기타단일로,승합차,없음,938445,1777444,126.8170994,35.99184042
2018,2018-03-05 03,야,월,1,1,0,0,0,충남,서산시,차대차,추돌,추돌,기타(운전자법규위반),단일로,기타단일로,화물차,승용차,916265,1857620,126.5624294,36.71291111
2018,2018-03-22 22,야,목,1,3,0,2,0,충남,보령시,차대차,측면충돌,측면충돌,안전운전 의무 불이행,단일로,기타단일로,승용차,화물차,917587,1826988,126.5805097,36.43691277
2018,2018-10-15 06,주,월,1,2,0,1,0,전남,여수시,차대차,정면충돌,정면충돌,중앙선 침범,단일로,기타단일로,승용차,화물차,1025049.2,1629908.9,127.7733908,34.66316094
2018,2018-11-27 04,야,화,1,1,0,0,0,전남,여수시,차량단독,공작물충돌,공작물충돌,안전운전 의무 불이행,단일로,기타단일로,승용차,없음,1015658.8,1641218.9,127.671113,34.76533929
2018,2018-09-22 19,야,토,1,1,0,0,0,전남,여수시,차대사람,차도통행중,차도통행중,안전운전 의무 불이행,기타,기타,승용차,보행자,1019314,1640482,127.7110384,34.75863143
2018,2018-07-19 11,주,목,1,1,0,0,0,전남,여수시,차대사람,횡단중,횡단중,신호위반,단일로,기타단일로,승용차,보행자,1018984.6,1640126.4,127.7074312,34.75543091
2018,2018-06-28 19,야,목,1,2,1,0,0,전남,여수시,차량단독,공작물충돌,공작물충돌,안전운전 의무 불이행,단일로,기타단일로,승용차,없음,1021142,1629141.3,127.7307282,34.65632698
2018,2018-05-23 17,주,수,1,1,0,0,0,전남,여수시,차대사람,횡단중,횡단중,안전운전 의무 불이행,교차로,교차로부근,승용차,보행자,1021498.9,1639934.4,127.734898,34.75364961
2018,2018-04-04 19,야,수,1,1,0,0,0,전남,여수시,차량단독,전복,전복,안전운전 의무 불이행,단일로,기타단일로,화물차,없음,1012550.6,1646101.7,127.6372209,34.80941406
2018,2018-05-14 20,야,월,1,2,1,0,0,전남,순천시,차대사람,기타,기타,안전운전 의무 불이행,단일로,기타단일로,화물차,보행자,998995,1650110,127.4890071,34.84563657
2018,2018-06-26 18,야,화,1,3,2,0,0,전남,순천시,차대차,측면충돌,측면충돌,과속,교차로,교차로내,승용차,승용차,1007741,1656056,127.5847276,34.89922637
2018,2018-08-24 07,주,금,1,1,0,0,0,전남,순천시,차대차,측면충돌,측면충돌,직진 및 우회전차의 통행방해,교차로,교차로내,화물차,이륜차,981039,1657736,127.2924285,34.91422817
2018,2018-09-12 15,주,수,1,1,0,0,0,전남,순천시,차량단독,전도,전도,안전운전 의무 불이행,단일로,기타단일로,농기계,없음,978484,1664256,127.2642902,34.97297095
2018,2018-05-17 08,주,목,1,1,0,0,0,전남,순천시,차량단독,공작물충돌,공작물충돌,안전운전 의무 불이행,단일로,기타단일로,화물차,없음,992717,1677056,127.4201015,35.08859604
2018,2018-06-29 00,야,금,1,1,0,0,0,전남,나주시,차대사람,기타,기타,안전운전 의무 불이행,기타,기타,화물차,보행자,927628.4,1667829.1,126.7068824,35.00282894
2018,2018-04-11 18,야,수,1,1,0,0,0,전남,나주시,차량단독,기타,기타,안전운전 의무 불이행,단일로,기타단일로,원동기장치자전거,없음,916727.8,1669374.7,126.5872809,35.01592527
2018,2018-01-06 20,야,토,1,1,0,0,0,전남,나주시,차대사람,횡단중,횡단중,안전운전 의무 불이행,단일로,기타단일로,승용차,보행자,931996.2,1670086.5,126.7545606,35.02348643
2018,2018-09-23 06,주,일,1,1,0,0,0,전남,장흥군,차대사람,길가장자리구역통행중,길가장자리구역통행중,안전운전 의무 불이행,단일로,기타단일로,화물차,보행자,949262,1619377,126.9468766,34.56723754
2018,2018-02-10 16,주,토,1,1,0,0,0,전남,해남군,차대사람,기타,기타,안전운전 의무 불이행,단일로,기타단일로,화물차,보행자,909750,1597494,126.5184905,34.36720925
2018,2018-02-27 14,주,화,1,1,0,0,0,전남,해남군,차량단독,도로이탈,도로이탈 기타,안전운전 의무 불이행,단일로,기타단일로,화물차,없음,917841,1598776,126.6063511,34.37944335
2018,2018-02-22 12,주,목,1,1,0,0,0,전남,해남군,차대차,측면충돌,측면충돌,직진 및 우회전차의 통행방해,교차로,교차로내,화물차,이륜차,899033,1620505,126.3992352,34.57369934
2018,2018-09-21 12,주,금,1,1,0,0,0,전남,해남군,차량단독,공작물충돌,공작물충돌,안전운전 의무 불이행,단일로,기타단일로,화물차,없음,924711,1630111,126.6782995,34.66252092
2018,2018-11-08 19,야,목,2,2,0,0,0,전남,해남군,차량단독,기타,기타,안전운전 의무 불이행,단일로,기타단일로,승합차,없음,893892,1622918,126.3428951,34.59493719
2018,2018-01-03 19,야,수,1,1,0,0,0,전남,보성군,차대사람,길가장자리구역통행중,길가장자리구역통행중,안전운전 의무 불이행,단일로,기타단일로,승용차,보행자,961292.6,1644190.6,127.0768887,34.79152223
2018,2018-12-15 15,주,토,1,3,1,1,0,전남,보성군,차대차,추돌,추돌,안전운전 의무 불이행,단일로,기타단일로,승용차,농기계,967899,1652826,127.1487716,34.86962176
2018,2018-02-27 13,주,화,1,1,0,0,0,전남,보성군,차대차,기타,기타,기타(운전자법규위반),교차로,교차로부근,화물차,화물차,975166,1644700,127.2285221,34.7965485
2018,2018-09-28 11,주,금,1,1,0,0,0,전남,영광군,차량단독,공작물충돌,공작물충돌,안전운전 의무 불이행,단일로,기타단일로,이륜차,없음,904593.1,1694066.9,126.4514452,35.2374708
2018,2018-02-13 00,야,화,1,1,0,0,0,전남,영광군,차량단독,공작물충돌,공작물충돌,안전운전 의무 불이행,단일로,기타단일로,승용차,없음,910516,1695273,126.5163998,35.24889109
2018,2018-01-05 17,주,금,1,1,0,0,0,전남,영광군,차대사람,횡단중,횡단중,보행자 보호의무 위반,교차로,교차로횡단보도내,승용차,보행자,909338.3,1697998.5,126.5031555,35.27335744
2018,2018-12-05 14,주,수,1,2,0,1,0,전남,화순군,차대차,측면충돌,측면충돌,직진 및 우회전차의 통행방해,교차로,교차로내,이륜차,화물차,947619.7,1668378.6,126.92592,35.00901747
2018,2018-12-10 10,주,월,1,1,0,0,0,전남,함평군,차대차,추돌,추돌,차로위반(진로변경 위반),단일로,기타단일로,이륜차,승용차,911898,1672326,126.5340365,35.04212491
2018,2018-07-17 12,주,화,1,1,0,0,0,전남,영암군,차량단독,도로이탈,도로이탈 추락,안전운전 의무 불이행,단일로,기타단일로,승용차,없음,917622.4,1650472.1,126.5989508,34.84556476
2018,2018-07-05 16,주,목,1,1,0,0,0,전남,장성군,차대사람,기타,기타,안전운전 의무 불이행,교차로,교차로내,승용차,보행자,931153,1696744,126.7430963,35.26378508
2018,2018-07-12 11,주,목,1,3,1,1,0,전남,강진군,차대차,정면충돌,정면충돌,중앙선 침범,단일로,기타단일로,승용차,화물차,938103,1606810,126.8261457,34.45330229
2018,2018-01-17 16,주,수,2,5,3,0,0,전남,완도군,차량단독,도로이탈,도로이탈 추락,안전운전 의무 불이행,단일로,기타단일로,농기계,없음,943352.4,1597145.9,126.8839306,34.36645506
2018,2018-03-13 10,주,화,1,2,0,1,0,전남,완도군,차대차,정면충돌,정면충돌,중앙선 침범,단일로,기타단일로,화물차,화물차,935998.8,1601331.3,126.8036492,34.40376905
2018,2018-01-28 09,주,일,1,3,2,0,0,전남,무안군,차대차,정면충돌,정면충돌,중앙선 침범,단일로,기타단일로,화물차,화물차,894090,1676907.5,126.3382346,35.08171798
2018,2018-08-04 11,주,토,1,2,1,0,0,전남,광양시,차대차,추돌,추돌,안전운전 의무 불이행,단일로,기타단일로,화물차,화물차,1014859,1663990,127.6627773,34.97069196
2018,2018-07-01 13,주,일,1,1,0,0,0,전남,광양시,차량단독,공작물충돌,공작물충돌,안전운전 의무 불이행,단일로,기타단일로,승용차,없음,1004626.4,1663294.9,127.5506775,34.96452242
2018,2018-01-13 09,주,토,1,1,0,0,0,전남,광양시,차대사람,횡단중,횡단중,안전운전 의무 불이행,단일로,기타단일로,승용차,보행자,1005457,1663384,127.5597764,34.96532174
2018,2018-06-27 14,주,수,1,1,0,0,0,전남,구례군,차대차,측면충돌,측면충돌,직진 및 우회전차의 통행방해,교차로,교차로내,화물차,이륜차,997275,1690206,127.4700619,35.20719513
2018,2018-07-14 15,주,토,1,13,3,9,0,광주,북구,차대차,기타,기타,안전운전 의무 불이행,단일로,고가도로위,승용차,승용차,948043,1688870,126.9292728,35.19380706
2018,2018-06-26 02,야,화,1,2,0,1,0,전북,정읍시,차대차,추돌,추돌,안전운전 의무 불이행,단일로,기타단일로,화물차,화물차,938291,1728052,126.8191968,35.54652973
2018,2018-01-16 06,주,화,1,1,0,0,0,경북,경주시,차대차,측면충돌,측면충돌,안전운전 의무 불이행,단일로,기타단일로,이륜차,승용차,1156177,1766396,129.2301795,35.8817117
2018,2018-05-02 21,야,수,1,1,0,0,0,경북,경주시,차대차,정면충돌,정면충돌,중앙선 침범,단일로,기타단일로,승용차,승용차,1161609,1761222,129.2892826,35.83420317
2018,2018-02-12 00,야,월,1,3,1,1,0,경북,경주시,차량단독,공작물충돌,공작물충돌,안전운전 의무 불이행,단일로,기타단일로,승용차,없음,1156334,1760194,129.2307026,35.82579398
2018,2018-08-30 17,주,목,1,1,0,0,0,경북,경주시,차량단독,전도,전도,안전운전 의무 불이행,단일로,기타단일로,건설기계,없음,1149806,1777981,129.1618111,35.98711435
2018,2018-08-03 06,주,금,1,1,0,0,0,경북,경주시,차대차,측면충돌,측면충돌,안전운전 의무 불이행,교차로,교차로내,승용차,자전거,1155860,1768757,129.2271313,35.90303955
2018,2018-03-18 20,야,일,1,1,0,0,0,경북,경주시,차대사람,횡단중,횡단중,과속,교차로,교차로부근,승용차,보행자,1180229,1755222,129.4939787,35.77689327
2018,2018-03-07 07,주,수,1,1,0,0,0,경북,안동시,차량단독,전도,전도,안전운전 의무 불이행,단일로,기타단일로,건설기계,없음,1119627,1838532,128.8363908,36.5370368
2018,2018-03-21 19,야,수,1,1,0,0,0,경북,안동시,차대사람,차도통행중,차도통행중,안전운전 의무 불이행,단일로,기타단일로,승용차,보행자,1095875.4,1842989.2,128.5716562,36.57988995
2018,2018-03-25 19,야,일,1,1,0,0,0,경북,김천시,차대사람,차도통행중,차도통행중,안전운전 의무 불이행,교차로,교차로내,화물차,보행자,1057000,1791384,128.1333758,36.11779084
2018,2018-10-25 08,주,목,1,1,0,0,0,경북,김천시,차대차,측면충돌,측면충돌,교차로 통행방법 위반,교차로,교차로내,화물차,이륜차,1052057,1793419,128.0785871,36.13641476
2018,2018-05-01 21,야,화,2,2,0,0,0,경북,김천시,차대차,정면충돌,정면충돌,중앙선 침범,단일로,기타단일로,화물차,승용차,1064162,1795796,128.2133136,36.15711802
2018,2018-04-30 20,야,월,1,1,0,0,0,경북,상주시,차량단독,도로이탈,도로이탈 추락,안전운전 의무 불이행,단일로,기타단일로,농기계,없음,1054619,1814222,128.1085124,36.32381471
2018,2018-03-07 16,주,수,1,1,0,0,0,경북,상주시,차량단독,도로이탈,도로이탈 추락,안전운전 의무 불이행,단일로,기타단일로,농기계,없음,1037145,1825219,127.914365,36.42378678
2018,2018-10-10 17,주,수,1,1,0,0,0,경북,상주시,차대차,측면충돌,측면충돌,안전운전 의무 불이행,교차로,교차로내,화물차,이륜차,1071131,1819013,128.2928969,36.36592545
2018,2018-09-14 05,야,금,1,1,0,0,0,경북,상주시,차량단독,도로이탈,도로이탈 추락,안전운전 의무 불이행,단일로,기타단일로,승용차,없음,1049840,1823411,128.0558606,36.40691243
2018,2018-09-23 14,주,일,1,1,0,0,0,경북,상주시,차량단독,공작물충돌,공작물충돌,안전운전 의무 불이행,단일로,기타단일로,이륜차,없음,1054265,1812148,128.1044243,36.30513768
2018,2018-08-18 20,야,토,1,1,0,0,0,경북,상주시,차대차,추돌,추돌,안전거리 미확보,단일로,기타단일로,승합차,자전거,1059098,1827902,128.1594508,36.44687225
2018,2018-01-09 12,주,화,1,1,0,0,0,경북,영주시,차량단독,전복,전복,안전운전 의무 불이행,단일로,기타단일로,승용차,없음,1103972,1887629,128.6682315,36.98137588
2018,2018-09-20 19,야,목,1,1,0,0,0,경북,칠곡군,차대차,측면충돌,측면충돌,안전운전 의무 불이행,단일로,기타단일로,승용차,자전거,1080842,1776281,128.3967341,35.97994741
2018,2018-10-14 17,주,일,1,1,0,0,0,경북,칠곡군,차량단독,공작물충돌,공작물충돌,안전운전 의무 불이행,단일로,기타단일로,승용차,없음,1095308,1781282,128.5577764,36.02372199
2018,2018-10-26 18,야,금,1,1,0,0,0,경북,영천시,차대사람,횡단중,횡단중,안전운전 의무 불이행,단일로,기타단일로,화물차,보행자,1125908,1765529,128.8948126,35.87825904
2018,2018-05-06 01,야,일,1,1,0,0,0,경북,경산시,차량단독,기타,기타,안전운전 의무 불이행,단일로,기타단일로,이륜차,없음,1119596,1764862,128.8248052,35.87303842
2018,2018-03-22 18,야,목,1,1,0,0,0,경북,경산시,차대차,기타,기타,안전운전 의무 불이행,단일로,기타단일로,이륜차,승용차,1120790,1766184,128.8382287,35.88480791
2018,2018-12-12 04,야,수,1,1,0,0,0,경북,경산시,차대차,추돌,추돌,안전운전 의무 불이행,단일로,교량위,화물차,승합차,1121615,1770770,128.8480676,35.92604203
2018,2018-09-15 01,야,토,1,2,0,1,0,경북,경산시,차대차,측면충돌,측면충돌,안전운전 의무 불이행,단일로,기타단일로,승용차,승합차,1114031,1761415,128.7626807,35.84263127
2018,2018-10-25 16,주,목,1,1,0,0,0,경북,영덕군,차대사람,기타,기타,안전운전 의무 불이행,단일로,기타단일로,화물차,보행자,1168804,1817914,129.3810425,36.34384089
2018,2018-05-04 17,주,금,1,1,0,0,0,경북,예천군,차대사람,길가장자리구역통행중,길가장자리구역통행중,안전운전 의무 불이행,단일로,기타단일로,승용차,보행자,1078226,1849840,128.375099,36.64325308
2018,2018-10-29 17,주,월,1,1,0,0,0,경북,청도군,차대사람,횡단중,횡단중,안전운전 의무 불이행,기타,기타,화물차,보행자,1114777,1740584,128.7679573,35.65477142
2018,2018-11-29 07,주,목,1,2,1,0,0,경북,청도군,차량단독,도로이탈,도로이탈 추락,안전운전 의무 불이행,기타,기타,원동기장치자전거,없음,1108088,1739092,128.6938776,35.64207705
2018,2018-07-26 05,야,목,1,1,0,0,0,경북,청도군,차량단독,전복,전복,안전운전 의무 불이행,교차로,교차로부근,농기계,없음,1114202,1744006,128.7620921,35.68568488
2018,2018-04-27 22,야,금,1,1,0,0,0,경북,청도군,차대사람,차도통행중,차도통행중,과속,단일로,기타단일로,승용차,보행자,1133136,1745236,128.9714856,35.69439626
2018,2018-07-02 14,주,월,1,1,0,0,0,경북,청도군,차량단독,도로이탈,도로이탈 추락,안전운전 의무 불이행,교차로,교차로내,사륜오토바이(ATV),없음,1125651,1745983,128.8888968,35.70211229
2018,2018-12-24 18,야,월,1,1,0,0,0,경북,성주군,차대사람,횡단중,횡단중,안전운전 의무 불이행,단일로,기타단일로,승용차,보행자,1073576,1772751,128.3158168,35.94869946
2018,2018-06-17 01,야,일,1,1,0,0,0,경북,울진군,차대사람,차도통행중,차도통행중,안전운전 의무 불이행,단일로,기타단일로,승용차,보행자,1172628,1853192,129.4315153,36.66101993
2018,2018-10-17 19,야,수,1,1,0,0,0,경북,고령군,차대사람,횡단중,횡단중,안전운전 의무 불이행,단일로,기타단일로,승용차,보행자,1070003,1749751,128.2741845,35.74160916
2018,2018-11-13 04,야,화,1,1,0,0,0,경북,고령군,차량단독,공작물충돌,공작물충돌,안전운전 의무 불이행,단일로,지하차도(도로)내,이륜차,없음,1086610,1758820,128.4588069,35.82204435
2018,2018-12-31 15,주,월,1,1,0,0,0,경북,군위군,차량단독,전도,전도,안전운전 의무 불이행,단일로,기타단일로,이륜차,없음,1088591,1805450,128.4859597,36.24221655
2018,2018-09-05 09,주,수,1,1,0,0,0,경북,영양군,차대사람,길가장자리구역통행중,길가장자리구역통행중,안전운전 의무 불이행,단일로,기타단일로,화물차,보행자,1144639,1853033,129.1184437,36.66425385
2018,2018-08-08 17,주,수,1,1,0,0,0,경북,구미시,차대차,기타,기타,앞지르기 금지위반,교차로,교차로내,승용차,원동기장치자전거,1076772,1796496,128.3535593,36.16251122
2018,2018-12-17 01,야,월,1,2,1,0,0,경북,포항시,차량단독,도로이탈,도로이탈 추락,안전운전 의무 불이행,교차로,교차로부근,승용차,없음,1166184,1778883,129.3436025,35.9925889
2018,2018-05-10 20,야,목,1,1,0,0,0,경북,포항시,차대차,측면충돌,측면충돌,안전운전 의무 불이행,단일로,기타단일로,승용차,자전거,1166794,1781260,129.3508672,36.0139044
2018,2018-07-12 00,야,목,1,1,0,0,0,경북,포항시,차대사람,차도통행중,차도통행중,안전운전 의무 불이행,단일로,기타단일로,승용차,보행자,1171600,1775260,129.4028728,35.95900384
2018,2018-12-10 19,야,월,1,1,0,0,0,경북,포항시,차대사람,횡단중,횡단중,과속,교차로,교차로횡단보도내,승용차,보행자,1168745,1783245,129.3729299,36.0314554
2018,2018-08-29 22,야,수,1,1,0,0,0,경북,구미시,차량단독,공작물충돌,공작물충돌,안전운전 의무 불이행,단일로,기타단일로,특수차,없음,1092559,1798786,128.5293275,36.18177408
2018,2018-02-19 00,야,월,1,6,2,3,0,대구,북구,차대차,기타,기타,중앙선 침범,단일로,기타단일로,승용차,승용차,1094725,1773952,128.5504306,35.95770305
2018,2018-10-05 03,야,금,1,2,0,1,0,경북,영천시,차대차,측면충돌,측면충돌,안전운전 의무 불이행,단일로,기타단일로,승용차,승용차,1145010,1785540,129.1100134,36.05596372
2018,2018-11-24 02,야,토,1,2,0,0,1,경남,창원시(통합),차대차,추돌,추돌,안전거리 미확보,단일로,기타단일로,승용차,건설기계,1096790,1690939,128.5633852,35.20913843
2018,2018-07-27 21,야,금,1,1,0,0,0,경남,창원시(통합),차대사람,횡단중,횡단중,안전운전 의무 불이행,교차로,교차로내,승용차,보행자,1097935,1689919,128.5758415,35.19983145
2018,2018-12-13 18,야,목,1,3,1,1,0,경남,진주시,차대차,측면충돌,측면충돌,신호위반,교차로,교차로내,화물차,승용차,1059085,1687422,128.1489175,35.18035675
2018,2018-12-20 06,주,목,1,2,0,1,0,경남,진주시,차대차,추돌,추돌,안전운전 의무 불이행,단일로,기타단일로,승용차,승용차,1054458,1682018,128.0977462,35.131892
2018,2018-05-19 04,야,토,1,1,0,0,0,경남,진주시,차대사람,차도통행중,차도통행중,안전운전 의무 불이행,단일로,기타단일로,화물차,보행자,1065690,1689431,128.221614,35.19806043
2018,2018-04-27 10,주,금,1,1,0,0,0,경남,진주시,차대차,측면충돌,측면충돌,안전운전 의무 불이행,교차로,교차로내,승용차,이륜차,1051696,1688913,128.0678631,35.19420825
2018,2018-03-17 23,야,토,1,1,0,0,0,경남,통영시,차대사람,횡단중,횡단중,과속,단일로,기타단일로,승합차,보행자,1084188,1648354,128.4206365,34.82631857
2018,2018-02-08 09,주,목,1,1,0,0,0,경남,통영시,차대차,측면충돌,측면충돌,안전운전 의무 불이행,단일로,기타단일로,이륜차,승용차,1084915,1649825,128.4287346,34.83952143
2018,2018-08-06 19,야,월,1,1,0,0,0,경남,사천시,차대사람,기타,기타,안전운전 의무 불이행,기타,기타,화물차,보행자,1051237,1668849,128.0615791,35.01331768
2018,2018-11-17 21,야,토,1,1,0,0,0,경남,사천시,차대사람,차도통행중,차도통행중,안전운전 의무 불이행,단일로,기타단일로,화물차,보행자,1045700,1679624,128.0014872,35.1107415
2018,2018-06-25 14,주,월,1,1,0,0,0,경남,김해시,차대사람,횡단중,횡단중,안전운전 의무 불이행,교차로,교차로내,화물차,보행자,1120735,1708887,128.8290429,35.36833628
2018,2018-10-31 18,야,수,1,1,0,0,0,경남,김해시,차대사람,기타,기타,안전운전 의무 불이행,단일로,기타단일로,승용차,보행자,1125543,1693152,128.879546,35.2259015
2018,2018-02-06 21,야,화,1,1,0,0,0,경남,합천군,차대사람,길가장자리구역통행중,길가장자리구역통행중,안전운전 의무 불이행,교차로,교차로부근,승용차,보행자,1059295,1716095,128.1532991,35.43887143
2018,2018-03-28 15,주,수,1,2,0,1,0,경남,창녕군,차대차,기타,기타,안전운전 의무 불이행,교차로,교차로내,농기계,이륜차,1101765,1710236,128.6204295,35.38261386
2018,2018-12-01 07,주,토,1,1,0,0,0,경남,함양군,차량단독,도로이탈,도로이탈 추락,안전운전 의무 불이행,단일로,기타단일로,이륜차,없음,1027777,1741376,127.8069153,35.66819673
2018,2018-11-11 11,주,일,1,1,0,0,0,경남,양산시,차량단독,공작물충돌,공작물충돌,안전운전 의무 불이행,단일로,기타단일로,이륜차,없음,1141061,1706921,129.0523829,35.34794804
2018,2018-01-25 22,야,목,1,1,0,0,0,경남,양산시,차대차,측면충돌,측면충돌,안전운전 의무 불이행,단일로,기타단일로,승용차,승용차,1138977,1706739,129.0294248,35.34659989
2018,2018-01-06 18,야,토,1,1,0,0,0,경남,고성군,차대사람,차도통행중,차도통행중,안전운전 의무 불이행,단일로,기타단일로,화물차,보행자,1076199,1663340,128.3346472,34.96207165
2018,2018-04-22 12,주,일,1,4,3,0,0,경남,고성군,차대차,측면충돌,측면충돌,신호위반,교차로,교차로내,승용차,화물차,1076201,1664792,128.3348019,34.9751635
2018,2018-10-03 16,주,수,1,1,0,0,0,경남,고성군,차대차,추돌,추돌,안전운전 의무 불이행,단일로,기타단일로,승용차,농기계,1078714,1674449,128.3632444,35.06204239
2018,2018-03-27 15,주,화,1,1,0,0,0,경남,하동군,차대차,정면충돌,정면충돌,중앙선 침범,단일로,기타단일로,이륜차,화물차,1026944,1676036,127.7955555,35.07906456
2018,2018-11-06 20,야,화,1,2,1,0,0,경남,남해군,차대사람,횡단중,횡단중,보행자 보호의무 위반,단일로,기타단일로,승용차,보행자,1046214,1636482,128.0047403,34.72169741
2018,2018-11-16 15,주,금,1,3,2,0,0,경남,남해군,차대차,정면충돌,정면충돌,중앙선 침범,단일로,기타단일로,화물차,건설기계,1042231,1638746,127.9613535,34.74228559
2018,2018-11-01 09,주,목,1,1,0,0,0,경남,함안군,차대사람,횡단중,횡단중,안전운전 의무 불이행,교차로,교차로부근,화물차,보행자,1082710,1697925,128.4094168,35.27338354
2018,2018-03-13 19,야,화,1,1,0,0,0,경남,의령군,차대차,측면충돌,측면충돌,안전운전 의무 불이행,불명,불명,승용차,화물차,1076223,1720916,128.340244,35.4811834
2018,2018-07-31 17,주,화,1,1,0,0,0,경남,의령군,차량단독,공작물충돌,공작물충돌,안전운전 의무 불이행,교차로,교차로부근,화물차,없음,1075442,1718408,128.3314027,35.45863144
2018,2018-11-19 17,주,월,1,1,0,0,0,경남,의령군,차대차,추돌,추돌,안전운전 의무 불이행,불명,불명,승용차,농기계,1076475,1721538,128.3430802,35.48677182
2018,2018-09-18 16,주,화,1,1,0,0,0,경남,창원시(통합),차대차,추돌,추돌,안전운전 의무 불이행,단일로,기타단일로,화물차,승합차,1108012,1693630,128.6870069,35.23225278
2018,2018-08-17 03,야,금,1,2,1,0,0,경남,창원시(통합),차대사람,횡단중,횡단중,안전운전 의무 불이행,교차로,교차로내,승용차,보행자,1098728,1694577,128.5851103,35.2417479
2018,2018-04-17 00,야,화,1,1,0,0,0,경남,창원시(통합),차대사람,횡단중,횡단중,신호위반,단일로,기타단일로,이륜차,보행자,1099118,1695011,128.5894484,35.2456221
2018,2018-06-17 20,야,일,1,1,0,0,0,경남,창원시(통합),차대사람,횡단중,횡단중,안전운전 의무 불이행,교차로,교차로내,승용차,보행자,1103696,1697558,128.6400801,35.2681206
2018,2018-05-21 01,야,월,1,1,0,0,0,경남,김해시,차량단독,도로이탈,도로이탈 추락,안전운전 의무 불이행,단일로,기타단일로,화물차,없음,1120409,1696349,128.8236123,35.25535113
2018,2018-11-20 17,주,화,1,1,0,0,0,경남,김해시,차대사람,횡단중,횡단중,안전운전 의무 불이행,단일로,기타단일로,화물차,보행자,1117044,1703971,128.7877184,35.3244603