발생년,발생년월일시,주야,요일,사망자수,부상자수,중상자수,경상자수,부상신고자수,발생지시도,발생지시군구,사고유형_대분류,사고유형_중분류,사고유형,가해자법규위반,도로형태_대분류,도로형태,가해자_당사자종별,피해자_당사자종별,발생위치X_UTMK,발생위치Y_UTMK,경도,위도
2018,2018-07-27 16,주,금,1,1,0,0,0,전북,김제시,차대차,측면충돌,측면충돌,부당한 회전,단일로,기타단일로,이륜차,승용차,944949,1757300,126.8906456,35.81061961
2018,2018-11-25 18,야,일,1,1,0,0,0,전북,남원시,차량단독,전도,전도,안전운전 의무 불이행,기타,기타,농기계,없음,975134.7,1706563,127.2263237,35.35438043
2018,2018-06-02 11,주,토,1,2,1,0,0,전북,남원시,차대차,측면충돌,측면충돌,교차로 통행방법 위반,교차로,교차로내,이륜차,승용차,987071,1703938,127.3577398,35.33093713
2018,2018-07-08 06,주,일,1,1,0,0,0,전북,남원시,차대차,측면충돌,측면충돌,안전운전 의무 불이행,단일로,기타단일로,사륜오토바이(ATV),화물차,1007983,1718126,127.5879773,35.45891987
2018,2018-04-12 15,주,목,1,1,0,0,0,전북,남원시,차량단독,도로이탈,도로이탈 추락,안전운전 의무 불이행,단일로,기타단일로,농기계,없음,1000481.4,1718555.6,127.5053056,35.46282541
2018,2018-05-17 23,야,목,1,2,0,1,0,전북,고창군,차대차,추돌,추돌,안전운전 의무 불이행,교차로,교차로부근,화물차,화물차,914201.8,1714929.7,126.5548473,35.42643268
2018,2018-08-15 14,주,수,1,1,0,0,0,전북,고창군,차량단독,공작물충돌,공작물충돌,안전운전 의무 불이행,단일로,기타단일로,원동기장치자전거,없음,909440,1721355,126.5016829,35.48393735
2018,2018-07-01 15,주,일,1,1,0,0,0,전북,고창군,차량단독,도로이탈,도로이탈 추락,안전운전 의무 불이행,단일로,기타단일로,이륜차,없음,912983.4,1705197.1,126.5424646,35.3385816
2018,2018-09-25 16,주,화,1,1,0,0,0,전북,부안군,차대사람,길가장자리구역통행중,길가장자리구역통행중,안전운전 의무 불이행,단일로,기타단일로,승용차,보행자,935956,1743534,126.7922089,35.68596466
2018,2018-01-18 06,주,목,1,1,0,0,0,전북,진안군,차대사람,길가장자리구역통행중,길가장자리구역통행중,안전운전 의무 불이행,단일로,기타단일로,화물차,보행자,992839,1754255,127.4207608,35.7846834
2018,2018-03-11 08,주,일,1,1,0,0,0,전북,무주군,차량단독,도로이탈,도로이탈 추락,안전운전 의무 불이행,단일로,기타단일로,승용차,없음,1019317,1774103,127.7142305,35.96347051
2018,2018-07-12 06,주,목,1,1,0,0,0,전북,완주군,차대사람,길가장자리구역통행중,길가장자리구역통행중,안전운전 의무 불이행,단일로,기타단일로,승용차,보행자,968865.6,1764683.7,127.1550822,35.87824154
2018,2018-11-13 12,주,화,1,5,1,3,0,전북,완주군,차대차,측면충돌,측면충돌,신호위반,교차로,교차로내,승용차,승용차,979535.2,1760670.4,127.2733857,35.84233853
2018,2018-06-26 04,야,화,1,8,4,3,0,전북,완주군,차대차,추돌,추돌,안전운전 의무 불이행,단일로,기타단일로,화물차,화물차,977422,1757137,127.2500856,35.81043457
2018,2018-10-23 19,야,화,2,6,4,0,0,충남,홍성군,차대차,기타,기타,기타(운전자법규위반),단일로,기타단일로,화물차,승용차,915321.4,1847681.3,126.5529638,36.62324299
2018,2018-09-14 05,야,금,1,1,0,0,0,전북,고창군,차량단독,공작물충돌,공작물충돌,안전운전 의무 불이행,단일로,기타단일로,화물차,없음,925484,1720707,126.6785905,35.47942864
2018,2018-11-07 06,주,수,1,1,0,0,0,전남,목포시,차대사람,기타,기타,안전운전 의무 불이행,단일로,기타단일로,승용차,보행자,898884,1646001,126.394559,34.80356236
2018,2018-02-11 04,야,일,1,1,0,0,0,전남,목포시,차대사람,차도통행중,차도통행중,안전운전 의무 불이행,단일로,기타단일로,승용차,보행자,899739,1644323,126.4041049,34.7885179
2018,2018-11-08 01,야,목,1,1,0,0,0,전남,여수시,차대사람,횡단중,횡단중,안전운전 의무 불이행,교차로,교차로내,승용차,보행자,1018455,1641392,127.7016724,34.76685348
2018,2018-10-10 14,주,수,1,1,0,0,0,전남,여수시,차대사람,횡단중,횡단중,신호위반,교차로,교차로부근,건설기계,보행자,1014898.8,1643385,127.6628465,34.784884
2018,2018-09-28 05,야,금,1,1,0,0,0,전남,여수시,차대사람,횡단중,횡단중,안전운전 의무 불이행,교차로,교차로내,승용차,보행자,1019293.1,1640545.6,127.7108115,34.75920536
2018,2018-03-28 16,주,수,1,3,2,0,0,전남,여수시,차대사람,보도통행중,보도통행중,중앙선 침범,교차로,교차로부근,승합차,보행자,1014070.4,1639978.7,127.653735,34.75417861
2018,2018-09-29 04,야,토,1,1,0,0,0,전남,순천시,차대사람,기타,기타,안전운전 의무 불이행,단일로,기타단일로,승용차,보행자,1002558,1662274,127.5280171,34.9553238
2018,2018-04-08 17,주,일,1,1,0,0,0,전남,순천시,차량단독,도로이탈,도로이탈 추락,안전운전 의무 불이행,단일로,기타단일로,농기계,없음,973998,1676631,127.2147588,35.08445454
2018,2018-09-02 04,야,일,3,3,0,0,0,전남,순천시,차대차,추돌,추돌,과속,단일로,기타단일로,승용차,원동기장치자전거,998694,1657379,127.4857034,34.91118532
2018,2018-11-19 10,주,월,1,1,0,0,0,전남,나주시,차대차,측면충돌,측면충돌,안전운전 의무 불이행,단일로,기타단일로,이륜차,승용차,940077.8,1672281.7,126.842985,35.04379191
2018,2018-06-11 02,야,월,1,1,0,0,0,전남,장흥군,차량단독,전도,전도,안전운전 의무 불이행,단일로,기타단일로,이륜차,없음,950315,1614260,126.9586544,34.52114537
2018,2018-04-19 19,야,목,1,1,0,0,0,전남,고흥군,차대사람,길가장자리구역통행중,길가장자리구역통행중,안전운전 의무 불이행,단일로,기타단일로,승용차,보행자,972458,1610204,127.2000416,34.48539911
2018,2018-08-02 01,야,목,1,1,0,0,0,전남,고흥군,차대차,추돌,추돌,안전운전 의무 불이행,단일로,기타단일로,이륜차,화물차,980757,1624366,127.2901045,34.61330115
2018,2018-04-16 18,야,월,1,1,0,0,0,전남,해남군,차량단독,전도,전도,안전운전 의무 불이행,단일로,기타단일로,농기계,없음,910637,1602697,126.5275934,34.41420189
2018,2018-06-22 07,주,금,1,1,0,0,0,전남,해남군,차대차,기타,기타,중앙선 침범,단일로,기타단일로,이륜차,건설기계,897336,1635789,126.3788839,34.71133537
2018,2018-03-13 14,주,화,1,1,0,0,0,전남,보성군,차대사람,길가장자리구역통행중,길가장자리구역통행중,안전운전 의무 불이행,기타,기타,화물차,보행자,966300,1634753,127.1320013,34.70659543
2018,2018-12-24 10,주,월,1,1,0,0,0,전남,영광군,차량단독,공작물충돌,공작물충돌,안전운전 의무 불이행,단일로,기타단일로,원동기장치자전거,없음,912993,1697391,126.543399,35.26820476
2018,2018-12-07 07,주,금,1,1,0,0,0,전남,화순군,차량단독,도로이탈,도로이탈 추락,안전운전 의무 불이행,단일로,기타단일로,이륜차,없음,949862,1667247,126.9505625,34.99892755
2018,2018-09-13 08,주,목,1,1,0,0,0,전남,화순군,차대차,측면충돌,측면충돌,교차로 통행방법 위반,교차로,교차로내,이륜차,건설기계,953302,1659708,126.9886809,34.93111214
2018,2018-03-17 20,야,토,1,1,0,0,0,전남,함평군,차대사람,횡단중,횡단중,안전운전 의무 불이행,단일로,기타단일로,승용차,보행자,918333.5,1679856.3,126.6038463,35.11056099
2018,2018-11-21 20,야,수,1,4,2,1,0,전남,영암군,차대차,추돌,추돌,안전운전 의무 불이행,단일로,기타단일로,승용차,화물차,914752.4,1637182.3,126.5689099,34.72549983
2018,2018-04-04 14,주,수,1,1,0,0,0,전남,영암군,차량단독,공작물충돌,공작물충돌,안전운전 의무 불이행,단일로,기타단일로,화물차,없음,902737.7,1639592.1,126.4374238,34.74615368
2018,2018-10-27 19,야,토,1,1,0,0,0,전남,영암군,차대사람,횡단중,횡단중,안전운전 의무 불이행,단일로,기타단일로,승용차,보행자,925955,1654961.5,126.6896876,34.8866855
2018,2018-02-28 09,주,수,1,2,1,0,0,전남,영암군,차대차,측면충돌,측면충돌,안전운전 의무 불이행,교차로,교차로부근,원동기장치자전거,화물차,908506,1638831,126.5005155,34.73982476
2018,2018-11-08 14,주,목,1,1,0,0,0,전남,영암군,차량단독,기타,기타,안전운전 의무 불이행,단일로,기타단일로,화물차,없음,925277,1659026,126.6819051,34.92328404
2018,2018-12-07 14,주,금,1,2,0,1,0,전남,장성군,차대차,정면충돌,정면충돌,중앙선 침범,단일로,기타단일로,승용차,화물차,937908,1694397,126.8175332,35.2430653
2018,2018-08-02 10,주,목,1,1,0,0,0,전남,담양군,차량단독,전도,전도,안전운전 의무 불이행,단일로,기타단일로,이륜차,없음,955950.1,1693051.1,127.0159024,35.23188539
2018,2018-11-29 19,야,목,1,1,0,0,0,전남,담양군,차대사람,횡단중,횡단중,안전운전 의무 불이행,단일로,기타단일로,승용차,보행자,957800,1694870,127.0361384,35.24836562
2018,2018-07-16 15,주,월,1,1,0,0,0,전남,완도군,차량단독,전도,전도,안전운전 의무 불이행,교차로,교차로내,화물차,없음,949196.7,1601936.8,126.9472035,34.40996245
2018,2018-05-20 15,주,일,2,3,0,1,0,전남,무안군,차대차,정면충돌,정면충돌,중앙선 침범,단일로,기타단일로,승용차,건설기계,894893.4,1675451.4,126.3472304,35.06867461
2018,2018-10-02 05,야,화,1,1,0,0,0,전남,진도군,차량단독,도로이탈,도로이탈 추락,안전운전 의무 불이행,단일로,기타단일로,사륜오토바이(ATV),없음,884216.2,1611883.6,126.2389042,34.49440584
2018,2018-06-07 19,야,목,1,2,1,0,0,전남,광양시,차대차,측면충돌,측면충돌,과속,교차로,교차로내,승용차,특수차,1013591,1656040,127.6487572,34.89902059
2018,2018-08-22 23,야,수,1,1,0,0,0,전남,광양시,차대차,정면충돌,정면충돌,안전운전 의무 불이행,교차로,교차로횡단보도내,승용차,자전거,1007452,1664012,127.5816354,34.970972
2018,2018-06-03 10,주,일,1,1,0,0,0,전남,광양시,차량단독,전도,전도,안전운전 의무 불이행,단일로,기타단일로,이륜차,없음,1014344,1684796,127.6574955,35.15831357
2018,2018-09-22 07,주,토,1,1,0,0,0,전남,구례군,차량단독,전복,전복,안전운전 의무 불이행,단일로,기타단일로,사륜오토바이(ATV),없음,1006679.2,1690224.3,127.573381,35.2073416
2018,2018-04-14 02,야,토,2,2,0,0,0,전남,장흥군,차량단독,공작물충돌,공작물충돌,안전운전 의무 불이행,단일로,기타단일로,승용차,없음,954996,1641422,127.0082107,34.76629784
2018,2018-05-10 13,주,목,1,1,0,0,0,전북,익산시,차대사람,기타,기타,안전운전 의무 불이행,단일로,기타단일로,특수차,보행자,964208,1782363,127.1026872,36.03747517
2018,2018-12-28 20,야,금,1,1,0,0,0,경북,경주시,차대사람,횡단중,횡단중,안전운전 의무 불이행,단일로,지하차도(도로)내,승용차,보행자,1164504,1750401,129.3190968,35.73620611
2018,2018-02-04 14,주,일,1,2,1,0,0,경북,경주시,차량단독,공작물충돌,공작물충돌,중앙선 침범,단일로,기타단일로,승용차,없음,1154538,1759837,129.2107589,35.82286125
2018,2018-10-24 07,주,수,1,1,0,0,0,경북,경주시,차대사람,차도통행중,차도통행중,안전운전 의무 불이행,단일로,기타단일로,승용차,보행자,1163425,1755666,129.3082441,35.78383304
2018,2018-08-01 18,야,수,1,1,0,0,0,경북,경주시,차대차,측면충돌,측면충돌,중앙선 침범,단일로,기타단일로,자전거,승용차,1154428,1763490,129.2102483,35.8558
2018,2018-04-20 22,야,금,1,1,0,0,0,경북,경주시,차대사람,차도통행중,차도통행중,안전운전 의무 불이행,단일로,기타단일로,사륜오토바이(ATV),보행자,1155098,1762112,129.2173975,35.84327548
2018,2018-12-24 20,야,월,1,1,0,0,0,경북,경주시,차대사람,차도통행중,차도통행중,안전운전 의무 불이행,단일로,기타단일로,화물차,보행자,1153748,1748044,129.1997533,35.71670326
2018,2018-12-10 08,주,월,1,1,0,0,0,경북,포항시,차대차,측면충돌,측면충돌,안전운전 의무 불이행,교차로,교차로내,승용차,자전거,1167266,1782554,129.3563759,36.02548393
2018,2018-11-17 05,야,토,1,2,1,0,0,경북,포항시,차대차,측면충돌,측면충돌,중앙선 침범,단일로,기타단일로,승용차,농기계,1158898,1794575,129.265967,36.13521309
2018,2018-08-25 18,야,토,1,2,1,0,0,경북,포항시,차대차,정면충돌,정면충돌,신호위반,교차로,교차로내,특수차,승합차,1166248,1792489,129.3471758,36.11518399
2018,2018-10-09 05,야,화,1,1,0,0,0,경북,포항시,차대차,추돌,추돌,안전운전 의무 불이행,단일로,기타단일로,화물차,농기계,1149137,1789570,129.1565792,36.09165825
2018,2018-10-12 16,주,금,1,1,0,0,0,경북,포항시,차량단독,공작물충돌,공작물충돌,안전운전 의무 불이행,단일로,기타단일로,이륜차,없음,1142478,1795230,129.0836628,36.14366755
2018,2018-12-22 19,야,토,1,1,0,0,0,경북,포항시,차대사람,차도통행중,차도통행중,안전운전 의무 불이행,단일로,기타단일로,승용차,보행자,1168831,1786884,129.3746616,36.06423165
2018,2018-10-10 13,주,수,1,1,0,0,0,경북,안동시,차대사람,차도통행중,차도통행중,안전운전 의무 불이행,교차로,교차로내,승용차,보행자,1111295,1841407,128.7437472,36.56395577
2018,2018-03-14 06,주,수,1,1,0,0,0,경북,안동시,차대사람,횡단중,횡단중,안전운전 의무 불이행,교차로,교차로부근,승합차,보행자,1109236,1841508,128.7207565,36.56510389
2018,2018-09-01 05,야,토,1,2,1,0,0,경북,안동시,차대차,측면충돌,측면충돌,안전운전 의무 불이행,단일로,기타단일로,승용차,농기계,1113416,1847723,128.7683761,36.62063124
2018,2018-10-17 20,야,수,1,1,0,0,0,경북,김천시,차대사람,차도통행중,차도통행중,안전운전 의무 불이행,단일로,기타단일로,승용차,보행자,1064696,1800320,128.2196227,36.19786621
2018,2018-07-16 07,주,월,1,1,0,0,0,경북,상주시,차대차,측면충돌,측면충돌,안전운전 의무 불이행,교차로,교차로내,화물차,자전거,1052815,1842661,128.0903546,36.58028675
2018,2018-02-10 15,주,토,1,1,0,0,0,경북,상주시,철길건널목,철길건널목,철길건널목,철길건널목 통과방법위반,철길건널목,철길건널목,이륜차,기타,1059820,1824482,128.1672429,36.41599727
2018,2018-04-25 01,야,수,1,1,0,0,0,경북,상주시,차대차,추돌,추돌,안전운전 의무 불이행,단일로,기타단일로,승용차,화물차,1061084,1842808,128.1827898,36.58111831
2018,2018-07-30 10,주,월,1,1,0,0,0,경북,의성군,차대차,측면충돌,측면충돌,안전운전 의무 불이행,기타,기타,건설기계,농기계,1104638,1816353,128.665983,36.33888725
2018,2018-10-29 18,야,월,1,1,0,0,0,경북,영주시,차대사람,횡단중,횡단중,보행자 보호의무 위반,교차로,교차로횡단보도내,화물차,보행자,1101311,1869498,128.635913,36.81825521
2018,2018-09-22 09,주,토,1,1,0,0,0,경북,영천시,차대차,측면충돌,측면충돌,신호위반,교차로,교차로내,이륜차,특수차,1133237,1776927,128.9778909,35.98001967
2018,2018-06-09 19,야,토,1,2,0,1,0,경북,영천시,차대차,추돌,추돌,안전운전 의무 불이행,단일로,기타단일로,승용차,농기계,1138786,1779368,129.0398495,36.00124582
2018,2018-06-30 09,주,토,1,1,0,0,0,경북,문경시,차량단독,전도,전도,안전운전 의무 불이행,단일로,기타단일로,사륜오토바이(ATV),없음,1052039,1860791,128.0829121,36.74376185
2018,2018-03-30 15,주,금,1,1,0,0,0,경북,문경시,차량단독,도로이탈,도로이탈 추락,안전운전 의무 불이행,단일로,기타단일로,승용차,없음,1056496,1850960,128.1321082,36.6548869
2018,2018-10-03 21,야,수,1,1,0,0,0,경북,경산시,차대사람,횡단중,횡단중,안전운전 의무 불이행,교차로,교차로내,승용차,보행자,1119638,1766032,128.825446,35.88357933
2018,2018-02-17 19,야,토,1,1,0,0,0,경북,경산시,차대사람,횡단중,횡단중,과속,교차로,교차로내,승용차,보행자,1122105,1751764,128.8505902,35.75466717
2018,2018-04-10 09,주,화,1,1,0,0,0,경북,경산시,차대차,추돌,추돌,중앙선 침범,단일로,기타단일로,이륜차,승합차,1112212,1759718,128.7423044,35.82754434
2018,2018-06-13 18,야,수,1,1,0,0,0,경북,영덕군,차량단독,전복,전복,안전운전 의무 불이행,단일로,기타단일로,농기계,없음,1162959,1841098,129.3208169,36.55375261
2018,2018-09-15 18,야,토,1,1,0,0,0,경북,예천군,차대차,측면충돌,측면충돌,안전운전 의무 불이행,교차로,교차로내,승용차,이륜차,1088948,1842629,128.4941938,36.57731414
2018,2018-05-01 05,야,화,1,7,5,1,0,경북,청도군,차대차,측면충돌,측면충돌,교차로 통행방법 위반,교차로,교차로내,승용차,승용차,1113208,1740071,128.750556,35.65032831
2018,2018-04-25 17,주,수,1,3,1,1,0,경북,성주군,차대차,정면충돌,정면충돌,안전운전 의무 불이행,교차로,교차로내,승용차,승용차,1075787,1759843,128.3391015,35.83216293
2018,2018-06-10 13,주,일,1,1,0,0,0,경북,성주군,차량단독,공작물충돌,공작물충돌,안전운전 의무 불이행,단일로,기타단일로,승용차,없음,1077295,1766732,128.3564641,35.89415051
2018,2018-02-16 14,주,금,1,1,0,0,0,경북,성주군,차량단독,공작물충돌,공작물충돌,안전운전 의무 불이행,기타,기타,승용차,없음,1062653,1763005,128.1939428,35.86159724
2018,2018-07-18 08,주,수,1,1,0,0,0,경북,울진군,차량단독,공작물충돌,공작물충돌,안전운전 의무 불이행,교차로,교차로부근,승용차,없음,1170488,1855146,129.408018,36.67901115
2018,2018-08-10 12,주,금,1,2,1,0,0,경북,울진군,차대차,측면충돌,측면충돌,신호위반,교차로,교차로내,승용차,승용차,1170804,1877570,129.4165783,36.88098841
2018,2018-09-27 07,주,목,1,1,0,0,0,경북,울진군,차량단독,도로이탈,도로이탈 추락,안전운전 의무 불이행,단일로,기타단일로,승용차,없음,1174957,1864316,129.4601055,36.76081719
2018,2018-04-28 13,주,토,1,3,0,2,0,경북,고령군,차량단독,공작물충돌,공작물충돌,안전운전 의무 불이행,단일로,기타단일로,승용차,없음,1072494,1754294,128.302142,35.78238578
2018,2018-11-21 07,주,수,1,2,1,0,0,경북,구미시,차대차,측면충돌,측면충돌,안전운전 의무 불이행,교차로,교차로내,화물차,승용차,1069986,1813689,128.2796561,36.31801579
2018,2018-05-09 08,주,수,1,1,0,0,0,경북,구미시,차대차,측면충돌,측면충돌,안전운전 의무 불이행,단일로,기타단일로,화물차,이륜차,1081498,1790838,128.4055115,36.1111205
2018,2018-05-17 01,야,목,1,1,0,0,0,경북,구미시,차대차,추돌,추돌,안전운전 의무 불이행,단일로,교량위,승용차,승용차,1079797,1792268,128.386759,36.12415285
2018,2018-04-22 09,주,일,1,9,7,1,0,경북,구미시,차대차,측면충돌,측면충돌,직진 및 우회전차의 통행방해,교차로,교차로내,화물차,승용차,1076979,1798962,128.3561024,36.18472498
2018,2018-12-15 23,야,토,1,1,0,0,0,경북,구미시,차대사람,횡단중,횡단중,안전운전 의무 불이행,교차로,교차로내,승용차,보행자,1074608,1793601,128.3292273,36.13658254
2018,2018-08-22 19,야,수,1,1,0,0,0,경북,포항시,차대사람,횡단중,횡단중,안전운전 의무 불이행,교차로,교차로횡단보도내,승용차,보행자,1184589,1778436,129.5475673,35.98525058
2018,2018-12-17 14,주,월,1,1,0,0,0,경북,포항시,차대차,기타,기타,안전운전 의무 불이행,교차로,교차로부근,화물차,자전거,1167842,1776838,129.3615542,35.97387697
2018,2018-07-20 07,주,금,1,5,2,2,0,경북,포항시,차대차,추돌,추돌,안전운전 의무 불이행,교차로,교차로부근,승용차,승합차,1172627,1773570,129.413888,35.94359421
2018,2018-06-23 10,주,토,1,10,0,9,0,경북,영천시,차대차,기타,기타,안전운전 의무 불이행,단일로,기타단일로,승용차,승용차,1122492,1778029,128.858907,35.99136124
2018,2018-07-01 08,주,일,1,2,1,0,0,경북,군위군,차량단독,공작물충돌,공작물충돌,안전운전 의무 불이행,단일로,기타단일로,화물차,없음,1095013,1800080,128.5567705,36.19320062
2018,2018-07-03 23,야,화,1,1,0,0,0,대구,달성군,차량단독,기타,기타,안전운전 의무 불이행,단일로,기타단일로,승용차,없음,1088794,1756500,128.4827238,35.8009345
2018,2018-05-24 02,야,목,1,1,0,0,0,경북,성주군,차대차,추돌,추돌,안전운전 의무 불이행,단일로,기타단일로,화물차,특수차,1073830,1763627,128.3177861,35.86642595
2018,2018-08-07 01,야,화,1,1,0,0,0,대구,수성구,차대사람,횡단중,횡단중,안전운전 의무 불이행,단일로,기타단일로,화물차,보행자,1107759,1760519,128.6931229,35.83526416
2018,2018-05-19 13,주,토,1,1,0,0,0,경남,창원시(통합),차대차,기타,기타,안전운전 의무 불이행,단일로,기타단일로,승용차,승용차,1081919,1678100,128.3987504,35.09470536
2018,2018-05-21 11,주,월,1,1,0,0,0,경남,창원시(통합),차대사람,횡단중,횡단중,안전운전 의무 불이행,교차로,교차로부근,승용차,보행자,1089830,1680412,128.4857836,35.11487587
2018,2018-02-14 03,야,수,1,1,0,0,0,경남,창원시(통합),차대사람,기타,기타,안전운전 의무 불이행,단일로,기타단일로,승용차,보행자,1096519,1688153,128.5600819,35.18404708
2018,2018-12-19 06,주,수,1,1,0,0,0,경남,진주시,차량단독,전도,전도,안전운전 의무 불이행,교차로,교차로부근,이륜차,없음,1051826,1686764,128.0691559,35.17482462
2018,2018-09-29 15,주,토,1,1,0,0,0,경남,진주시,차대사람,횡단중,횡단중,안전운전 의무 불이행,단일로,기타단일로,승용차,보행자,1051430,1688702,128.0649281,35.19231939
2018,2018-11-21 14,주,수,1,1,0,0,0,경남,창원시(통합),차대사람,기타,기타,안전운전 의무 불이행,단일로,기타단일로,화물차,보행자,1115471,1680738,128.767156,35.11520028
2018,2018-08-13 10,주,월,1,1,0,0,0,경남,밀양시,차대사람,횡단중,횡단중,안전운전 의무 불이행,단일로,기타단일로,승합차,보행자,1108064,1717123,128.6906813,35.44403632
2018,2018-06-20 10,주,수,1,1,0,0,0,경남,밀양시,차량단독,도로이탈,도로이탈 추락,안전운전 의무 불이행,단일로,기타단일로,화물차,없음,1107825,1725665,128.6891823,35.52106647
2018,2018-02-09 06,주,금,1,1,0,0,0,경남,김해시,차대사람,횡단중,횡단중,신호위반,교차로,교차로횡단보도내,건설기계,보행자,1124806,1694591,128.8716678,35.23896538
2018,2018-12-12 06,주,수,1,1,0,0,0,경남,김해시,차대사람,횡단중,횡단중,안전운전 의무 불이행,교차로,교차로부근,승용차,보행자,1128737,1694804,128.9148929,35.24038816
2018,2018-12-22 20,야,토,1,1,0,0,0,경남,김해시,차대사람,횡단중,횡단중,보행자 보호의무 위반,단일로,기타단일로,승합차,보행자,1125817,1693213,128.8825655,35.22641703
2018,2018-04-26 20,야,목,1,1,0,0,0,경남,거창군,차량단독,공작물충돌,공작물충돌,안전운전 의무 불이행,단일로,기타단일로,원동기장치자전거,없음,1040469,1740047,127.9470825,35.65577515
2018,2018-05-23 22,야,수,1,1,0,0,0,경남,합천군,차대사람,길가장자리구역통행중,길가장자리구역통행중,과속,단일로,기타단일로,승용차,보행자,1061025,1732383,128.1735842,35.58562027
2018,2018-05-09 09,주,수,1,1,0,0,0,경남,창녕군,차대사람,기타,기타,안전운전 의무 불이행,단일로,기타단일로,화물차,보행자,1089525,1729639,128.4878237,35.55871411
2018,2018-06-25 14,주,월,1,2,1,0,0,경남,함양군,차대차,정면충돌,정면충돌,중앙선 침범,단일로,기타단일로,화물차,화물차,1022244,1736122,127.7456353,35.6209649
2018,2018-06-16 00,야,토,1,1,0,0,0,경남,함양군,차대사람,기타,기타,안전운전 의무 불이행,교차로,교차로내,승용차,보행자,1018228,1722166,127.7009735,35.49521214
2018,2018-09-04 09,주,화,1,1,0,0,0,경남,함양군,차대차,측면충돌,측면충돌,신호위반,교차로,교차로횡단보도내,화물차,자전거,1025524,1725056,127.781506,35.52110925
2018,2018-08-06 21,야,월,1,1,0,0,0,경남,함양군,차대차,추돌,추돌,안전운전 의무 불이행,단일로,기타단일로,화물차,농기계,1019585,1722740,127.7159489,35.50036184
2018,2018-02-07 10,주,수,1,2,0,1,0,경남,양산시,차대차,측면충돌,측면충돌,안전운전 의무 불이행,단일로,기타단일로,화물차,화물차,1142492,1705878,129.0679442,35.33834366
2018,2018-06-14 06,주,목,1,1,0,0,0,경남,양산시,차대사람,횡단중,횡단중,안전운전 의무 불이행,단일로,기타단일로,승용차,보행자,1143029,1702875,129.0733266,35.3111992
2018,2018-12-12 06,주,수,1,1,0,0,0,경남,양산시,차대차,정면충돌,정면충돌,중앙선 침범,단일로,기타단일로,화물차,이륜차,1151058,1713580,129.1635922,35.40650326
2018,2018-03-05 19,야,월,1,2,1,0,0,경남,고성군,차대차,정면충돌,정면충돌,과속,단일로,기타단일로,승용차,승용차,1073104,1665199,128.3009122,34.97906175
2018,2018-09-04 08,주,화,2,17,8,7,0,경남,고성군,차량단독,공작물충돌,공작물충돌,안전운전 의무 불이행,단일로,기타단일로,승합차,없음,1065608,1666726,128.218914,34.99334422
2018,2018-09-02 13,주,일,3,8,4,1,0,경남,고성군,차대차,정면충돌,정면충돌,중앙선 침범,교차로,교차로부근,승용차,승용차,1078090,1672400,128.3562089,35.04361639
2018,2018-09-25 17,주,화,1,1,0,0,0,경남,하동군,차대차,측면충돌,측면충돌,안전운전 의무 불이행,교차로,교차로내,원동기장치자전거,화물차,1037149,1669486,127.9072013,35.01967783
2018,2018-07-20 13,주,금,1,2,1,0,0,경남,남해군,차대차,정면충돌,정면충돌,중앙선 침범,단일로,기타단일로,화물차,건설기계,1044311,1646578,127.9844885,34.81282207
2018,2018-04-21 06,주,토,1,2,0,1,0,경남,함안군,차대차,측면충돌,측면충돌,신호위반,교차로,교차로내,이륜차,화물차,1084325,1694440,128.4268143,35.24182844
2018,2018-04-02 20,야,월,1,1,0,0,0,경남,함안군,차대차,추돌,추돌,안전운전 의무 불이행,단일로,기타단일로,승용차,자전거,1082609,1694556,128.4079675,35.24301725
2018,2018-10-21 18,야,일,1,1,0,0,0,경남,함안군,차대차,추돌,추돌,안전운전 의무 불이행,단일로,기타단일로,화물차,자전거,1083549,1707055,128.4195721,35.35562819
2018,2018-11-05 06,주,월,1,1,0,0,0,경남,의령군,차대사람,차도통행중,차도통행중,안전운전 의무 불이행,단일로,지하차도(도로)내,건설기계,보행자,1077948,1706590,128.3578874,35.35188909
2018,2018-02-13 04,야,화,1,1,0,0,0,경남,창원시(통합),차대사람,횡단중,횡단중,신호위반,단일로,기타단일로,승용차,보행자,1108467,1692298,128.6918305,35.22019547
2018,2018-08-05 21,야,일,1,1,0,0,0,경남,창원시(통합),차대사람,차도통행중,차도통행중,안전운전 의무 불이행,단일로,기타단일로,승용차,보행자,1106125,1694412,128.6663743,35.23950425
2018,2018-03-27 01,야,화,1,1,0,0,0,경남,창원시(통합),차량단독,공작물충돌,공작물충돌,안전운전 의무 불이행,교차로,교차로내,이륜차,없음,1091792,1694954,128.5089304,35.24580625
2018,2018-01-01 18,야,월,1,1,0,0,0,경남,창원시(통합),차대사람,횡단중,횡단중,안전운전 의무 불이행,교차로,교차로부근,승용차,보행자,1108112,1698821,128.6887888,35.27903946
2018,2018-11-20 17,주,화,1,1,0,0,0,경남,창원시(통합),차대사람,기타,기타,안전운전 의무 불이행,기타,기타,승용차,보행자,1102121,1696945,128.6226906,35.26275614