발생년,발생년월일시,주야,요일,사망자수,부상자수,중상자수,경상자수,부상신고자수,발생지시도,발생지시군구,사고유형_대분류,사고유형_중분류,사고유형,가해자법규위반,도로형태_대분류,도로형태,가해자_당사자종별,피해자_당사자종별,발생위치X_UTMK,발생위치Y_UTMK,경도,위도
2018,2018-11-06 19,야,화,1,2,0,0,1,경남,김해시,차대차,측면충돌,측면충돌,신호위반,교차로,교차로내,이륜차,승용차,1119996,1687132,128.8177298,35.17231195
2018,2018-04-14 11,주,토,1,5,2,2,0,경남,김해시,차대차,측면충돌,측면충돌,중앙선 침범,교차로,교차로부근,승용차,승용차,1120936,1690856,128.8285964,35.20577008
2018,2018-02-27 05,야,화,1,3,1,1,0,경남,창녕군,차대차,추돌,추돌,안전운전 의무 불이행,단일로,기타단일로,화물차,화물차,1088751,1726965,128.4789914,35.53467685
2018,2018-08-17 05,야,금,1,1,0,0,0,경남,김해시,차량단독,전복,전복,안전운전 의무 불이행,단일로,기타단일로,특수차,없음,1110814,1698873,128.7185008,35.27921265
2018,2018-09-18 02,야,화,1,1,0,0,0,제주,제주시,차대사람,기타,기타,안전운전 의무 불이행,교차로,교차로내,승용차,보행자,910121,1500751,126.532442,33.49484048
2018,2018-08-16 03,야,목,1,1,0,0,0,제주,제주시,차대사람,기타,기타,과속,단일로,기타단일로,승용차,보행자,916128,1500042,126.5971672,33.48893438
2018,2018-11-08 20,야,목,1,1,0,0,0,제주,서귀포시,차대사람,횡단중,횡단중,안전운전 의무 불이행,교차로,교차로내,승용차,보행자,920666,1475953,126.6481324,33.27202619
2018,2018-07-04 00,야,수,1,1,0,0,0,제주,서귀포시,차량단독,기타,기타,안전운전 의무 불이행,단일로,기타단일로,이륜차,없음,911086,1472639,126.5456017,33.2413907
2018,2018-02-01 01,야,목,1,1,0,0,0,제주,서귀포시,차대사람,기타,기타,안전운전 의무 불이행,단일로,기타단일로,승용차,보행자,945106,1497106,126.9092598,33.46433395
2018,2018-11-29 16,주,목,1,2,1,0,0,제주,서귀포시,차대차,추돌,추돌,안전운전 의무 불이행,단일로,기타단일로,승용차,농기계,886548,1474188,126.2820644,33.25305992
2018,2018-10-28 07,주,일,1,1,0,0,0,제주,제주시,차량단독,전도,전도,안전운전 의무 불이행,단일로,기타단일로,자전거,없음,875641,1482179,126.1639036,33.32391705
2018,2018-11-14 19,야,수,1,1,0,0,0,대구,남구,차대사람,횡단중,횡단중,안전운전 의무 불이행,교차로,교차로횡단보도내,승용차,보행자,1099153,1762666,128.5981192,35.85552649
2018,2018-12-14 13,주,금,1,1,0,0,0,대구,동구,차대사람,횡단중,횡단중,보행자 보호의무 위반,단일로,기타단일로,화물차,보행자,1103305,1766885,128.6446415,35.89312893
2018,2018-08-31 05,야,금,1,1,0,0,0,대구,동구,차대사람,기타,기타,안전운전 의무 불이행,교차로,교차로횡단보도내,승용차,보행자,1100711,1764079,128.6155496,35.86810497
2018,2018-05-04 09,주,금,1,1,0,0,0,대구,수성구,차대사람,횡단중,횡단중,안전운전 의무 불이행,단일로,기타단일로,승용차,보행자,1102124,1759369,128.6305955,35.82550073
2018,2018-04-21 05,야,토,1,2,0,1,0,대구,수성구,차대사람,기타,기타,안전운전 의무 불이행,단일로,기타단일로,승용차,보행자,1101304.2,1763115,128.6219967,35.85935388
2018,2018-06-02 09,주,토,1,1,0,0,0,대구,달성군,차대사람,보도통행중,보도통행중,보행자 보호의무 위반,교차로,교차로횡단보도내,화물차,보행자,1084060,1752407,128.4299069,35.7644526
2018,2018-06-06 00,야,수,1,1,0,0,0,대구,달성군,차대사람,기타,기타,안전운전 의무 불이행,단일로,기타단일로,승용차,보행자,1080389,1765329,128.3906017,35.88125308
2018,2018-01-21 03,야,일,1,1,0,0,0,대구,북구,차대사람,횡단중,횡단중,안전운전 의무 불이행,교차로,교차로횡단보도내,승용차,보행자,1100343,1765603,128.611666,35.88188074
2018,2018-01-13 07,주,토,1,1,0,0,0,대구,서구,차대사람,횡단중,횡단중,신호위반,단일로,기타단일로,이륜차,보행자,1094588,1764129,128.5477432,35.86916631
2018,2018-12-24 05,야,월,1,1,0,0,0,대구,서구,차대사람,차도통행중,차도통행중,안전운전 의무 불이행,단일로,기타단일로,화물차,보행자,1096687.8,1763941.9,128.5709762,35.86727459
2018,2018-04-01 04,야,일,1,1,0,0,0,대구,중구,차대사람,기타,기타,안전운전 의무 불이행,교차로,교차로부근,승용차,보행자,1099207.9,1763112.7,128.5987827,35.85954771
2018,2018-09-12 11,주,수,1,1,0,0,0,대구,중구,차대사람,횡단중,횡단중,안전운전 의무 불이행,교차로,교차로횡단보도내,건설기계,보행자,1099604,1763799,128.6032548,35.86569414
2018,2018-08-03 06,주,금,1,1,0,0,0,대구,중구,차대차,측면충돌,측면충돌,안전운전 의무 불이행,단일로,기타단일로,승용차,자전거,1099734,1763130,128.6046108,35.85965023
2018,2018-05-26 21,야,토,1,1,0,0,0,대구,달서구,차대사람,차도통행중,차도통행중,안전운전 의무 불이행,단일로,기타단일로,승용차,보행자,1090527,1760342,128.5023364,35.8354112
2018,2018-03-30 10,주,금,1,1,0,0,0,대구,북구,차대사람,횡단중,횡단중,보행자 보호의무 위반,교차로,교차로횡단보도내,승합차,보행자,1098958,1770308,128.5969098,35.92443467
2018,2018-04-29 21,야,일,1,7,0,6,0,대구,북구,차대사람,차도통행중,차도통행중,과속,단일로,기타단일로,승용차,보행자,1094504,1768215,128.5472978,35.90600809
2018,2018-08-20 03,야,월,1,1,0,0,0,대구,북구,차대사람,횡단중,횡단중,과속,단일로,기타단일로,승용차,보행자,1094791,1769374,128.550616,35.91642818
2018,2018-09-11 11,주,화,1,1,0,0,0,대구,북구,차대차,추돌,추돌,안전운전 의무 불이행,단일로,기타단일로,승용차,화물차,1096921,1772697,128.5746255,35.94617435
2018,2018-01-14 08,주,일,1,1,0,0,0,인천,동구,차대사람,횡단중,횡단중,신호위반,단일로,기타단일로,승용차,보행자,924404,1942135,126.6450349,37.4753521
2018,2018-10-10 10,주,수,1,10,2,7,0,인천,남구,차대차,추돌,추돌,안전운전 의무 불이행,교차로,교차로내,화물차,승용차,927370,1938669,126.6789178,37.44435169
2018,2018-11-03 00,야,토,1,1,0,0,0,인천,남구,차대차,추돌,추돌,보행자 보호의무 위반,단일로,기타단일로,이륜차,건설기계,925120,1940023,126.6533465,37.45637552
2018,2018-10-27 12,주,토,1,1,0,0,0,인천,남구,차대차,정면충돌,정면충돌,안전운전 의무 불이행,교차로,교차로부근,이륜차,화물차,925349,1940257,126.6559118,37.45850303
2018,2018-07-28 07,주,토,1,2,1,0,0,인천,남동구,차대차,기타,기타,중앙선 침범,단일로,기타단일로,승용차,승용차,930864,1941387,126.718159,37.46911652
2018,2018-01-22 04,야,월,1,1,0,0,0,인천,서구,차대사람,횡단중,횡단중,과속,단일로,기타단일로,화물차,보행자,927790,1942555,126.6832845,37.47940834
2018,2018-08-25 13,주,토,1,1,0,0,0,인천,서구,차량단독,공작물충돌,공작물충돌,안전운전 의무 불이행,단일로,기타단일로,화물차,없음,925907,1954607,126.660773,37.58787964
2018,2018-01-12 07,주,금,1,1,0,0,0,인천,계양구,차대사람,횡단중,횡단중,보행자 보호의무 위반,교차로,교차로횡단보도내,승용차,보행자,932713,1952651,126.7380354,37.57077362
2018,2018-03-20 19,야,화,1,1,0,0,0,인천,강화군,차대사람,횡단중,횡단중,안전운전 의무 불이행,단일로,기타단일로,승용차,보행자,910224,1969875,126.4812819,37.72407837
2018,2018-06-20 04,야,수,1,1,0,0,0,인천,연수구,차대차,추돌,추돌,안전운전 의무 불이행,교차로,교차로부근,승용차,건설기계,927728,1936419,126.683185,37.42410082
2018,2018-03-18 21,야,일,1,1,0,0,0,인천,남동구,차대차,측면충돌,측면충돌,신호위반,교차로,교차로내,자전거,승용차,929825,1933612,126.7071498,37.39896289
2018,2018-09-12 22,야,수,1,1,0,0,0,경기,안산시,차대차,추돌,추돌,안전운전 의무 불이행,단일로,기타단일로,승용차,화물차,937650,1928440,126.7959875,37.3529065
2018,2018-07-10 15,주,화,1,1,0,0,0,인천,계양구,차대차,추돌,추돌,안전운전 의무 불이행,단일로,기타단일로,화물차,화물차,933642,1949600,126.7488308,37.54334299
2018,2018-01-27 19,야,토,1,1,0,0,0,광주,서구,차대사람,길가장자리구역통행중,길가장자리구역통행중,안전운전 의무 불이행,단일로,기타단일로,자전거,보행자,942307,1683584.9,126.866638,35.14583991
2018,2018-08-28 20,야,화,1,1,0,0,0,광주,남구,차대사람,횡단중,횡단중,안전운전 의무 불이행,교차로,교차로횡단보도내,승용차,보행자,945757.1531,1683925.493,126.90449,35.149103
2018,2018-11-01 09,주,목,1,1,0,0,0,광주,북구,차대차,측면충돌,측면충돌,교차로 통행방법 위반,교차로,교차로내,이륜차,승용차,943091,1690578,126.8747617,35.20893885
2018,2018-11-03 00,야,토,1,2,1,0,0,광주,북구,차량단독,공작물충돌,공작물충돌,안전운전 의무 불이행,교차로,교차로내,화물차,없음,945010.3,1685190.7,126.8962067,35.16047043
2018,2018-09-16 18,야,일,1,1,0,0,0,광주,북구,차량단독,공작물충돌,공작물충돌,안전운전 의무 불이행,단일로,기타단일로,승용차,없음,943752,1694556,126.8817515,35.24484408
2018,2018-12-29 06,주,토,1,3,0,2,0,광주,광산구,차대차,추돌,추돌,안전거리 미확보,단일로,교량위,화물차,화물차,938098,1685303,126.8203049,35.16108097
2018,2018-11-02 15,주,금,1,1,0,0,0,광주,광산구,차대차,기타,기타,안전거리 미확보,단일로,기타단일로,자전거,승용차,939157,1691536,126.8314721,35.21734577
2018,2018-02-01 18,야,목,1,4,0,3,0,광주,광산구,차대차,기타,기타,안전운전 의무 불이행,단일로,기타단일로,승용차,승용차,937940,1685472,126.8185575,35.16259503
2018,2018-04-30 19,야,월,1,1,0,0,0,광주,광산구,차량단독,도로이탈,도로이탈 추락,안전운전 의무 불이행,교차로,교차로부근,자전거,없음,925507,1685674,126.6820315,35.16357154
2018,2018-04-20 01,야,금,1,1,0,0,0,광주,광산구,차량단독,도로이탈,도로이탈 추락,안전운전 의무 불이행,단일로,기타단일로,승용차,없음,938043,1685313,126.8197003,35.16116775
2018,2018-12-24 09,주,월,1,1,0,0,0,대전,중구,차대사람,횡단중,횡단중,보행자 보호의무 위반,교차로,교차로내,승용차,보행자,992006,1813872,127.4109399,36.32217506
2018,2018-02-09 02,야,금,1,1,0,0,0,대전,중구,차대사람,횡단중,횡단중,안전운전 의무 불이행,교차로,교차로부근,화물차,보행자,990760,1812015,127.3970804,36.30542221
2018,2018-11-12 13,주,월,1,1,0,0,0,대전,동구,차대차,측면충돌,측면충돌,안전운전 의무 불이행,교차로,교차로횡단보도내,건설기계,자전거,996679,1810309,127.4630163,36.29008036
2018,2018-10-23 16,주,화,1,1,0,0,0,대전,동구,차량단독,도로이탈,도로이탈 추락,안전운전 의무 불이행,단일로,기타단일로,화물차,없음,998345,1812844,127.481564,36.31293892
2018,2018-08-30 05,야,목,1,1,0,0,0,대전,동구,차대사람,횡단중,횡단중,안전운전 의무 불이행,교차로,교차로내,화물차,보행자,993987,1815767,127.4329953,36.33927373
2018,2018-09-02 07,주,일,1,5,0,4,0,대전,동구,차대차,추돌,추돌,안전운전 의무 불이행,단일로,지하차도(도로)내,승용차,농기계,996875,1813464,127.4651864,36.31852486
2018,2018-01-28 19,야,일,1,1,0,0,0,대전,대덕구,차대사람,횡단중,횡단중,과속,교차로,교차로부근,승용차,보행자,991439,1827485,127.4044731,36.44489619
2018,2018-01-09 06,주,화,1,1,0,0,0,대전,대덕구,차대사람,차도통행중,차도통행중,안전운전 의무 불이행,단일로,기타단일로,승용차,보행자,993425,1820125,127.426696,36.37855914
2018,2018-08-02 18,야,목,1,1,0,0,0,울산,북구,차량단독,공작물충돌,공작물충돌,안전운전 의무 불이행,단일로,기타단일로,이륜차,없음,1163980,1735748,129.3103199,35.60424192
2018,2018-03-15 23,야,목,1,1,0,0,0,울산,북구,차대사람,기타,기타,안전운전 의무 불이행,단일로,기타단일로,승용차,보행자,1168490,1733493,129.3596164,35.58316217
2018,2018-02-27 19,야,화,1,1,0,0,0,울산,중구,차대사람,횡단중,횡단중,안전운전 의무 불이행,단일로,지하차도(도로)내,승용차,보행자,1167010,1729894,129.3425464,35.55097915
2018,2018-04-21 02,야,토,1,1,0,0,0,울산,남구,차량단독,공작물충돌,공작물충돌,안전운전 의무 불이행,단일로,기타단일로,원동기장치자전거,없음,1168000,1728980,129.3532739,35.54257491
2018,2018-01-23 17,주,화,1,15,3,11,0,울산,남구,차대차,정면충돌,정면충돌,중앙선 침범,교차로,교차로부근,승용차,승용차,1167501,1727371,129.3474392,35.52815916
2018,2018-09-21 20,야,금,1,1,0,0,0,울산,울주군,차대차,추돌,추돌,안전운전 의무 불이행,단일로,기타단일로,승용차,농기계,1149848,1725369,129.1524435,35.51294029
2018,2018-05-22 06,주,화,1,1,0,0,0,울산,울주군,차량단독,전도,전도,안전운전 의무 불이행,단일로,기타단일로,이륜차,없음,1159760,1712579,129.2591915,35.39612394
2018,2018-06-28 06,주,목,1,11,3,7,0,울산,울주군,차대차,측면충돌,측면충돌,중앙선 침범,단일로,기타단일로,승용차,승합차,1166702,1718090,129.3367261,35.44465283
2018,2018-07-30 18,야,월,1,1,0,0,0,경기,의정부시,차량단독,기타,기타,안전운전 의무 불이행,단일로,기타단일로,승용차,없음,960188,1968268,127.0483016,37.71313043
2018,2018-04-06 00,야,금,2,2,0,0,0,경기,의정부시,차량단독,공작물충돌,공작물충돌,안전운전 의무 불이행,교차로,교차로내,승용차,없음,962096,1970948,127.0698091,37.7373664
2018,2018-07-07 16,주,토,1,1,0,0,0,경기,고양시,차대차,측면충돌,측면충돌,중앙선 침범,단일로,기타단일로,승용차,이륜차,943128,1957270,126.8556096,37.61310676
2018,2018-07-02 09,주,월,1,1,0,0,0,경기,고양시,차대사람,횡단중,횡단중,보행자 보호의무 위반,교차로,교차로내,승용차,보행자,941704,1958485,126.839379,37.62396821
2018,2018-01-18 14,주,목,1,1,0,0,0,경기,고양시,차대사람,횡단중,횡단중,안전운전 의무 불이행,단일로,기타단일로,화물차,보행자,944225,1956575,126.8680915,37.60690998
2018,2018-10-07 08,주,일,1,1,0,0,0,경기,고양시,차대사람,기타,기타,안전운전 의무 불이행,단일로,기타단일로,승용차,보행자,946541,1962062,126.893928,37.65650167
2018,2018-03-19 19,야,월,1,1,0,0,0,경기,남양주시,차대차,측면충돌,측면충돌,안전운전 의무 불이행,교차로,교차로내,승용차,이륜차,974726,1955699,127.2136796,37.60035863
2018,2018-01-16 19,야,화,1,1,0,0,0,경기,남양주시,차대사람,횡단중,횡단중,신호위반,교차로,교차로내,건설기계,보행자,982863,1961048,127.3057348,37.64875907
2018,2018-01-31 18,야,수,1,1,0,0,0,경기,남양주시,차대사람,차도통행중,차도통행중,안전운전 의무 불이행,단일로,기타단일로,승용차,보행자,973770,1971923,127.2022658,37.74656331
2018,2018-05-30 12,주,수,1,1,0,0,0,경기,남양주시,차대차,기타,기타,직진 및 우회전차의 통행방해,교차로,교차로내,승용차,이륜차,977496,1961806,127.2448716,37.65547531
2018,2018-10-11 16,주,목,1,1,0,0,0,경기,남양주시,차대사람,기타,기타,안전운전 의무 불이행,단일로,기타단일로,승용차,보행자,972248,1962306,127.1853566,37.65983828
2018,2018-11-08 21,야,목,2,2,0,0,0,경기,파주시,차량단독,공작물충돌,공작물충돌,안전운전 의무 불이행,단일로,기타단일로,승용차,없음,937431,1984198,126.7887459,37.85542832
2018,2018-08-20 01,야,월,1,1,0,0,0,경기,파주시,차량단독,공작물충돌,공작물충돌,안전운전 의무 불이행,단일로,기타단일로,승용차,없음,937143,1978095,126.7860025,37.80040545
2018,2018-05-25 06,주,금,1,2,1,0,0,경기,파주시,차대차,측면충돌,측면충돌,중앙선 침범,단일로,기타단일로,승용차,승용차,942627,1981355,126.8480335,37.83014757
2018,2018-02-28 22,야,수,1,1,0,0,0,경기,파주시,차량단독,공작물충돌,공작물충돌,안전운전 의무 불이행,교차로,교차로부근,승용차,없음,929516,1974753,126.6996991,37.76972929
2018,2018-10-30 07,주,화,1,2,0,0,1,경기,양주시,차대차,측면충돌,측면충돌,신호위반,교차로,교차로내,이륜차,승합차,954704,1980092,126.9853455,37.81944412
2018,2018-08-08 10,주,수,2,17,4,11,0,경기,양주시,차대차,정면충돌,정면충돌,중앙선 침범,단일로,기타단일로,승용차,승합차,961026,1984560,127.0569333,37.86000558
2018,2018-09-12 15,주,수,1,2,1,0,0,경기,양주시,차대사람,횡단중,횡단중,안전운전 의무 불이행,교차로,교차로부근,승용차,보행자,954461,1982330,126.9824438,37.83960265
2018,2018-08-13 00,야,월,1,2,1,0,0,경기,동두천시,차량단독,공작물충돌,공작물충돌,안전운전 의무 불이행,교차로,교차로내,승용차,없음,963783,1988176,127.0880934,37.89270983
2018,2018-01-24 10,주,수,1,1,0,0,0,경기,동두천시,차대차,정면충돌,정면충돌,안전운전 의무 불이행,교차로,교차로내,건설기계,화물차,961552,1995211,127.0623446,37.95602303
2018,2018-05-21 07,주,월,1,1,0,0,0,경기,구리시,차대차,측면충돌,측면충돌,신호위반,단일로,기타단일로,승용차,자전거,966520,1952341,127.1208718,37.56982971
2018,2018-02-26 06,주,월,1,1,0,0,0,경기,포천시,차량단독,기타,기타,안전운전 의무 불이행,단일로,기타단일로,승용차,없음,982307,1991316,127.2986934,37.92155928
2018,2018-09-29 08,주,토,1,2,0,1,0,경기,포천시,차대차,측면충돌,측면충돌,신호위반,교차로,교차로내,승용차,승용차,974960,1986433,127.2152714,37.87737641
2018,2018-01-11 15,주,목,1,1,0,0,0,경기,가평군,차대차,정면충돌,정면충돌,중앙선 침범,단일로,기타단일로,승용차,승합차,993798,1972063,127.4296001,37.74818018
2018,2018-06-25 11,주,월,1,1,0,0,0,경기,가평군,차대차,기타,기타,안전운전 의무 불이행,단일로,기타단일로,원동기장치자전거,화물차,986770,1980212,127.3496756,37.8215541
2018,2018-06-15 15,주,금,1,1,0,0,0,경기,연천군,차대차,정면충돌,정면충돌,중앙선 침범,단일로,지하차도(도로)내,화물차,승합차,967055,2022430,127.1237293,38.20155292
2018,2018-10-13 19,야,토,1,1,0,0,0,경기,고양시,차량단독,기타,기타,안전운전 의무 불이행,기타,기타,자전거,없음,935581,1964925,126.7694285,37.68160114
2018,2018-01-10 18,야,수,1,2,0,0,1,서울,중구,차대사람,보도통행중,보도통행중,기타(운전자법규위반),단일로,기타단일로,승용차,보행자,956090,1951798,127.0027984,37.56449716
2018,2018-08-21 20,야,화,1,1,0,0,0,서울,중구,차대사람,기타,기타,안전운전 의무 불이행,교차로,교차로부근,승합차,보행자,954376,1951967,126.9833806,37.56593706
2018,2018-04-02 01,야,월,1,1,0,0,0,서울,서대문구,차대차,정면충돌,정면충돌,중앙선 침범,단일로,기타단일로,이륜차,승용차,950673,1954890,126.941255,37.59209148
2018,2018-06-30 03,야,토,1,1,0,0,0,서울,용산구,차량단독,공작물충돌,공작물충돌,안전운전 의무 불이행,단일로,기타단일로,이륜차,없음,956761,1947988,127.0106206,37.53018837
2018,2018-02-23 20,야,금,1,6,0,5,0,서울,강북구,차대차,정면충돌,정면충돌,중앙선 침범,단일로,기타단일로,승용차,승합차,958023,1959206,127.0242605,37.63135713
2018,2018-02-24 05,야,토,1,1,0,0,0,서울,동대문구,차대사람,횡단중,횡단중,안전운전 의무 불이행,교차로,교차로횡단보도내,승용차,보행자,960672,1951888,127.054675,37.56551545
2018,2018-03-07 15,주,수,1,1,0,0,0,서울,동대문구,차대사람,횡단중,횡단중,안전운전 의무 불이행,교차로,교차로횡단보도내,화물차,보행자,962041,1953347,127.0701006,37.57872331
2018,2018-12-06 12,주,목,1,1,0,0,0,서울,광진구,차대사람,횡단중,횡단중,안전운전 의무 불이행,교차로,교차로횡단보도내,승합차,보행자,964208,1948640,127.0948719,37.53638429
2018,2018-10-09 10,주,화,1,1,0,0,0,서울,마포구,차대사람,횡단중,횡단중,신호위반,단일로,기타단일로,건설기계,보행자,951870,1951044,126.9550659,37.55749033
2018,2018-02-04 09,주,일,1,1,0,0,0,서울,마포구,차대사람,횡단중,횡단중,안전운전 의무 불이행,단일로,기타단일로,승합차,보행자,950602,1950921,126.9407184,37.55631458
2018,2018-11-01 15,주,목,1,1,0,0,0,서울,영등포구,차대사람,횡단중,횡단중,안전운전 의무 불이행,단일로,기타단일로,화물차,보행자,946256,1945919,126.8918818,37.5109877
2018,2018-07-20 11,주,금,1,1,0,0,0,서울,영등포구,차대차,측면충돌,측면충돌,안전운전 의무 불이행,단일로,기타단일로,건설기계,자전거,947506,1946469,126.9059857,37.51601691
2018,2018-08-29 09,주,수,1,1,0,0,0,서울,영등포구,차대사람,횡단중,횡단중,신호위반,교차로,교차로부근,화물차,보행자,949967,1946752,126.9338134,37.51870441
2018,2018-09-03 06,주,월,1,3,2,0,0,서울,영등포구,차대사람,보도통행중,보도통행중,기타(운전자법규위반),단일로,기타단일로,승용차,보행자,947447,1947089,126.9052737,37.5216017
2018,2018-06-17 22,야,일,1,1,0,0,0,서울,영등포구,차대차,측면충돌,측면충돌,안전운전 의무 불이행,교차로,교차로내,자전거,승용차,947126,1944265,126.9018444,37.49613019
2018,2018-08-09 04,야,목,1,1,0,0,0,서울,영등포구,차대사람,기타,기타,안전운전 의무 불이행,교차로,교차로내,승용차,보행자,947067,1944315,126.9011733,37.49657747
2018,2018-03-16 09,주,금,1,1,0,0,0,서울,영등포구,차대사람,기타,기타,안전운전 의무 불이행,단일로,기타단일로,승합차,보행자,946481,1946557,126.8943811,37.51675117
2018,2018-03-11 03,야,일,1,2,0,1,0,서울,성동구,차대차,정면충돌,정면충돌,중앙선 침범,단일로,기타단일로,이륜차,승용차,958101,1951844,127.025566,37.56500547
2018,2018-01-15 19,야,월,1,1,0,0,0,서울,성동구,차대사람,횡단중,횡단중,안전운전 의무 불이행,기타,기타,승용차,보행자,958632,1951659,127.0315889,37.56336202
2018,2018-07-12 09,주,목,1,1,0,0,0,서울,동작구,차대사람,차도통행중,차도통행중,기타(운전자법규위반),단일로,기타단일로,화물차,보행자,949015,1944677,126.9231848,37.4999499
2018,2018-01-04 07,주,목,1,1,0,0,0,서울,중랑구,차대사람,차도통행중,차도통행중,안전운전 의무 불이행,교차로,교차로부근,승용차,보행자,962641,1957216,127.0766982,37.61362022
2018,2018-02-27 03,야,화,1,1,0,0,0,서울,강남구,차대차,측면충돌,측면충돌,신호위반,교차로,교차로내,승용차,승용차,958528,1946177,127.0307211,37.51394641
2018,2018-05-30 16,주,수,1,1,0,0,0,서울,강서구,차대차,측면충돌,측면충돌,안전거리 미확보,단일로,기타단일로,자전거,승용차,944606,1950281,126.8728838,37.55020516
2018,2018-03-22 12,주,목,1,2,1,0,0,서울,강동구,차대사람,횡단중,횡단중,안전운전 의무 불이행,단일로,기타단일로,승용차,보행자,966878,1949043,127.1250747,37.5401165
2018,2018-03-10 12,주,토,1,1,0,0,0,서울,송파구,차대사람,기타,기타,안전운전 의무 불이행,교차로,교차로부근,승용차,보행자,963866,1945672,127.0911469,37.50961917
2018,2018-07-18 01,야,수,1,2,0,1,0,서울,송파구,차대사람,차도통행중,차도통행중,안전운전 의무 불이행,교차로,교차로부근,승용차,보행자,964380,1945037,127.0969934,37.50391563
2018,2018-09-20 14,주,목,1,1,0,0,0,서울,성북구,차대사람,횡단중,횡단중,보행자 보호의무 위반,교차로,교차로횡단보도내,건설기계,보행자,960194,1957235,127.0489718,37.61368876
2018,2018-09-24 05,야,월,1,2,0,1,0,서울,서초구,차대차,측면충돌,측면충돌,중앙선 침범,단일로,기타단일로,승용차,승용차,957817,1944239,127.0227872,37.49644631
2018,2018-07-06 18,야,금,1,1,0,0,0,서울,도봉구,차대사람,기타,기타,안전운전 의무 불이행,교차로,교차로내,건설기계,보행자,959199,1960300,127.037527,37.64127052
2018,2018-10-09 13,주,화,1,1,0,0,0,서울,은평구,차대차,기타,기타,신호위반,교차로,교차로내,이륜차,승합차,949066,1957684,126.9228582,37.61718636
2018,2018-12-18 00,야,화,1,1,0,0,0,서울,은평구,차대사람,차도통행중,차도통행중,안전운전 의무 불이행,단일로,기타단일로,승용차,보행자,947755,1960927,126.9077718,37.64634188
2018,2018-10-29 09,주,월,1,1,0,0,0,서울,강남구,차대차,기타,기타,안전거리 미확보,단일로,기타단일로,승합차,승용차,961227,1943892,127.0613815,37.49346819
2018,2018-11-14 05,야,수,1,1,0,0,0,서울,강남구,차대차,기타,기타,신호위반,교차로,교차로내,이륜차,화물차,959935,1943965,127.0467622,37.494071
2018,2018-08-11 07,주,토,1,2,1,0,0,부산,북구,차량단독,기타,기타,안전운전 의무 불이행,단일로,기타단일로,이륜차,없음,1137689,1695333,129.0133395,35.2439665
2018,2018-09-24 20,야,월,1,2,0,1,0,부산,영도구,차량단독,공작물충돌,공작물충돌,안전운전 의무 불이행,단일로,고가도로위,승용차,없음,1141940,1679337,129.0572947,35.09918794
2018,2018-07-28 05,야,토,1,2,1,0,0,부산,해운대구,차량단독,공작물충돌,공작물충돌,안전운전 의무 불이행,단일로,기타단일로,이륜차,없음,1152096,1686998,129.1700904,35.16675744
2018,2018-06-07 23,야,목,1,1,0,0,0,부산,해운대구,차대사람,기타,기타,안전운전 의무 불이행,단일로,기타단일로,화물차,보행자,1151448,1686276,129.1628452,35.16034765
2018,2018-08-12 04,야,일,1,1,0,0,0,부산,해운대구,차대차,정면충돌,정면충돌,신호위반,교차로,교차로내,이륜차,승용차,1148059,1688297,129.1260114,35.17906899
2018,2018-04-14 19,야,토,1,1,0,0,0,부산,금정구,차대사람,기타,기타,안전운전 의무 불이행,단일로,기타단일로,승용차,보행자,1152398,1703706.3,129.1765027,35.31730721
2018,2018-07-02 04,야,월,1,1,0,0,0,부산,연제구,차대사람,횡단중,횡단중,과속,단일로,기타단일로,승용차,보행자,1144740,1687710,129.0894711,35.17426173
2018,2018-11-03 22,야,토,1,1,0,0,0,부산,강서구,차대차,기타,기타,중앙선 침범,단일로,기타단일로,승용차,이륜차,1127770,1677477,128.9015853,35.08431788
2018,2018-01-17 22,야,수,1,1,0,0,0,부산,사상구,차대차,정면충돌,정면충돌,중앙선 침범,단일로,기타단일로,이륜차,승용차,1133596,1681988,128.9662041,35.12422609
2018,2018-01-27 21,야,토,1,3,0,2,0,부산,사상구,차대사람,횡단중,횡단중,안전운전 의무 불이행,단일로,기타단일로,승용차,보행자,1135311,1688500,128.9860877,35.18269726
2018,2018-11-16 13,주,금,1,1,0,0,0,부산,사상구,차대사람,기타,기타,보행자 보호의무 위반,단일로,기타단일로,건설기계,보행자,1134937,1689609,128.9821629,35.19274427
2018,2018-08-02 14,주,목,1,2,0,1,0,부산,기장군,차대차,추돌,추돌,과속,단일로,기타단일로,승용차,화물차,1157280,1704280,129.2302973,35.32172144
2018,2018-06-18 07,주,월,1,6,4,1,0,울산,울주군,차대차,추돌,추돌,안전거리 미확보,단일로,기타단일로,특수차,승용차,1161806,1720822,129.283349,35.47008317