발생년,발생년월일시,주야,요일,사망자수,부상자수,중상자수,경상자수,부상신고자수,발생지시도,발생지시군구,사고유형_대분류,사고유형_중분류,사고유형,가해자법규위반,도로형태_대분류,도로형태,가해자_당사자종별,피해자_당사자종별,발생위치X_UTMK,발생위치Y_UTMK,경도,위도
2018,2018-06-16 14,주,토,1,2,0,1,0,경북,청송군,차량단독,공작물충돌,공작물충돌,안전운전 의무 불이행,단일로,기타단일로,화물차,없음,1140106,1819086,129.0615797,36.35900867
2018,2018-06-28 06,주,목,1,1,0,0,0,경북,구미시,차량단독,공작물충돌,공작물충돌,안전운전 의무 불이행,단일로,기타단일로,화물차,없음,1080360,1790528,128.3928371,36.10842085
2018,2018-04-21 12,주,토,1,1,0,0,0,경북,구미시,차대차,측면충돌,측면충돌,안전운전 의무 불이행,단일로,기타단일로,승용차,자전거,1072712,1803619,128.3090844,36.22703654
2018,2018-01-05 21,야,금,1,1,0,0,0,경북,포항시,차대사람,길가장자리구역통행중,길가장자리구역통행중,안전운전 의무 불이행,교차로,교차로부근,화물차,보행자,1168669,1783399,129.3721197,36.03285628
2018,2018-06-30 22,야,토,1,1,0,0,0,경북,포항시,차대사람,기타,기타,안전운전 의무 불이행,단일로,기타단일로,승용차,보행자,1167375,1780572,129.3571658,36.00760506
2018,2018-08-04 05,야,토,1,1,0,0,0,경북,포항시,차대사람,횡단중,횡단중,신호위반,단일로,기타단일로,화물차,보행자,1168798,1781547,129.3731556,36.01614541
2018,2018-12-21 17,주,금,1,1,0,0,0,경북,포항시,차대사람,횡단중,횡단중,안전운전 의무 불이행,단일로,기타단일로,승용차,보행자,1166852,1778635,129.3509574,35.99024001
2018,2018-09-13 23,야,목,1,3,1,1,0,경북,상주시,차대차,기타,기타,안전운전 의무 불이행,단일로,기타단일로,화물차,화물차,1048238,1825744,128.0381395,36.42802606
2018,2018-08-21 21,야,화,1,5,0,4,0,대구,달성군,차대차,추돌,추돌,안전운전 의무 불이행,단일로,기타단일로,화물차,화물차,1085496,1738553,128.4443166,35.63943268
2018,2018-12-10 15,주,월,1,1,0,0,0,경북,구미시,차량단독,공작물충돌,공작물충돌,안전운전 의무 불이행,단일로,기타단일로,승용차,없음,1077489,1791069,128.3609955,36.11353128
2018,2018-10-04 00,야,목,1,2,0,0,1,경북,군위군,차대차,기타,기타,안전운전 의무 불이행,단일로,기타단일로,화물차,특수차,1105983,1785158,128.6767515,36.05755674
2018,2018-05-22 21,야,화,1,3,0,2,0,대구,북구,차대차,기타,기타,안전운전 의무 불이행,단일로,기타단일로,승용차,화물차,1092060,1766799,128.5200534,35.89347647
2018,2018-02-10 11,주,토,1,1,0,0,0,경남,창원시(통합),차량단독,전도,전도,안전운전 의무 불이행,단일로,기타단일로,농기계,없음,1099433,1681078,128.5912297,35.11997756
2018,2018-07-16 21,야,월,1,1,0,0,0,경남,진주시,차대차,측면충돌,측면충돌,안전운전 의무 불이행,단일로,기타단일로,승용차,자전거,1056800,1691561,128.1241086,35.21780834
2018,2018-02-25 20,야,일,1,1,0,0,0,경남,진주시,차대사람,기타,기타,보행자 보호의무 위반,교차로,교차로내,승용차,보행자,1065955,1688180,128.2244247,35.18676349
2018,2018-01-13 05,야,토,1,1,0,0,0,경남,창원시(통합),차대사람,차도통행중,차도통행중,안전운전 의무 불이행,교차로,교차로내,승용차,보행자,1118513,1678360,128.8001902,35.09340918
2018,2018-05-30 05,야,수,1,1,0,0,0,경남,사천시,차량단독,전복,전복,안전운전 의무 불이행,교차로,교차로부근,이륜차,없음,1046882,1675811,128.0142415,35.07630557
2018,2018-06-26 14,주,화,1,1,0,0,0,경남,밀양시,차대차,추돌,추돌,안전운전 의무 불이행,단일로,기타단일로,화물차,화물차,1116298,1724474,128.7824385,35.50937294
2018,2018-07-03 13,주,화,1,1,0,0,0,경남,밀양시,차대차,측면충돌,측면충돌,안전운전 의무 불이행,교차로,교차로부근,화물차,원동기장치자전거,1104463,1719211,128.6512799,35.46324427
2018,2018-01-02 16,주,화,1,1,0,0,0,경남,김해시,차대사람,횡단중,횡단중,안전운전 의무 불이행,단일로,기타단일로,화물차,보행자,1129227,1694240,128.9201882,35.23524102
2018,2018-03-20 08,주,화,1,1,0,0,0,경남,김해시,차대차,기타,기타,안전운전 의무 불이행,단일로,기타단일로,원동기장치자전거,승용차,1124526,1695139,128.8686743,35.24394016
2018,2018-07-17 21,야,화,1,1,0,0,0,경남,김해시,차대사람,횡단중,횡단중,안전운전 의무 불이행,교차로,교차로부근,승용차,보행자,1127749,1694934,128.9040573,35.24168647
2018,2018-04-20 20,야,금,1,2,0,1,0,경남,김해시,차대차,측면충돌,측면충돌,차로위반(진로변경 위반),단일로,기타단일로,이륜차,이륜차,1128811,1693525,128.9155056,35.22884932
2018,2018-08-30 11,주,목,1,1,0,0,0,경남,거창군,차대차,추돌,추돌,앞지르기 금지위반,교차로,교차로내,화물차,이륜차,1032883,1752788,127.8637993,35.77093242
2018,2018-09-29 19,야,토,2,2,0,0,0,경남,합천군,차대차,추돌,추돌,안전운전 의무 불이행,단일로,기타단일로,승용차,화물차,1069088,1729497,128.2623291,35.55907051
2018,2018-03-04 20,야,일,1,2,1,0,0,경남,창녕군,차대사람,기타,기타,중앙선 침범,교차로,교차로부근,승용차,보행자,1088447,1711181,128.4739214,35.3924043
2018,2018-07-06 12,주,금,1,1,0,0,0,경남,창녕군,차대사람,횡단중,횡단중,안전운전 의무 불이행,교차로,교차로횡단보도내,화물차,보행자,1089292,1727630,128.4850315,35.54062344
2018,2018-08-05 16,주,일,1,1,0,0,0,경남,양산시,차대사람,횡단중,횡단중,안전운전 의무 불이행,교차로,교차로부근,승용차,보행자,1141734,1715426,129.0612637,35.42451262
2018,2018-12-19 03,야,수,1,1,0,0,0,경남,양산시,차량단독,공작물충돌,공작물충돌,안전운전 의무 불이행,단일로,기타단일로,승용차,없음,1140553,1710266,129.0473695,35.37817021
2018,2018-08-28 06,주,화,1,1,0,0,0,경남,양산시,차대사람,차도통행중,차도통행중,안전운전 의무 불이행,단일로,기타단일로,승용차,보행자,1136185,1702980,128.9980832,35.31310163
2018,2018-08-06 07,주,월,1,1,0,0,0,경남,거제시,차대사람,기타,기타,안전운전 의무 불이행,교차로,교차로내,화물차,보행자,1109993,1648897,128.7028492,34.82875175
2018,2018-10-05 11,주,금,1,1,0,0,0,경남,거제시,차량단독,공작물충돌,공작물충돌,안전운전 의무 불이행,단일로,고가도로위,승용차,없음,1111094,1662296,128.7166667,34.94943175
2018,2018-10-24 18,야,수,1,1,0,0,0,경남,의령군,차대사람,횡단중,횡단중,안전운전 의무 불이행,불명,불명,승용차,보행자,1067460,1703408,128.2422045,35.32396376
2018,2018-06-03 16,주,일,1,1,0,0,0,경남,의령군,차량단독,도로이탈,도로이탈 기타,안전운전 의무 불이행,단일로,지하차도(도로)내,승용차,없음,1080501,1710090,128.3863274,35.38324174
2018,2018-04-28 22,야,토,1,1,0,0,0,경남,창원시(통합),차량단독,공작물충돌,공작물충돌,안전운전 의무 불이행,교차로,교차로내,원동기장치자전거,없음,1105438,1694306,128.6588116,35.23862115
2018,2018-12-15 23,야,토,1,1,0,0,0,경남,창원시(통합),차대사람,횡단중,횡단중,안전운전 의무 불이행,교차로,교차로내,승용차,보행자,1101351,1696428,128.614163,35.25817345
2018,2018-12-10 11,주,월,1,1,0,0,0,경남,창원시(통합),차대차,기타,기타,신호위반,단일로,기타단일로,이륜차,승용차,1109886,1704758,128.7090878,35.33236811
2018,2018-04-20 07,주,금,1,1,0,0,0,경남,김해시,차량단독,기타,기타,안전운전 의무 불이행,단일로,기타단일로,원동기장치자전거,없음,1114418,1704936,128.7589683,35.33346378
2018,2018-12-13 18,야,목,1,1,0,0,0,경남,창녕군,차대사람,기타,기타,안전운전 의무 불이행,단일로,기타단일로,화물차,보행자,1091342,1724397,128.5072788,35.51129028
2018,2018-07-05 16,주,목,1,2,1,0,0,제주,제주시,차대차,기타,기타,과속,교차로,교차로내,승용차,농기계,931105,1506838,126.7578495,33.55129622
2018,2018-01-02 22,야,화,1,1,0,0,0,제주,제주시,차대사람,횡단중,횡단중,보행자 보호의무 위반,교차로,교차로횡단보도내,승합차,보행자,909791,1501945,126.5287697,33.5055806
2018,2018-05-12 19,야,토,1,1,0,0,0,제주,서귀포시,차대사람,기타,기타,안전운전 의무 불이행,교차로,교차로부근,승용차,보행자,927112,1479903,126.7170238,33.30810666
2018,2018-07-13 04,야,금,2,3,1,0,0,제주,서귀포시,차량단독,기타,기타,안전운전 의무 불이행,교차로,교차로부근,승용차,없음,922304,1476582,126.6656652,33.27781842
2018,2018-10-27 10,주,토,1,1,0,0,0,제주,서귀포시,차대차,측면충돌,측면충돌,긴급자동차에대한 피양의무 위반,교차로,교차로내,승용차,이륜차,883706,1470725,126.2520048,33.22152846
2018,2018-05-05 00,야,토,1,1,0,0,0,제주,서귀포시,차대사람,횡단중,횡단중,과속,교차로,교차로내,승용차,보행자,945255,1494644,126.9110133,33.44213621
2018,2018-12-05 17,주,수,1,1,0,0,0,제주,서귀포시,차대차,측면충돌,측면충돌,안전운전 의무 불이행,교차로,교차로내,이륜차,승용차,914567,1474979,126.5827418,33.26277589
2018,2018-02-19 19,야,월,1,1,0,0,0,제주,제주시,차대사람,길가장자리구역통행중,길가장자리구역통행중,안전운전 의무 불이행,단일로,기타단일로,승용차,보행자,901372,1497399,126.4386402,33.46384055
2018,2018-03-07 16,주,수,1,1,0,0,0,제주,제주시,차대차,기타,기타,직진 및 우회전차의 통행방해,교차로,교차로내,화물차,이륜차,884443,1491778,126.2572207,33.41145917
2018,2018-04-09 20,야,월,1,1,0,0,0,제주,제주시,차량단독,전도,전도,안전운전 의무 불이행,교차로,교차로내,원동기장치자전거,없음,906431,1500351,126.4927658,33.49091665
2018,2018-12-14 14,주,금,1,3,0,2,0,대구,남구,차대차,추돌,추돌,안전운전 의무 불이행,단일로,고가도로위,화물차,화물차,1100042,1759530,128.6075701,35.82716666
2018,2018-04-13 15,주,금,1,1,0,0,0,대구,동구,차대사람,횡단중,횡단중,신호위반,단일로,기타단일로,승용차,보행자,1103408,1772639,128.646531,35.94498608
2018,2018-12-04 21,야,화,1,1,0,0,0,대구,동구,차량단독,도로이탈,도로이탈 추락,안전운전 의무 불이행,단일로,교량위,승용차,없음,1111885,1763086,128.7391571,35.85794108
2018,2018-09-09 15,주,일,1,1,0,0,0,대구,수성구,차대사람,횡단중,횡단중,안전운전 의무 불이행,단일로,기타단일로,승용차,보행자,1100118,1762240,128.6087513,35.85158818
2018,2018-04-22 21,야,일,1,1,0,0,0,대구,북구,차대사람,기타,기타,안전운전 의무 불이행,단일로,기타단일로,승용차,보행자,1099806.1,1767826.3,128.6059976,35.9019774
2018,2018-09-27 19,야,목,1,1,0,0,0,대구,북구,차대차,기타,기타,안전운전 의무 불이행,교차로,교차로내,자전거,승용차,1099862,1765818,128.606365,35.88386804
2018,2018-10-19 16,주,금,1,2,1,0,0,대구,중구,차대차,기타,기타,안전운전 의무 불이행,단일로,기타단일로,승용차,승용차,1098120,1764189,128.586868,35.86935962
2018,2018-03-24 19,야,토,1,1,0,0,0,대구,달서구,차대차,측면충돌,측면충돌,차로위반(진로변경 위반),교차로,교차로부근,승용차,이륜차,1090346.3,1762171.9,128.5005431,35.85192406
2018,2018-02-05 14,주,월,1,1,0,0,0,대구,북구,차대사람,횡단중,횡단중,안전운전 의무 불이행,단일로,기타단일로,승용차,보행자,1094440.9,1769726.2,128.5467781,35.919637
2018,2018-06-23 03,야,토,1,1,0,0,0,대구,북구,차량단독,기타,기타,안전운전 의무 불이행,단일로,교량위,승용차,없음,1099195,1768670,128.5993321,35.90964504
2018,2018-09-15 15,주,토,1,2,0,0,1,인천,옹진군,차대사람,차도통행중,차도통행중,안전운전 의무 불이행,단일로,기타단일로,승용차,보행자,888133,1909885,126.2397627,37.18104378
2018,2018-01-22 13,주,월,1,1,0,0,0,인천,부평구,차대사람,기타,기타,안전운전 의무 불이행,단일로,기타단일로,승합차,보행자,931187,1945405,126.7214356,37.50535427
2018,2018-08-19 06,주,일,1,1,0,0,0,인천,서구,차대사람,횡단중,횡단중,안전운전 의무 불이행,단일로,기타단일로,화물차,보행자,927757,1944340,126.6827361,37.49549355
2018,2018-11-03 13,주,토,1,1,0,0,0,인천,서구,차대사람,횡단중,횡단중,안전운전 의무 불이행,교차로,교차로내,승용차,보행자,927002,1945363,126.6740942,37.50465418
2018,2018-09-15 03,야,토,1,1,0,0,0,인천,서구,차대사람,횡단중,횡단중,안전운전 의무 불이행,단일로,기타단일로,승용차,보행자,927992,1944360,126.6853924,37.49569217
2018,2018-11-24 17,주,토,1,1,0,0,0,인천,서구,차대사람,기타,기타,안전운전 의무 불이행,교차로,교차로내,승용차,보행자,925982,1956337,126.6614475,37.60347739
2018,2018-03-12 17,주,월,1,1,0,0,0,인천,계양구,차대사람,횡단중,횡단중,안전운전 의무 불이행,교차로,교차로횡단보도내,승용차,보행자,931308,1948970,126.7224712,37.53749393
2018,2018-07-16 15,주,월,1,1,0,0,0,인천,강화군,차량단독,전복,전복,안전운전 의무 불이행,단일로,기타단일로,불명,없음,889439,1979380,126.2440268,37.80745506
2018,2018-11-16 18,야,금,1,1,0,0,0,인천,연수구,차대차,기타,기타,앞지르기 방법위반,교차로,교차로내,이륜차,화물차,923779,1932190,126.6389943,37.38566893
2018,2018-09-21 19,야,금,1,1,0,0,0,인천,연수구,차대사람,차도통행중,차도통행중,안전운전 의무 불이행,단일로,기타단일로,승용차,보행자,923574,1933404,126.6365534,37.3965936
2018,2018-03-15 22,야,목,1,1,0,0,0,인천,연수구,차대사람,횡단중,횡단중,안전운전 의무 불이행,교차로,교차로부근,화물차,보행자,924467,1937224,126.6462506,37.43109571
2018,2018-02-01 10,주,목,1,1,0,0,0,인천,부평구,차대사람,횡단중,횡단중,보행자 보호의무 위반,교차로,교차로내,화물차,보행자,933449,1946661,126.7469126,37.51684034
2018,2018-04-18 21,야,수,1,1,0,0,0,인천,부평구,차대사람,횡단중,횡단중,보행자 보호의무 위반,교차로,교차로내,승합차,보행자,931548,1945609,126.7255007,37.50721974
2018,2018-06-14 06,주,목,1,1,0,0,0,경기,시흥시,차대차,추돌,추돌,안전운전 의무 불이행,단일로,기타단일로,승용차,화물차,944130,1930710,126.8689795,37.37377956
2018,2018-01-19 03,야,금,1,2,0,1,0,서울,금천구,차대사람,차도통행중,차도통행중,과속,단일로,기타단일로,승용차,보행자,946692,1938836,126.8973279,37.44717251
2018,2018-07-31 21,야,화,1,1,0,0,0,광주,동구,차대차,기타,기타,안전거리 미확보,단일로,기타단일로,승용차,승용차,948893,1682277,126.9390177,35.13440318
2018,2018-07-25 13,주,수,1,1,0,0,0,광주,서구,차대사람,횡단중,횡단중,안전운전 의무 불이행,단일로,기타단일로,특수차,보행자,945416.4,1684451.1,126.9007144,35.15382381
2018,2018-03-13 06,주,화,1,2,0,1,0,광주,남구,차대차,추돌,추돌,안전거리 미확보,단일로,기타단일로,화물차,화물차,942976.8,1680208.3,126.8742237,35.11543231
2018,2018-09-19 09,주,수,1,1,0,0,0,광주,남구,차대차,측면충돌,측면충돌,교차로 통행방법 위반,교차로,교차로내,승용차,자전거,946302.4,1682125.2,126.9105928,35.13289947
2018,2018-10-25 15,주,목,1,1,0,0,0,광주,남구,차대사람,횡단중,횡단중,보행자 보호의무 위반,교차로,교차로내,화물차,보행자,945703,1683709,126.9039097,35.14714802
2018,2018-11-20 08,주,화,1,1,0,0,0,광주,북구,차대사람,기타,기타,안전운전 의무 불이행,단일로,기타단일로,승합차,보행자,945491,1689596,126.9011934,35.2002178
2018,2018-11-10 23,야,토,1,1,0,0,0,광주,북구,차대사람,기타,기타,안전운전 의무 불이행,단일로,기타단일로,승용차,보행자,945669,1684906,126.9034577,35.1579392
2018,2018-08-21 22,야,화,1,1,0,0,0,광주,북구,차대사람,횡단중,횡단중,안전운전 의무 불이행,단일로,기타단일로,승용차,보행자,946180,1686531,126.9089621,35.17261886
2018,2018-01-16 06,주,화,1,1,0,0,0,광주,북구,차대사람,횡단중,횡단중,안전운전 의무 불이행,단일로,기타단일로,승용차,보행자,947693,1686604,126.9255721,35.17335701
2018,2018-11-09 03,야,금,1,1,0,0,0,광주,광산구,차대사람,차도통행중,차도통행중,안전운전 의무 불이행,단일로,지하차도(도로)내,승용차,보행자,939228,1688108,126.8325051,35.18644142
2018,2018-08-23 15,주,목,1,1,0,0,0,광주,광산구,차대사람,횡단중,횡단중,안전운전 의무 불이행,교차로,교차로부근,화물차,보행자,936337.4,1682998.9,126.8011522,35.14019596
2018,2018-04-14 22,야,토,1,1,0,0,0,광주,광산구,차대차,측면충돌,측면충돌,중앙선 침범,단일로,기타단일로,승용차,이륜차,938033,1687780,126.8194052,35.18341096
2018,2018-10-21 19,야,일,1,1,0,0,0,광주,광산구,차대사람,차도통행중,차도통행중,안전운전 의무 불이행,단일로,기타단일로,승용차,보행자,934332,1682108,126.7792105,35.13203419
2018,2018-03-27 10,주,화,1,1,0,0,0,광주,광산구,차대차,기타,기타,신호위반,교차로,교차로내,승용차,이륜차,936676,1687089,126.804555,35.17709588
2018,2018-10-30 05,야,화,1,1,0,0,0,대전,중구,차대사람,차도통행중,차도통행중,안전운전 의무 불이행,단일로,기타단일로,승용차,보행자,989806,1812036,127.386454,36.30560192
2018,2018-02-03 03,야,토,1,1,0,0,0,대전,중구,차대사람,횡단중,횡단중,과속,단일로,기타단일로,승용차,보행자,994467,1812704,127.4383659,36.31166229
2018,2018-07-01 20,야,일,1,1,0,0,0,대전,동구,차대사람,기타,기타,안전운전 의무 불이행,단일로,기타단일로,승합차,보행자,994367,1815143,127.4372343,36.3336504
2018,2018-07-12 00,야,목,1,1,0,0,0,대전,동구,차대사람,횡단중,횡단중,안전운전 의무 불이행,단일로,교량위,승용차,보행자,992695,1815694,127.4185989,36.33860666
2018,2018-06-12 14,주,화,1,1,0,0,0,대전,동구,차대사람,횡단중,횡단중,보행자 보호의무 위반,교차로,교차로내,승용차,보행자,994842,1816276,127.4425195,36.34386754
2018,2018-01-19 06,주,금,1,1,0,0,0,대전,동구,차대차,기타,기타,부당한 회전,단일로,기타단일로,자전거,화물차,993052,1815509,127.4225786,36.33694145
2018,2018-06-25 11,주,월,1,1,0,0,0,대전,서구,차대차,측면충돌,측면충돌,신호위반,교차로,교차로내,화물차,이륜차,988748,1814533,127.3746335,36.32810171
2018,2018-04-16 21,야,월,1,1,0,0,0,대전,서구,차대사람,기타,기타,안전운전 의무 불이행,교차로,교차로내,승용차,보행자,986348,1812324,127.3479321,36.30815558
2018,2018-09-07 00,야,금,1,1,0,0,0,대전,서구,차대사람,차도통행중,차도통행중,안전운전 의무 불이행,단일로,기타단일로,승용차,보행자,988828,1815710,127.3755079,36.33871379
2018,2018-10-03 06,주,수,1,1,0,0,0,대전,서구,차량단독,전복,전복,안전운전 의무 불이행,단일로,기타단일로,이륜차,없음,986390,1812005,127.3484055,36.30528025
2018,2018-06-07 13,주,목,1,4,0,3,0,대전,대덕구,차대차,추돌,추돌,안전운전 의무 불이행,단일로,기타단일로,화물차,건설기계,992129,1820461,127.4122436,36.38157856
2018,2018-08-30 00,야,목,1,1,0,0,0,대전,대덕구,차량단독,기타,기타,안전운전 의무 불이행,단일로,고가도로위,승용차,없음,990729,1826673,127.3965603,36.43756919
2018,2018-09-21 21,야,금,1,1,0,0,0,대전,유성구,차대사람,보도통행중,보도통행중,보행자 보호의무 위반,교차로,교차로횡단보도내,화물차,보행자,983888,1811733,127.3205428,36.30278946
2018,2018-04-21 03,야,토,1,1,0,0,0,울산,중구,차대차,추돌,추돌,안전운전 의무 불이행,교차로,교차로부근,승용차,이륜차,1165647,1730713,129.3276835,35.5585888
2018,2018-06-17 21,야,일,1,1,0,0,0,울산,남구,차대사람,횡단중,횡단중,안전운전 의무 불이행,단일로,기타단일로,승용차,보행자,1162004,1729340,129.287231,35.54681758
2018,2018-11-02 17,주,금,1,2,0,1,0,울산,남구,차대사람,기타,기타,안전운전 의무 불이행,단일로,기타단일로,화물차,보행자,1164063,1728608,129.3097876,35.53988195
2018,2018-08-21 11,주,화,1,1,0,0,0,울산,남구,차량단독,전도,전도,안전운전 의무 불이행,단일로,기타단일로,특수차,없음,1168470,1723188,129.3572532,35.49029811
2018,2018-02-08 06,주,목,1,1,0,0,0,울산,동구,차대사람,횡단중,횡단중,신호위반,교차로,교차로내,화물차,보행자,1174599,1724885,129.4251522,35.50453207
2018,2018-06-18 22,야,월,1,1,0,0,0,울산,북구,차대사람,횡단중,횡단중,보행자 보호의무 위반,단일로,기타단일로,승용차,보행자,1177290,1736320,129.4573125,35.60709973
2018,2018-11-18 18,야,일,1,1,0,0,0,울산,동구,차대사람,차도통행중,차도통행중,과속,단일로,기타단일로,승용차,보행자,1174813,1723875,129.4272931,35.49539271
2018,2018-08-10 14,주,금,1,2,0,1,0,울산,울주군,차대차,추돌,추돌,안전운전 의무 불이행,단일로,기타단일로,자전거,자전거,1153151,1729989,129.1897264,35.55407467
2018,2018-10-12 12,주,금,1,1,0,0,0,경기,의정부시,차대차,측면충돌,측면충돌,신호위반,교차로,교차로내,자전거,승용차,959787,1970048,127.0436537,37.72915613
2018,2018-06-23 05,야,토,1,4,3,0,0,경기,의정부시,차대차,정면충돌,정면충돌,중앙선 침범,단일로,기타단일로,승용차,승용차,956802,1970904,127.0097295,37.73673524
2018,2018-04-30 15,주,월,1,1,0,0,0,경기,고양시,차량단독,공작물충돌,공작물충돌,안전운전 의무 불이행,단일로,기타단일로,원동기장치자전거,없음,936701,1962203,126.7823657,37.65714657
2018,2018-06-26 01,야,화,1,1,0,0,0,경기,고양시,차대사람,기타,기타,과속,교차로,교차로횡단보도내,승용차,보행자,937442,1960376,126.7909226,37.64073109
2018,2018-02-19 17,주,월,1,1,0,0,0,경기,고양시,차대사람,횡단중,횡단중,안전운전 의무 불이행,교차로,교차로내,화물차,보행자,937113,1963968,126.7868841,37.67308234
2018,2018-05-05 11,주,토,1,2,0,1,0,경기,남양주시,차대차,정면충돌,정면충돌,중앙선 침범,교차로,교차로부근,승용차,승합차,972650,1971981,127.1895508,37.74705327
2018,2018-06-09 07,주,토,1,2,0,1,0,경기,남양주시,차대차,추돌,추돌,안전운전 의무 불이행,단일로,기타단일로,승용차,화물차,969604,1960363,127.1554611,37.64224172
2018,2018-12-20 04,야,목,1,1,0,0,0,경기,남양주시,차대사람,횡단중,횡단중,안전운전 의무 불이행,교차로,교차로내,승용차,보행자,965765,1961282,127.1119038,37.65038978
2018,2018-12-03 07,주,월,1,1,0,0,0,경기,파주시,차대사람,횡단중,횡단중,보행자 보호의무 위반,교차로,교차로횡단보도내,승용차,보행자,936133,1973433,126.7749412,37.75831901
2018,2018-07-08 19,야,일,1,6,0,5,0,경기,양주시,차대차,측면충돌,측면충돌,중앙선 침범,단일로,기타단일로,승용차,승용차,960501,1980648,127.0511789,37.82472465
2018,2018-09-27 06,주,목,1,1,0,0,0,경기,양주시,차대사람,횡단중,횡단중,안전운전 의무 불이행,단일로,기타단일로,화물차,보행자,955684,1977176,126.9966583,37.79321077
2018,2018-12-01 02,야,토,1,3,2,0,0,경기,양주시,차대차,정면충돌,정면충돌,중앙선 침범,단일로,기타단일로,승용차,승용차,951453,1969921,126.9490897,37.72760745
2018,2018-06-10 00,야,일,1,1,0,0,0,경기,동두천시,차대사람,횡단중,횡단중,안전운전 의무 불이행,단일로,기타단일로,승용차,보행자,961150,1990307,127.0580335,37.91180748
2018,2018-06-04 07,주,월,1,1,0,0,0,경기,동두천시,차량단독,기타,기타,안전운전 의무 불이행,단일로,기타단일로,기타,없음,958883,1989580,127.0322858,37.90515555
2018,2018-09-14 13,주,금,1,1,0,0,0,경기,동두천시,차대사람,횡단중,횡단중,보행자 보호의무 위반,단일로,기타단일로,승용차,보행자,960743,1988021,127.053528,37.89118679
2018,2018-08-18 19,야,토,1,1,0,0,0,경기,동두천시,차대사람,횡단중,횡단중,안전운전 의무 불이행,단일로,기타단일로,승용차,보행자,961611,1989480,127.0633218,37.90437349
2018,2018-12-28 02,야,금,2,5,1,2,0,경기,구리시,차대차,정면충돌,정면충돌,중앙선 침범,단일로,기타단일로,승용차,승용차,967961.9,1955392.9,127.1370661,37.59738888
2018,2018-03-24 19,야,토,1,1,0,0,0,경기,가평군,차대차,측면충돌,측면충돌,중앙선 침범,단일로,기타단일로,사륜오토바이(ATV),승용차,998176,1959954,127.4793258,37.6390565
2018,2018-05-18 23,야,금,1,1,0,0,0,서울,서대문구,차대사람,횡단중,횡단중,안전운전 의무 불이행,단일로,기타단일로,승용차,보행자,948336,1952410,126.9149591,37.56961078
2018,2018-08-11 00,야,토,1,1,0,0,0,서울,용산구,차대사람,횡단중,횡단중,보행자 보호의무 위반,단일로,기타단일로,승용차,보행자,955810,1948639,126.9998183,37.53601092
2018,2018-10-17 20,야,수,1,1,0,0,0,서울,성북구,차대사람,횡단중,횡단중,신호위반,교차로,교차로내,화물차,보행자,956678,1957451,127.0091217,37.61547662
2018,2018-07-22 20,야,일,1,1,0,0,0,서울,강북구,차대사람,횡단중,횡단중,보행자 보호의무 위반,교차로,교차로내,승합차,보행자,957079,1959504,127.0135447,37.63399943
2018,2018-03-26 17,주,월,1,1,0,0,0,서울,동대문구,차대차,측면충돌,측면충돌,교차로 통행방법 위반,교차로,교차로내,화물차,자전거,961933,1954537,127.0688157,37.58944466
2018,2018-11-19 06,주,월,1,1,0,0,0,서울,동대문구,차대차,기타,기타,안전운전 의무 불이행,교차로,교차로내,화물차,자전거,961188.5,1955305.2,127.0603422,37.59633754
2018,2018-10-09 12,주,화,1,1,0,0,0,서울,동대문구,차대차,기타,기타,안전거리 미확보,교차로,교차로횡단보도내,자전거,화물차,958590,1952836,127.0310469,37.57396874
2018,2018-12-11 17,주,화,1,1,0,0,0,서울,동대문구,차대사람,기타,기타,보행자 보호의무 위반,교차로,교차로부근,이륜차,보행자,959962,1952954,127.0465774,37.57509301
2018,2018-07-11 01,야,수,1,1,0,0,0,서울,광진구,차대사람,차도통행중,차도통행중,안전운전 의무 불이행,기타,기타,승용차,보행자,961461,1948201,127.0638025,37.53231667
2018,2018-03-03 08,주,토,1,1,0,0,0,서울,광진구,차량단독,공작물충돌,공작물충돌,안전운전 의무 불이행,단일로,교량위,승용차,없음,965454.9,1949710.3,127.1089348,37.5460789
2018,2018-10-26 02,야,금,1,1,0,0,0,서울,마포구,차량단독,공작물충돌,공작물충돌,안전운전 의무 불이행,단일로,기타단일로,승용차,없음,946642,1951330,126.8958559,37.55978005
2018,2018-08-27 03,야,월,1,1,0,0,0,서울,마포구,차량단독,공작물충돌,공작물충돌,안전운전 의무 불이행,단일로,기타단일로,승용차,없음,946689,1951370,126.8963851,37.56014329
2018,2018-05-19 00,야,토,1,1,0,0,0,서울,영등포구,차대차,기타,기타,중앙선 침범,단일로,교량위,승용차,원동기장치자전거,945392,1947321,126.8820019,37.52357336