발생년,발생년월일시,주야,요일,사망자수,부상자수,중상자수,경상자수,부상신고자수,발생지시도,발생지시군구,사고유형_대분류,사고유형_중분류,사고유형,가해자법규위반,도로형태_대분류,도로형태,가해자_당사자종별,피해자_당사자종별,발생위치X_UTMK,발생위치Y_UTMK,경도,위도
2018,2018-01-07 21,야,일,1,1,0,0,0,서울,영등포구,차대사람,횡단중,횡단중,과속,단일로,기타단일로,승용차,보행자,948462,1946568,126.9167962,37.51696312
2018,2018-08-27 20,야,월,1,1,0,0,0,서울,관악구,차량단독,기타,기타,안전운전 의무 불이행,단일로,기타단일로,자전거,없음,947812,1942891,126.9097021,37.48378509
2018,2018-08-26 04,야,일,1,1,0,0,0,서울,관악구,차대사람,횡단중,횡단중,신호위반,교차로,교차로내,이륜차,보행자,947823,1942588,126.909848,37.48105471
2018,2018-11-01 22,야,목,1,1,0,0,0,서울,금천구,차대사람,횡단중,횡단중,신호위반,교차로,교차로횡단보도내,승용차,보행자,946765,1941301,126.897975,37.46939434
2018,2018-04-14 05,야,토,1,1,0,0,0,서울,동작구,차대사람,기타,기타,안전운전 의무 불이행,단일로,기타단일로,이륜차,보행자,952659,1945575,126.9643514,37.50823792
2018,2018-03-03 04,야,토,1,2,0,1,0,서울,중랑구,차대사람,횡단중,횡단중,과속,교차로,교차로횡단보도내,승용차,보행자,962906,1952859,127.0799215,37.57436009
2018,2018-11-23 12,주,금,1,2,0,1,0,서울,중랑구,차대차,측면충돌,측면충돌,신호위반,교차로,교차로내,이륜차,승용차,964432,1955676,127.0970658,37.59981081
2018,2018-08-13 15,주,월,1,1,0,0,0,서울,중랑구,차대사람,횡단중,횡단중,중앙선 침범,단일로,기타단일로,화물차,보행자,964105,1954840,127.0934024,37.592263
2018,2018-03-22 18,야,목,1,1,0,0,0,서울,중랑구,차대사람,횡단중,횡단중,보행자 보호의무 위반,단일로,기타단일로,특수차,보행자,964088,1956382,127.0931342,37.60616082
2018,2018-09-30 12,주,일,1,1,0,0,0,서울,강남구,차대차,측면충돌,측면충돌,안전운전 의무 불이행,단일로,기타단일로,승합차,자전거,958821,1948046,127.0339317,37.53080546
2018,2018-11-14 18,야,수,1,1,0,0,0,서울,강동구,차대사람,길가장자리구역통행중,길가장자리구역통행중,안전운전 의무 불이행,단일로,지하차도(도로)내,건설기계,보행자,966773,1950260,127.123831,37.55108203
2018,2018-04-08 09,주,일,1,1,0,0,0,서울,강동구,차대사람,길가장자리구역통행중,길가장자리구역통행중,안전운전 의무 불이행,단일로,지하차도(도로)내,승용차,보행자,967868,1947946,127.1363288,37.53026382
2018,2018-01-27 06,주,토,1,1,0,0,0,서울,송파구,차대사람,횡단중,횡단중,신호위반,단일로,기타단일로,승용차,보행자,966388.6,1946238.3,127.1196634,37.51481883
2018,2018-07-21 09,주,토,1,3,0,2,0,서울,송파구,차대차,측면충돌,측면충돌,신호위반,교차로,교차로부근,승용차,승합차,964926,1945678,127.1031401,37.50971415
2018,2018-11-15 20,야,목,1,4,0,3,0,서울,구로구,차량단독,공작물충돌,공작물충돌,안전운전 의무 불이행,교차로,교차로부근,승용차,없음,941821,1944702,126.8417986,37.4997498
2018,2018-01-10 20,야,수,1,1,0,0,0,서울,구로구,차대사람,횡단중,횡단중,안전운전 의무 불이행,교차로,교차로내,승합차,보행자,941837,1944718,126.8419783,37.49989502
2018,2018-01-26 11,주,금,1,2,1,0,0,서울,구로구,차대사람,횡단중,횡단중,보행자 보호의무 위반,교차로,교차로횡단보도내,건설기계,보행자,946296,1942580,126.8925782,37.48089507
2018,2018-11-21 10,주,수,1,1,0,0,0,서울,서초구,차대사람,기타,기타,안전운전 의무 불이행,교차로,교차로횡단보도내,건설기계,보행자,958161,1943306,127.0267318,37.48805249
2018,2018-07-26 05,야,목,1,1,0,0,0,서울,양천구,차대차,기타,기타,안전운전 의무 불이행,단일로,기타단일로,승용차,화물차,941251,1948001,126.8350866,37.5294477
2018,2018-01-26 01,야,금,1,1,0,0,0,서울,노원구,차대사람,횡단중,횡단중,안전운전 의무 불이행,단일로,기타단일로,승용차,보행자,960789,1964243,127.055337,37.67687864
2018,2018-06-09 02,야,토,1,1,0,0,0,서울,노원구,차량단독,공작물충돌,공작물충돌,안전운전 의무 불이행,단일로,기타단일로,화물차,없음,961183,1959465,127.0600591,37.63383052
2018,2018-06-13 01,야,수,1,2,0,0,1,서울,노원구,차대사람,횡단중,횡단중,안전운전 의무 불이행,단일로,지하차도(도로)내,승용차,보행자,961985,1959488,127.0691473,37.63407136
2018,2018-02-27 10,주,화,1,1,0,0,0,서울,노원구,차대차,측면충돌,측면충돌,안전거리 미확보,단일로,지하차도(도로)내,자전거,건설기계,961887,1962117,127.0678994,37.65776297
2018,2018-02-26 05,야,월,1,1,0,0,0,서울,동작구,차대사람,기타,기타,안전운전 의무 불이행,단일로,기타단일로,승합차,보행자,954195.2,1942744.9,126.9819086,37.48280691
2018,2018-03-20 12,주,화,1,1,0,0,0,부산,서구,차량단독,기타,기타,안전운전 의무 불이행,단일로,기타단일로,승합차,없음,1138139.4,1677330.2,129.0152749,35.08162672
2018,2018-05-06 08,주,일,1,1,0,0,0,부산,서구,차량단독,공작물충돌,공작물충돌,안전운전 의무 불이행,단일로,기타단일로,승용차,없음,1137641,1680430,129.0103248,35.10963699
2018,2018-04-21 05,야,토,2,2,0,0,0,부산,남구,차대차,정면충돌,정면충돌,중앙선 침범,단일로,기타단일로,이륜차,승용차,1143669,1683241.8,129.0769363,35.13414008
2018,2018-06-24 05,야,일,1,2,1,0,0,부산,동래구,차대차,기타,기타,신호위반,교차로,교차로내,이륜차,승용차,1144184,1690739,129.0838973,35.20164421
2018,2018-04-05 07,주,목,1,2,1,0,0,부산,해운대구,차량단독,도로이탈,도로이탈 기타,안전운전 의무 불이행,단일로,기타단일로,이륜차,없음,1147744,1687798,129.1224639,35.17461761
2018,2018-05-11 18,야,금,1,1,0,0,0,부산,부산진구,차대사람,횡단중,횡단중,안전운전 의무 불이행,단일로,기타단일로,승용차,보행자,1139610,1686872,129.0330122,35.16743411
2018,2018-06-13 03,야,수,1,4,1,2,0,부산,부산진구,차대차,기타,기타,신호위반,교차로,교차로내,이륜차,승용차,1142602,1684927,129.0655196,35.14948204
2018,2018-09-05 23,야,수,1,1,0,0,0,부산,금정구,차대사람,횡단중,횡단중,신호위반,교차로,교차로부근,승합차,보행자,1144769,1693779,129.0908561,35.22896144
2018,2018-03-19 01,야,월,1,1,0,0,0,부산,금정구,차대사람,기타,기타,과속,단일로,기타단일로,승합차,보행자,1144442,1693037,129.0871337,35.22232049
2018,2018-03-03 02,야,토,1,5,2,2,0,부산,금정구,차대차,정면충돌,정면충돌,중앙선 침범,단일로,기타단일로,승용차,승용차,1146294,1695683,129.1079472,35.24590182
2018,2018-04-30 09,주,월,1,1,0,0,0,부산,사상구,차대사람,횡단중,횡단중,안전운전 의무 불이행,단일로,기타단일로,이륜차,보행자,1136635,1684650,128.999987,35.14781373
2018,2018-07-30 10,주,월,1,1,0,0,0,부산,기장군,차량단독,공작물충돌,공작물충돌,안전운전 의무 불이행,교차로,교차로부근,이륜차,없음,1158379.1,1703790.4,129.2422893,35.31713516
2018,2018-12-06 09,주,목,1,1,0,0,0,부산,기장군,차대사람,횡단중,횡단중,안전운전 의무 불이행,교차로,교차로부근,화물차,보행자,1156195,1695130,129.2166239,35.23942306
2018,2018-11-02 09,주,금,1,2,1,0,0,울산,울주군,차대차,기타,기타,안전운전 의무 불이행,단일로,기타단일로,화물차,화물차,1158934,1725148,129.2525551,35.50953467
2018,2018-05-28 20,야,월,1,1,0,0,0,경기,수원시,차대차,기타,기타,보행자 보호의무 위반,단일로,기타단일로,승용차,승용차,956257,1920436,127.0065479,37.28182536
2018,2018-05-19 05,야,토,1,1,0,0,0,경기,수원시,차대차,기타,기타,기타(운전자법규위반),기타,기타,승용차,승용차,956468,1920706,127.0089122,37.28426895
2018,2018-11-17 21,야,토,1,1,0,0,0,경기,수원시,차대차,추돌,추돌,안전운전 의무 불이행,단일로,기타단일로,승용차,특수차,954729,1920880,126.9892845,37.28575431
2018,2018-01-24 22,야,수,1,1,0,0,0,경기,수원시,차대사람,횡단중,횡단중,과속,교차로,교차로부근,승용차,보행자,954255,1920706,126.9839481,37.28416275
2018,2018-05-25 12,주,금,1,1,0,0,0,경기,성남시,차대사람,횡단중,횡단중,신호위반,단일로,기타단일로,승합차,보행자,967103,1937825,127.1281231,37.43901121
2018,2018-04-27 09,주,금,1,2,1,0,0,경기,성남시,차대차,기타,기타,안전거리 미확보,단일로,기타단일로,승용차,승용차,966977,1938772,127.1266564,37.44754256
2018,2018-01-01 07,주,월,1,1,0,0,0,경기,평택시,차량단독,전도,전도,안전운전 의무 불이행,단일로,기타단일로,이륜차,없음,951581,1884103,126.956149,36.95409383
2018,2018-04-03 20,야,화,1,1,0,0,0,경기,평택시,차대사람,횡단중,횡단중,중앙선 침범,단일로,기타단일로,화물차,보행자,963835,1890866,127.0934602,37.01560762
2018,2018-04-18 14,주,수,1,3,0,2,0,경기,평택시,차대차,추돌,추돌,안전운전 의무 불이행,단일로,기타단일로,이륜차,승용차,947777,1880853,126.9136483,36.92459481
2018,2018-05-19 20,야,토,1,1,0,0,0,경기,평택시,차대사람,기타,기타,안전운전 의무 불이행,단일로,기타단일로,승용차,보행자,959093,1890508,127.0401751,37.01218599
2018,2018-01-06 11,주,토,1,1,0,0,0,경기,평택시,차량단독,공작물충돌,공작물충돌,안전운전 의무 불이행,단일로,기타단일로,승용차,없음,947310,1888270,126.9078877,36.99142574
2018,2018-09-02 13,주,일,1,1,0,0,0,경기,평택시,차량단독,공작물충돌,공작물충돌,안전운전 의무 불이행,교차로,교차로내,이륜차,없음,942736.7,1887490.2,126.8565566,36.98412925
2018,2018-01-02 08,주,화,1,1,0,0,0,경기,평택시,차대사람,보도통행중,보도통행중,보행자 보호의무 위반,교차로,교차로횡단보도내,승용차,보행자,965572,1888508,127.1130936,36.99441737
2018,2018-07-01 11,주,일,1,1,0,0,0,경기,안성시,차대차,정면충돌,정면충돌,안전운전 의무 불이행,교차로,교차로내,농기계,이륜차,980506,1887512,127.2809481,36.98586743
2018,2018-03-23 19,야,금,1,1,0,0,0,경기,안성시,차대사람,차도통행중,차도통행중,안전운전 의무 불이행,단일로,기타단일로,승용차,보행자,998444,1900260,127.482489,37.10098334
2018,2018-10-24 15,주,수,1,2,0,1,0,경기,안성시,차대차,추돌,추돌,안전운전 의무 불이행,단일로,기타단일로,화물차,건설기계,977512,1894648,127.247092,37.05012674
2018,2018-07-03 01,야,화,1,1,0,0,0,경기,안양시,차대사람,횡단중,횡단중,안전운전 의무 불이행,교차로,교차로횡단보도내,승합차,보행자,951296,1934201,126.9496818,37.40564953
2018,2018-03-02 19,야,금,1,1,0,0,0,경기,광주시,차대차,기타,기타,신호위반,교차로,교차로부근,이륜차,승합차,978433,1935588,127.2562647,37.41918114
2018,2018-11-17 11,주,토,1,1,0,0,0,경기,광주시,차량단독,공작물충돌,공작물충돌,안전운전 의무 불이행,교차로,교차로내,화물차,없음,973879,1930999,127.2049613,37.37769995
2018,2018-03-28 13,주,수,1,1,0,0,0,경기,광주시,차량단독,공작물충돌,공작물충돌,안전운전 의무 불이행,단일로,기타단일로,승용차,없음,982588,1936586,127.3031978,37.42826433
2018,2018-06-17 19,야,일,1,1,0,0,0,경기,광주시,차량단독,공작물충돌,공작물충돌,안전운전 의무 불이행,기타,기타,승용차,없음,985747,1925328,127.3391197,37.32684081
2018,2018-05-02 05,야,수,1,3,0,2,0,경기,광주시,차대차,추돌,추돌,안전운전 의무 불이행,단일로,기타단일로,화물차,화물차,980357,1941159,127.2778598,37.4694392
2018,2018-09-16 04,야,일,1,1,0,0,0,경기,광주시,차대사람,횡단중,횡단중,신호위반,단일로,기타단일로,승용차,보행자,977823,1935344,127.2493782,37.41696738
2018,2018-09-02 17,주,일,1,1,0,0,0,경기,광주시,차대차,측면충돌,측면충돌,교차로 통행방법 위반,교차로,교차로내,이륜차,승용차,983297,1941261,127.3111054,37.47041642
2018,2018-08-19 14,주,일,1,1,0,0,0,경기,여주시,차대차,기타,기타,중앙선 침범,단일로,기타단일로,자전거,승용차,1007151,1922262,127.5806873,37.2992859
2018,2018-03-01 07,주,목,1,1,0,0,0,경기,여주시,차량단독,도로이탈,도로이탈 기타,안전운전 의무 불이행,단일로,기타단일로,화물차,없음,1021633,1915978,127.7439091,37.24241814
2018,2018-06-28 06,주,목,1,2,1,0,0,경기,용인시,차량단독,공작물충돌,공작물충돌,안전운전 의무 불이행,기타,기타,승용차,없음,967904,1918063,127.1380339,37.26091031
2018,2018-08-03 21,야,금,1,1,0,0,0,경기,용인시,차대사람,횡단중,횡단중,보행자 보호의무 위반,교차로,교차로횡단보도내,승용차,보행자,973447,1915150,127.2006487,37.23482734
2018,2018-11-29 23,야,목,1,1,0,0,0,경기,용인시,차량단독,기타,기타,안전운전 의무 불이행,단일로,기타단일로,승합차,없음,969250,1914833,127.1533467,37.23184088
2018,2018-10-18 15,주,목,1,1,0,0,0,경기,김포시,차대차,기타,기타,신호위반,교차로,교차로내,이륜차,이륜차,915994,1960208,126.5478617,37.63750558
2018,2018-01-11 18,야,목,1,12,1,9,1,경기,김포시,차대차,기타,기타,안전운전 의무 불이행,단일로,기타단일로,승합차,화물차,936519,1955228,126.7809084,37.59426999
2018,2018-05-12 17,주,토,1,1,0,0,0,경기,양평군,차량단독,도로이탈,도로이탈 추락,안전운전 의무 불이행,단일로,기타단일로,승용차,없음,989455,1960754,127.3804658,37.64620851
2018,2018-09-03 15,주,월,1,4,2,1,0,경기,양평군,차대차,정면충돌,정면충돌,중앙선 침범,단일로,기타단일로,승용차,승용차,984847,1951451,127.3284242,37.56229174
2018,2018-06-29 14,주,금,1,1,0,0,0,경기,양평군,차량단독,공작물충돌,공작물충돌,안전운전 의무 불이행,단일로,기타단일로,승용차,없음,996215,1945107,127.4571755,37.50522627
2018,2018-01-26 18,야,금,1,1,0,0,0,경기,양평군,차대사람,횡단중,횡단중,안전운전 의무 불이행,단일로,기타단일로,화물차,보행자,995176,1945831,127.4454152,37.51174731
2018,2018-08-25 02,야,토,1,1,0,0,0,경기,부천시,차대사람,횡단중,횡단중,안전거리 미확보,교차로,교차로내,승용차,보행자,939257,1943048,126.8129295,37.48467707
2018,2018-03-24 04,야,토,1,1,0,0,0,경기,부천시,차대사람,횡단중,횡단중,안전운전 의무 불이행,기타,기타,승용차,보행자,937716,1941603,126.7956226,37.47155062
2018,2018-12-27 00,야,목,1,1,0,0,0,경기,오산시,차대사람,횡단중,횡단중,과속,단일로,기타단일로,승용차,보행자,961421,1905704,127.065562,37.14926196
2018,2018-09-10 19,야,월,1,1,0,0,0,경기,화성시,차대사람,횡단중,횡단중,안전운전 의무 불이행,교차로,교차로내,승합차,보행자,966830,1911739,127.1262035,37.20386886
2018,2018-08-02 20,야,목,1,1,0,0,0,경기,화성시,차대사람,기타,기타,과속,교차로,교차로횡단보도내,승용차,보행자,962188,1911366,127.0739124,37.20033008
2018,2018-05-24 03,야,목,1,1,0,0,0,경기,부천시,차량단독,공작물충돌,공작물충돌,안전운전 의무 불이행,단일로,기타단일로,이륜차,없음,935015,1946184,126.7646742,37.51265284
2018,2018-06-01 21,야,금,1,1,0,0,0,경기,광명시,차량단독,기타,기타,안전운전 의무 불이행,단일로,지하차도(도로)내,이륜차,없음,946478,1938014,126.8949683,37.43975126
2018,2018-11-23 08,주,금,1,1,0,0,0,경기,광명시,차대차,측면충돌,측면충돌,신호위반,교차로,교차로내,승용차,이륜차,943358,1935359,126.8599044,37.41563539
2018,2018-11-06 05,야,화,1,1,0,0,0,경기,안산시,차량단독,공작물충돌,공작물충돌,안전운전 의무 불이행,단일로,기타단일로,화물차,없음,938498,1922683,126.8060392,37.30107371
2018,2018-08-20 18,야,월,1,1,0,0,0,경기,안산시,차대사람,횡단중,횡단중,안전운전 의무 불이행,교차로,교차로횡단보도내,특수차,보행자,939022,1926364,126.8116489,37.33428616
2018,2018-06-20 17,주,수,1,1,0,0,0,경기,안산시,차대차,추돌,추돌,안전운전 의무 불이행,교차로,교차로내,건설기계,자전거,936035,1921994,126.7783092,37.29469736
2018,2018-04-24 15,주,화,1,1,0,0,0,경기,안산시,차대사람,횡단중,횡단중,보행자 보호의무 위반,단일로,기타단일로,승합차,보행자,939483,1927616,126.8167503,37.34560094
2018,2018-11-22 04,야,목,1,1,0,0,0,경기,수원시,차대사람,횡단중,횡단중,과속,단일로,기타단일로,승용차,보행자,958195,1919265,127.0284751,37.27135943
2018,2018-09-21 21,야,금,1,1,0,0,0,경기,수원시,차대사람,차도통행중,차도통행중,안전운전 의무 불이행,단일로,기타단일로,승용차,보행자,958124,1917427,127.0277777,37.25478902
2018,2018-10-15 04,야,월,1,1,0,0,0,경기,성남시,차량단독,공작물충돌,공작물충돌,안전운전 의무 불이행,단일로,터널안,승용차,없음,967183,1935880,127.129114,37.42148263
2018,2018-02-27 23,야,화,1,1,0,0,0,경기,성남시,차대사람,차도통행중,차도통행중,안전운전 의무 불이행,교차로,교차로부근,승용차,보행자,968071,1930900,127.1393648,37.37662575
2018,2018-04-21 02,야,토,1,3,0,2,0,경기,시흥시,차대차,측면충돌,측면충돌,신호위반,교차로,교차로내,이륜차,승용차,931964,1928700,126.7317663,37.3548504
2018,2018-05-17 15,주,목,1,1,0,0,0,경기,시흥시,차대차,추돌,추돌,안전운전 의무 불이행,단일로,기타단일로,승용차,화물차,930042,1926645,126.7102598,37.33618566
2018,2018-02-09 19,야,금,1,1,0,0,0,경기,시흥시,차대사람,길가장자리구역통행중,길가장자리구역통행중,안전운전 의무 불이행,교차로,교차로내,승용차,보행자,944451,1930909,126.8725899,37.3755925
2018,2018-06-25 21,야,월,1,3,1,1,0,경기,시흥시,차대사람,횡단중,횡단중,신호위반,교차로,교차로내,화물차,보행자,942161,1931238,126.8467007,37.37841783
2018,2018-05-24 04,야,목,1,1,0,0,0,경기,시흥시,차대사람,기타,기타,안전운전 의무 불이행,단일로,기타단일로,승용차,보행자,936796,1927369,126.7864367,37.34319558
2018,2018-08-18 14,주,토,1,1,0,0,0,경기,시흥시,차량단독,공작물충돌,공작물충돌,안전운전 의무 불이행,단일로,기타단일로,이륜차,없음,930835,1929161,126.7189761,37.35892193
2018,2018-03-25 07,주,일,1,3,0,2,0,경기,안산시,차량단독,공작물충돌,공작물충돌,과속,단일로,기타단일로,승용차,없음,942875,1922822,126.8554137,37.30260585
2018,2018-09-26 06,주,수,1,3,0,2,0,경기,화성시,차대차,기타,기타,안전거리 미확보,단일로,기타단일로,화물차,화물차,946133,1918934,126.8924561,37.26775593
2018,2018-01-12 04,야,금,1,2,0,0,1,경기,성남시,차대차,추돌,추돌,안전운전 의무 불이행,단일로,기타단일로,승용차,승용차,964498,1933691,127.0988749,37.40165281
2018,2018-04-15 16,주,일,1,1,0,0,0,경기,구리시,차량단독,전복,전복,안전운전 의무 불이행,단일로,터널안,승용차,없음,967101,1953337,127.1274062,37.57882796
2018,2018-11-23 20,야,금,1,1,0,0,0,경기,화성시,차대사람,기타,기타,안전운전 의무 불이행,기타,기타,승용차,보행자,950478,1911876,126.9419285,37.20437899
2018,2018-09-03 17,주,월,1,3,0,2,0,경기,화성시,차량단독,공작물충돌,공작물충돌,안전운전 의무 불이행,단일로,기타단일로,화물차,없음,946679,1902548,126.8997842,37.12008991
2018,2018-02-17 21,야,토,1,1,0,0,0,경기,화성시,차량단독,공작물충돌,공작물충돌,안전운전 의무 불이행,단일로,기타단일로,화물차,없음,945867,1916138,126.8896595,37.24253867
2018,2018-03-28 15,주,수,1,1,0,0,0,경기,화성시,차대사람,기타,기타,안전운전 의무 불이행,교차로,교차로부근,건설기계,보행자,945060,1907753,126.8811786,37.16691247
2018,2018-10-23 20,야,화,1,1,0,0,0,경기,화성시,차량단독,전복,전복,안전운전 의무 불이행,단일로,기타단일로,승용차,없음,944453,1906596,126.8744279,37.15644779
2018,2018-05-06 10,주,일,1,1,0,0,0,경기,화성시,차량단독,공작물충돌,공작물충돌,안전운전 의무 불이행,단일로,기타단일로,화물차,없음,946693,1914800,126.8990678,37.23052614
2018,2018-11-28 14,주,수,1,1,0,0,0,경기,의왕시,차대사람,횡단중,횡단중,안전운전 의무 불이행,단일로,기타단일로,승합차,보행자,955759,1932532,127.0002084,37.39083
2018,2018-11-15 06,주,목,1,1,0,0,0,경기,하남시,차대차,측면충돌,측면충돌,안전거리 미확보,단일로,기타단일로,화물차,자전거,973622,1951066,127.2013397,37.55856845
2018,2018-10-22 15,주,월,1,1,0,0,0,경기,안양시,차대차,측면충돌,측면충돌,안전운전 의무 불이행,교차로,교차로내,건설기계,자전거,948081,1934538,126.9133328,37.40851237
2018,2018-05-05 07,주,토,1,1,0,0,0,경기,안양시,차대차,정면충돌,정면충돌,교차로 통행방법 위반,교차로,교차로내,승용차,이륜차,947741,1934977,126.90946,37.41245009
2018,2018-10-17 23,야,수,1,2,1,0,0,강원,춘천시,차량단독,도로이탈,도로이탈 기타,안전운전 의무 불이행,단일로,기타단일로,이륜차,없음,1012838.8,1980242.8,127.64588,37.82183729
2018,2018-12-06 23,야,목,1,1,0,0,0,강원,춘천시,차대사람,횡단중,횡단중,안전운전 의무 불이행,단일로,기타단일로,승합차,보행자,1019791,1985711,127.7250231,37.87099822
2018,2018-08-08 11,주,수,1,1,0,0,0,강원,강릉시,차량단독,도로이탈,도로이탈 추락,안전운전 의무 불이행,교차로,교차로내,사륜오토바이(ATV),없음,1132335,1958533,128.9994635,37.61672211
2018,2018-05-27 13,주,일,1,3,0,2,0,강원,강릉시,차대차,측면충돌,측면충돌,중앙선 침범,단일로,기타단일로,화물차,승합차,1126287.2,1976477.2,128.9340688,37.77925981
2018,2018-06-07 06,주,목,1,1,0,0,0,강원,원주시,차대차,정면충돌,정면충돌,중앙선 침범,단일로,기타단일로,승용차,승용차,1039876,1932864,127.9504995,37.39402063
2018,2018-01-09 17,주,화,1,1,0,0,0,강원,원주시,차대사람,횡단중,횡단중,과속,단일로,기타단일로,승용차,보행자,1046363,1937744,128.0240902,37.43770419
2018,2018-06-08 10,주,금,1,2,0,0,1,강원,영월군,차대차,측면충돌,측면충돌,서행 및 일시정지위반,교차로,교차로내,화물차,사륜오토바이(ATV),1076878,1908823,128.36601,37.17500866
2018,2018-09-17 17,주,월,1,2,0,0,1,강원,영월군,차량단독,도로이탈,도로이탈 추락,안전운전 의무 불이행,단일로,지하차도(도로)내,사륜오토바이(ATV),없음,1082363,1916410,128.4286275,37.24292208
2018,2018-05-23 16,주,수,1,1,0,0,0,강원,횡성군,차량단독,도로이탈,도로이탈 추락,안전운전 의무 불이행,단일로,기타단일로,사륜오토바이(ATV),없음,1058965,1952768,128.1677411,37.57239877
2018,2018-08-10 05,야,금,1,1,0,0,0,강원,고성군,차대사람,횡단중,횡단중,보행자 보호의무 위반,교차로,교차로횡단보도내,승용차,보행자,1093568,2027634,128.5692678,38.24418598
2018,2018-03-29 19,야,목,1,1,0,0,0,강원,양구군,차대차,추돌,추돌,안전운전 의무 불이행,단일로,기타단일로,이륜차,화물차,1048233.5,2014466.8,128.0503373,38.1290973
2018,2018-05-05 13,주,토,1,1,0,0,0,강원,동해시,차대차,기타,기타,안전운전 의무 불이행,단일로,기타단일로,이륜차,승용차,1141724.7,1946905.6,129.1035718,37.51055925
2018,2018-10-01 02,야,월,1,1,0,0,0,강원,동해시,차대사람,횡단중,횡단중,안전운전 의무 불이행,교차로,교차로부근,승용차,보행자,1141828,1948789.7,129.1051039,37.52751929
2018,2018-03-04 20,야,일,3,8,4,1,0,강원,홍천군,차대차,추돌,추돌,안전운전 의무 불이행,단일로,교량위,승용차,승용차,1030033,1967414,127.8407148,37.70580602
2018,2018-12-09 21,야,일,1,2,0,1,0,강원,원주시,차대차,추돌,추돌,안전운전 의무 불이행,단일로,기타단일로,화물차,화물차,1038819.1,1940163.3,127.9389434,37.45985785
2018,2018-06-13 02,야,수,1,1,0,0,0,충북,청주시,차대사람,횡단중,횡단중,안전운전 의무 불이행,단일로,기타단일로,승용차,보행자,999084,1849340,127.4897529,36.64195948
2018,2018-06-06 07,주,수,1,1,0,0,0,충북,청주시,차대차,정면충돌,정면충돌,신호위반,교차로,교차로내,화물차,승용차,992414,1857627,127.4150553,36.71663623
2018,2018-08-08 10,주,수,1,1,0,0,0,충북,청주시,차대사람,기타,기타,안전운전 의무 불이행,단일로,기타단일로,화물차,보행자,998684,1849684,127.4852777,36.64506016
2018,2018-10-07 06,주,일,1,1,0,0,0,충북,청주시,차대사람,횡단중,횡단중,중앙선 침범,교차로,교차로부근,화물차,보행자,998274,1855517,127.4806778,36.69764359
2018,2018-11-14 23,야,수,1,1,0,0,0,충북,청주시,차량단독,공작물충돌,공작물충돌,안전운전 의무 불이행,교차로,교차로내,승용차,없음,997607,1856530,127.4732077,36.70677422
2018,2018-11-23 20,야,금,1,2,1,0,0,충북,청주시,차대차,측면충돌,측면충돌,신호위반,교차로,교차로내,승용차,화물차,992419,1857633,127.4151112,36.71669036
2018,2018-08-01 09,주,수,1,3,0,2,0,충북,청주시,차대차,정면충돌,정면충돌,중앙선 침범,교차로,교차로내,승용차,승용차,998508,1852908,127.4833024,36.67412409
2018,2018-05-01 21,야,화,1,1,0,0,0,충북,충주시,차량단독,전도,전도,안전운전 의무 불이행,교차로,교차로부근,이륜차,없음,1020651.9,1888800.8,127.7320983,36.99746043
2018,2018-07-31 10,주,화,1,2,0,1,0,충북,제천시,차량단독,도로이탈,도로이탈 기타,안전운전 의무 불이행,단일로,기타단일로,화물차,없음,1046679,1902519,128.0254504,37.12018344
2018,2018-03-13 10,주,화,1,1,0,0,0,충북,제천시,차대사람,횡단중,횡단중,신호위반,교차로,교차로부근,화물차,보행자,1062090,1900432,128.1987438,37.10047635
2018,2018-12-26 08,주,수,1,3,2,0,0,충북,제천시,차대차,측면충돌,측면충돌,중앙선 침범,단일로,기타단일로,승용차,승용차,1052207,1879957,128.0861103,36.91651909
2018,2018-07-16 06,주,월,1,2,0,1,0,충북,제천시,차대차,측면충돌,측면충돌,안전운전 의무 불이행,교차로,교차로내,이륜차,승용차,1063661.9,1903331.3,128.2166786,37.12650378
2018,2018-08-10 10,주,금,1,1,0,0,0,충북,괴산군,차대사람,횡단중,횡단중,안전운전 의무 불이행,교차로,교차로내,승용차,보행자,1012132,1864022,127.6359504,36.77423862
2018,2018-06-02 21,야,토,1,1,0,0,0,충북,보은군,차대사람,길가장자리구역통행중,길가장자리구역통행중,안전운전 의무 불이행,단일로,지하차도(도로)내,화물차,보행자,1013981,1843106,127.6562882,36.58565785
2018,2018-08-28 14,주,화,1,1,0,0,0,충북,보은군,차량단독,기타,기타,교차로 통행방법 위반,교차로,교차로내,이륜차,없음,1020439.8,1823587.5,127.7279718,36.40957968
2018,2018-02-07 18,야,수,1,1,0,0,0,충북,음성군,차대사람,기타,기타,안전운전 의무 불이행,교차로,교차로내,승용차,보행자,999493,1887559,127.4943028,36.98649307
2018,2018-08-01 12,주,수,1,1,0,0,0,충북,옥천군,차대차,추돌,추돌,안전거리 미확보,단일로,기타단일로,화물차,화물차,1011477,1806189,127.6277507,36.25287386