발생년,발생년월일시,주야,요일,사망자수,부상자수,중상자수,경상자수,부상신고자수,발생지시도,발생지시군구,사고유형_대분류,사고유형_중분류,사고유형,가해자법규위반,도로형태_대분류,도로형태,가해자_당사자종별,피해자_당사자종별,발생위치X_UTMK,발생위치Y_UTMK,경도,위도
2018,2018-03-27 14,주,화,1,1,0,0,0,충북,단양군,차대사람,횡단중,횡단중,보행자 보호의무 위반,단일로,기타단일로,승용차,보행자,1077344,1887557,128.3690681,36.98329405
2018,2018-06-17 02,야,일,1,1,0,0,0,충북,단양군,차대사람,기타,기타,안전운전 의무 불이행,단일로,기타단일로,승용차,보행자,1087694.4,1898038.2,128.4865758,37.0768533
2018,2018-08-16 09,주,목,1,1,0,0,0,충북,진천군,차대차,측면충돌,측면충돌,신호위반,교차로,교차로내,특수차,이륜차,995650,1873801,127.4511982,36.86246109
2018,2018-04-12 07,주,목,1,4,1,2,0,충북,진천군,차대차,기타,기타,안전거리 미확보,교차로,교차로부근,승용차,승용차,1000971,1863466,127.5108803,36.76930358
2018,2018-02-13 05,야,화,1,1,0,0,0,충북,청주시,차대사람,횡단중,횡단중,안전운전 의무 불이행,교차로,교차로횡단보도내,화물차,보행자,993693,1847450,127.4294608,36.62490072
2018,2018-02-13 21,야,화,1,1,0,0,0,충북,청주시,차대사람,횡단중,횡단중,안전운전 의무 불이행,단일로,기타단일로,승용차,보행자,995043,1848441,127.4445531,36.63384255
2018,2018-04-21 13,주,토,1,1,0,0,0,충북,청주시,차량단독,도로이탈,도로이탈 추락,안전운전 의무 불이행,단일로,기타단일로,화물차,없음,992078,1845135,127.411422,36.60401892
2018,2018-09-16 19,야,일,1,5,3,1,0,충북,청주시,차대차,측면충돌,측면충돌,신호위반,교차로,교차로내,승용차,승용차,993140,1854569,127.4232122,36.68907427
2018,2018-12-04 10,주,화,1,1,0,0,0,충북,청주시,차량단독,전도,전도,안전운전 의무 불이행,단일로,기타단일로,이륜차,없음,983015,1845248,127.3100841,36.60491921
2018,2018-01-26 19,야,금,1,1,0,0,0,충북,청주시,차대사람,횡단중,횡단중,안전운전 의무 불이행,단일로,지하차도(도로)내,승용차,보행자,1000513,1844226,127.5057354,36.59585703
2018,2018-07-08 15,주,일,1,3,1,1,0,충북,청주시,차량단독,공작물충돌,공작물충돌,안전운전 의무 불이행,단일로,지하차도(도로)내,승용차,없음,1006071,1841977,127.5678565,36.57556299
2018,2018-04-02 14,주,월,1,1,0,0,0,충북,청주시,차량단독,공작물충돌,공작물충돌,안전운전 의무 불이행,단일로,기타단일로,화물차,없음,1000233,1835883,127.5026024,36.52064415
2018,2018-07-18 09,주,수,1,1,0,0,0,경기,광주시,차대차,추돌,추돌,안전운전 의무 불이행,단일로,기타단일로,화물차,특수차,979347,1939169,127.2664937,37.45148001
2018,2018-04-04 13,주,수,1,12,0,1,10,충남,서산시,차대차,측면충돌,측면충돌,교차로 통행방법 위반,교차로,교차로내,승합차,화물차,913685,1851740,126.5342081,36.65968
2018,2018-10-22 06,주,월,1,1,0,0,0,충남,서산시,차대사람,횡단중,횡단중,과속,단일로,기타단일로,승용차,보행자,906810,1864911,126.4556879,36.77774639
2018,2018-06-22 21,야,금,1,1,0,0,0,충남,서산시,차대차,추돌,추돌,안전운전 의무 불이행,단일로,기타단일로,화물차,이륜차,901669,1864815,126.3980983,36.77636148
2018,2018-09-25 07,주,화,1,1,0,0,0,충남,서산시,차대차,측면충돌,측면충돌,신호위반,교차로,교차로내,특수차,화물차,910818,1870816,126.4999044,36.83135601
2018,2018-07-28 00,야,토,2,3,1,0,0,충남,천안시,차대차,정면충돌,정면충돌,중앙선 침범,단일로,기타단일로,승용차,승용차,964946,1880958,127.1064091,36.92633645
2018,2018-12-31 12,주,월,1,3,0,2,0,충남,천안시,차대차,추돌,추돌,안전운전 의무 불이행,단일로,기타단일로,화물차,화물차,968489,1876939,127.1463569,36.89023274
2018,2018-02-15 02,야,목,1,2,0,1,0,충남,천안시,차대차,추돌,추돌,안전운전 의무 불이행,교차로,교차로부근,이륜차,승용차,965106,1868354,127.1087853,36.81272467
2018,2018-12-24 17,주,월,1,1,0,0,0,충남,논산시,차대사람,차도통행중,차도통행중,안전운전 의무 불이행,단일로,기타단일로,승용차,보행자,961209,1790664,127.0689891,36.11219854
2018,2018-10-10 18,야,수,1,1,0,0,0,충남,논산시,차대사람,횡단중,횡단중,안전운전 의무 불이행,단일로,기타단일로,승용차,보행자,964292,1792420,127.1031642,36.12814817
2018,2018-03-02 14,주,금,1,1,0,0,0,충남,논산시,차량단독,전복,전복,안전운전 의무 불이행,단일로,기타단일로,화물차,없음,966848,1789000,127.1317134,36.0974056
2018,2018-01-06 23,야,토,1,1,0,0,0,충남,홍성군,차대사람,차도통행중,차도통행중,과속,단일로,기타단일로,승용차,보행자,921184,1834399,126.6198825,36.5040191
2018,2018-10-17 07,주,수,1,1,0,0,0,충남,홍성군,차대차,측면충돌,측면충돌,중앙선 침범,단일로,기타단일로,이륜차,화물차,925437,1845071,126.6663373,36.60055905
2018,2018-10-18 12,주,목,1,2,1,0,0,충남,홍성군,차대사람,기타,기타,안전운전 의무 불이행,교차로,교차로부근,화물차,보행자,917326,1843454,126.575835,36.5853148
2018,2018-12-17 05,야,월,1,1,0,0,0,충남,홍성군,차대사람,횡단중,횡단중,중앙선 침범,단일로,기타단일로,승용차,보행자,930811,1843729,126.7265377,36.5888671
2018,2018-09-25 19,야,화,1,1,0,0,0,충남,홍성군,차대사람,횡단중,횡단중,안전운전 의무 불이행,단일로,기타단일로,승합차,보행자,921913,1837380,126.6277206,36.53094995
2018,2018-10-26 18,야,금,1,1,0,0,0,충남,홍성군,차대사람,횡단중,횡단중,과속,기타,기타,승용차,보행자,923630,1840147,126.6466245,36.55603075
2018,2018-12-18 07,주,화,1,1,0,0,0,충남,홍성군,차대사람,횡단중,횡단중,안전운전 의무 불이행,교차로,교차로내,승용차,보행자,924847,1848298,126.6594256,36.62960104
2018,2018-12-20 20,야,목,1,1,0,0,0,충남,아산시,차대사람,기타,기타,안전운전 의무 불이행,단일로,기타단일로,승용차,보행자,961900,1867751,127.0728723,36.80716527
2018,2018-04-05 05,야,목,1,1,0,0,0,충남,아산시,차대사람,기타,기타,안전운전 의무 불이행,교차로,교차로부근,승용차,보행자,956744,1862719,127.0153574,36.761583
2018,2018-03-20 14,주,화,1,1,0,0,0,충남,서천군,차대차,추돌,추돌,신호위반,교차로,교차로부근,화물차,자전거,925647,1788827,126.6740575,36.09356533
2018,2018-02-26 10,주,월,1,1,0,0,0,충남,공주시,차대사람,기타,기타,중앙선 침범,교차로,교차로부근,승용차,보행자,966172,1827972,127.1225163,36.44872799
2018,2018-02-09 19,야,금,1,1,0,0,0,충남,공주시,차대차,기타,기타,안전운전 의무 불이행,단일로,기타단일로,화물차,화물차,951010,1839939,126.9525718,36.55595288
2018,2018-10-24 10,주,수,1,1,0,0,0,충남,공주시,차대차,측면충돌,측면충돌,과속,교차로,교차로내,화물차,농기계,952726,1842672,126.9715783,36.58067655
2018,2018-03-09 06,주,금,1,1,0,0,0,세종,세종,차량단독,공작물충돌,공작물충돌,안전운전 의무 불이행,단일로,기타단일로,화물차,없음,974578,1826718,127.2163581,36.43768275
2018,2018-12-09 18,야,일,1,1,0,0,0,충남,예산군,차대차,정면충돌,정면충돌,직진 및 우회전차의 통행방해,교차로,교차로내,화물차,이륜차,925068,1855439,126.6611991,36.69398725
2018,2018-11-26 14,주,월,1,1,0,0,0,충남,예산군,차대사람,횡단중,횡단중,안전운전 의무 불이행,교차로,교차로내,승용차,보행자,941779,1853381,126.8484087,36.67660667
2018,2018-08-02 10,주,목,1,3,0,2,0,충남,예산군,차대차,추돌,추돌,안전거리 미확보,교차로,교차로내,화물차,승용차,940952,1858075,126.8387914,36.71886874
2018,2018-01-22 09,주,월,1,1,0,0,0,충남,예산군,차대차,측면충돌,측면충돌,안전운전 의무 불이행,단일로,기타단일로,승합차,자전거,940270,1859616,126.8310345,36.732717
2018,2018-09-04 13,주,화,1,1,0,0,0,충남,부여군,차대사람,횡단중,횡단중,안전운전 의무 불이행,단일로,기타단일로,화물차,보행자,929474,1810726,126.7145966,36.29126604
2018,2018-03-31 02,야,토,2,3,1,0,0,충남,부여군,차량단독,도로이탈,도로이탈 추락,과속,단일로,기타단일로,승용차,없음,942847,1790245,126.8650069,36.10751351
2018,2018-03-17 22,야,토,1,1,0,0,0,충남,부여군,차대차,기타,기타,과속,단일로,기타단일로,승용차,승용차,953088,1806474,126.9778137,36.25437174
2018,2018-03-17 12,주,토,1,3,1,1,0,충남,당진시,차대차,측면충돌,측면충돌,안전운전 의무 불이행,단일로,기타단일로,승용차,화물차,918877,1888522,126.5883706,36.99167347
2018,2018-06-06 20,야,수,1,2,0,1,0,충남,당진시,차대차,추돌,추돌,안전운전 의무 불이행,교차로,교차로부근,승용차,승용차,918031,1888265,126.5788926,36.98928367
2018,2018-04-28 17,주,토,1,1,0,0,0,충남,금산군,차대차,측면충돌,측면충돌,교차로 통행방법 위반,교차로,교차로내,화물차,이륜차,1001035,1790508,127.5114999,36.11156681
2018,2018-01-13 18,야,토,1,1,0,0,0,충남,금산군,차대차,정면충돌,정면충돌,중앙선 침범,단일로,기타단일로,승용차,화물차,1004208,1790484,127.5467552,36.11134186
2018,2018-04-20 08,주,금,1,1,0,0,0,충남,천안시,차대사람,기타,기타,안전운전 의무 불이행,단일로,기타단일로,승용차,보행자,968587,1867880,127.1478315,36.80857376
2018,2018-10-01 14,주,월,1,1,0,0,0,충남,천안시,차대차,측면충돌,측면충돌,신호위반,교차로,교차로내,승용차,승용차,969520,1868305,127.1582741,36.81243546
2018,2018-06-26 06,주,화,1,1,0,0,0,충남,태안군,차량단독,도로이탈,도로이탈 기타,안전운전 의무 불이행,단일로,기타단일로,승용차,없음,886244,1863818,126.22543,36.76564953
2018,2018-11-07 13,주,수,1,1,0,0,0,충남,공주시,차대차,추돌,추돌,안전운전 의무 불이행,단일로,기타단일로,화물차,화물차,960802,1810070,127.0634968,36.28713467
2018,2018-11-05 11,주,월,1,1,0,0,0,대전,대덕구,차대차,추돌,추돌,안전운전 의무 불이행,단일로,기타단일로,승용차,화물차,992695,1824916,127.4185122,36.42174632
2018,2018-03-11 01,야,일,1,1,0,0,0,충북,청주시,차대차,추돌,추돌,안전운전 의무 불이행,단일로,기타단일로,승용차,승용차,993848,1838198,127.4312683,36.54149443
2018,2018-03-21 15,주,수,1,4,1,2,0,대전,동구,차량단독,기타,기타,안전운전 의무 불이행,단일로,기타단일로,승용차,없음,996456,1810418,127.4605324,36.29106225
2018,2018-03-23 22,야,금,1,1,0,0,0,전북,전주시,차대사람,횡단중,횡단중,안전운전 의무 불이행,교차로,교차로부근,화물차,보행자,967586,1755859,127.1412649,35.79863641
2018,2018-06-25 13,주,월,1,1,0,0,0,전북,전주시,차대사람,기타,기타,안전운전 의무 불이행,단일로,기타단일로,화물차,보행자,968226,1758591,127.1482393,35.82328921
2018,2018-01-04 20,야,목,1,1,0,0,0,전북,전주시,차대사람,횡단중,횡단중,과속,교차로,교차로횡단보도내,승용차,보행자,964977.4,1756265.1,127.1123776,35.80220822
2018,2018-10-13 01,야,토,1,1,0,0,0,전북,전주시,차량단독,기타,기타,안전운전 의무 불이행,단일로,기타단일로,이륜차,없음,964718,1760705,127.1093106,35.84222908
2018,2018-07-04 16,주,수,1,1,0,0,0,전북,전주시,차대차,측면충돌,측면충돌,신호위반,교차로,교차로내,이륜차,승용차,966533.6,1760390.2,127.1294281,35.83945452
2018,2018-12-09 19,야,일,1,1,0,0,0,전북,군산시,차대사람,횡단중,횡단중,과속,교차로,교차로횡단보도내,승용차,보행자,928794,1777435,126.7100391,35.99110206
2018,2018-01-04 07,주,목,1,1,0,0,0,전북,군산시,차대사람,횡단중,횡단중,안전운전 의무 불이행,단일로,기타단일로,승용차,보행자,930266.8,1775325.6,126.7265626,35.97219198
2018,2018-06-01 21,야,금,1,1,0,0,0,전북,군산시,차량단독,기타,기타,안전운전 의무 불이행,단일로,기타단일로,이륜차,없음,926581,1772080,126.6859859,35.94266214
2018,2018-12-24 07,주,월,1,1,0,0,0,전북,익산시,차대차,측면충돌,측면충돌,직진 및 우회전차의 통행방해,교차로,교차로내,자전거,승용차,951178.5,1772958.6,126.9586366,35.95212289
2018,2018-10-29 20,야,월,1,1,0,0,0,전북,익산시,차대사람,기타,기타,안전운전 의무 불이행,단일로,기타단일로,화물차,보행자,951656.4,1775161.4,126.9638014,35.97200625
2018,2018-05-10 18,야,목,1,1,0,0,0,전북,익산시,차량단독,전도,전도,안전운전 의무 불이행,교차로,교차로내,화물차,없음,952605.2,1785420.6,126.9737099,36.06454499
2018,2018-06-01 20,야,금,1,4,2,1,0,전북,정읍시,차대차,정면충돌,정면충돌,중앙선 침범,단일로,기타단일로,승용차,승용차,943379.2,1727376.3,126.8753764,35.54074141
2018,2018-11-12 10,주,월,1,1,0,0,0,전북,정읍시,차량단독,전도,전도,안전운전 의무 불이행,단일로,기타단일로,자전거,없음,941737.2,1745842.9,126.8559295,35.70713998
2018,2018-01-31 20,야,수,1,1,0,0,0,전북,김제시,차대사람,횡단중,횡단중,안전운전 의무 불이행,단일로,기타단일로,승합차,보행자,935871.5,1757336,126.7901711,35.81039289
2018,2018-04-27 02,야,금,1,1,0,0,0,전북,김제시,차대차,추돌,추돌,안전운전 의무 불이행,단일로,기타단일로,승용차,농기계,959337,1755315.9,127.0500008,35.79343279
2018,2018-09-13 11,주,목,1,2,0,1,0,전북,김제시,차대차,측면충돌,측면충돌,직진 및 우회전차의 통행방해,교차로,교차로내,이륜차,화물차,950351.4,1747799.5,126.9510306,35.72525249
2018,2018-11-16 06,주,금,1,1,0,0,0,전북,남원시,차대차,기타,기타,중앙선 침범,단일로,기타단일로,건설기계,자전거,981650.5,1702511.6,127.2981293,35.31799053
2018,2018-01-22 10,주,월,1,1,0,0,0,전북,남원시,차대차,추돌,추돌,안전운전 의무 불이행,단일로,기타단일로,이륜차,화물차,984015.9,1705080.5,127.3241018,35.34119471
2018,2018-11-21 18,야,수,1,1,0,0,0,전북,고창군,차대사람,차도통행중,차도통행중,안전운전 의무 불이행,단일로,기타단일로,승용차,보행자,917764,1704732,126.5951113,35.33479357
2018,2018-10-27 18,야,토,2,2,0,0,0,전북,고창군,차대차,추돌,추돌,안전운전 의무 불이행,단일로,기타단일로,화물차,농기계,910408,1719081.8,126.5126032,35.46353136
2018,2018-09-04 19,야,화,1,1,0,0,0,전북,고창군,차대사람,기타,기타,안전운전 의무 불이행,교차로,교차로내,승합차,보행자,914012,1725764,126.5516103,35.52409288
2018,2018-09-25 21,야,화,1,1,0,0,0,전북,부안군,차대사람,차도통행중,차도통행중,안전운전 의무 불이행,단일로,기타단일로,승용차,보행자,930677.1,1749807.8,126.7333314,35.7421694
2018,2018-02-23 07,주,금,1,4,1,2,0,전북,진안군,차대차,측면충돌,측면충돌,안전운전 의무 불이행,단일로,기타단일로,승용차,승용차,991458,1760719,127.4054105,35.84295316
2018,2018-06-24 17,주,일,1,1,0,0,0,전북,순창군,차대차,측면충돌,측면충돌,안전운전 의무 불이행,단일로,기타단일로,화물차,자전거,975624.3,1714519.4,127.2314747,35.42613346
2018,2018-01-19 20,야,금,1,1,0,0,0,전북,무주군,차대사람,횡단중,횡단중,과속,단일로,지하차도(도로)내,승용차,보행자,1026923.6,1777843.2,127.7987158,35.99701136
2018,2018-07-11 19,야,수,1,2,1,0,0,전북,완주군,차대차,추돌,추돌,안전운전 의무 불이행,교차로,교차로부근,승용차,원동기장치자전거,968658.4,1772790.2,127.1524672,35.95132237
2018,2018-02-02 12,주,금,1,1,0,0,0,전북,완주군,차량단독,전도,전도,안전운전 의무 불이행,단일로,기타단일로,특수차,없음,970599.7,1765046.4,127.1742795,35.88156526
2018,2018-05-07 00,야,월,1,1,0,0,0,충남,당진시,차대차,추돌,추돌,안전운전 의무 불이행,단일로,교량위,승합차,승용차,920595,1872256,126.6093813,36.84520722
2018,2018-07-18 00,야,수,1,1,0,0,0,전북,부안군,차대차,추돌,추돌,안전운전 의무 불이행,단일로,기타단일로,화물차,화물차,927133,1734775,126.6955005,35.60638443
2018,2018-01-12 23,야,금,1,4,1,1,1,충남,당진시,차대차,추돌,추돌,안전운전 의무 불이행,단일로,기타단일로,승용차,건설기계,923638,1873959,126.6433373,36.86080824
2018,2018-09-14 13,주,금,1,1,0,0,0,전남,목포시,차량단독,기타,기타,기타(운전자법규위반),단일로,기타단일로,승용차,없음,901899,1645347,126.4275914,34.79796071
2018,2018-12-14 20,야,금,1,1,0,0,0,전남,목포시,차대사람,기타,기타,안전운전 의무 불이행,단일로,기타단일로,승용차,보행자,898466.2,1645573.6,126.3900439,34.79966733
2018,2018-01-07 21,야,일,1,1,0,0,0,전남,목포시,차대사람,횡단중,횡단중,안전운전 의무 불이행,교차로,교차로횡단보도내,승용차,보행자,899340,1646930,126.399432,34.81198345
2018,2018-10-12 04,야,금,1,1,0,0,0,전남,여수시,차량단독,공작물충돌,공작물충돌,안전운전 의무 불이행,단일로,기타단일로,승합차,없음,1019121,1643253,127.7089926,34.78362318
2018,2018-10-23 06,주,화,1,1,0,0,0,전남,여수시,차대사람,횡단중,횡단중,과속,단일로,기타단일로,승용차,보행자,1012367.2,1644486.9,127.6351919,34.79485451
2018,2018-10-09 12,주,화,1,1,0,0,0,전남,나주시,차량단독,도로이탈,도로이탈 추락,안전운전 의무 불이행,교차로,교차로부근,사륜오토바이(ATV),없음,918028.6,1669794.9,126.6014955,35.0198203
2018,2018-10-20 12,주,토,1,1,0,0,0,전남,나주시,차량단독,전도,전도,안전운전 의무 불이행,교차로,교차로부근,농기계,없음,925539.2,1677343.7,126.6831354,35.08846516
2018,2018-12-31 06,주,월,1,1,0,0,0,전남,나주시,차대사람,횡단중,횡단중,과속,교차로,교차로부근,승용차,보행자,933906,1669917,126.7755073,35.02208489
2018,2018-05-20 20,야,일,1,2,0,1,0,전남,나주시,차대차,추돌,추돌,과속,단일로,기타단일로,승용차,농기계,919069.6,1660908.3,126.6137687,34.9397792
2018,2018-02-07 02,야,수,1,2,0,1,0,전남,나주시,차량단독,전도,전도,안전운전 의무 불이행,단일로,기타단일로,승용차,없음,928006.6,1674761.9,126.7104257,35.06536576
2018,2018-03-15 15,주,목,1,2,1,0,0,전남,고흥군,차대차,정면충돌,정면충돌,중앙선 침범,단일로,기타단일로,승용차,화물차,993178,1614050,127.4256708,34.52042853
2018,2018-06-25 08,주,월,2,3,1,0,0,전남,고흥군,차대차,정면충돌,정면충돌,중앙선 침범,단일로,기타단일로,승용차,화물차,974633,1615153,127.2235818,34.53008536
2018,2018-12-21 11,주,금,1,1,0,0,0,전남,해남군,차량단독,기타,기타,안전운전 의무 불이행,단일로,기타단일로,화물차,없음,903420,1628439,126.4461523,34.64565811
2018,2018-09-08 22,야,토,1,1,0,0,0,전남,해남군,차대사람,횡단중,횡단중,안전운전 의무 불이행,단일로,기타단일로,승용차,보행자,890949,1621190,126.3110298,34.57904884
2018,2018-08-18 18,야,토,1,1,0,0,0,전남,해남군,차량단독,도로이탈,도로이탈 추락,안전운전 의무 불이행,단일로,기타단일로,이륜차,없음,924063,1619529,126.6721758,34.56705444
2018,2018-05-16 11,주,수,1,1,0,0,0,전남,보성군,차대사람,차도통행중,차도통행중,안전운전 의무 불이행,단일로,기타단일로,승용차,보행자,968658,1641908,127.1574837,34.77119188
2018,2018-11-14 14,주,수,1,1,0,0,0,전남,보성군,차량단독,전도,전도,안전운전 의무 불이행,단일로,기타단일로,사륜오토바이(ATV),없음,965182.4,1659831.7,127.118757,34.93270539
2018,2018-09-17 19,야,월,1,1,0,0,0,전남,영광군,차대사람,차도통행중,차도통행중,안전운전 의무 불이행,단일로,기타단일로,화물차,보행자,911382,1691448,126.5263297,35.21448268
2018,2018-08-15 06,주,수,1,1,0,0,0,전남,영광군,차대차,기타,기타,안전운전 의무 불이행,단일로,기타단일로,화물차,불명,903739,1711136,126.4400537,35.39127437
2018,2018-06-07 11,주,목,1,1,0,0,0,전남,화순군,차량단독,공작물충돌,공작물충돌,안전운전 의무 불이행,단일로,기타단일로,승용차,없음,964759,1674257,127.1135099,35.06276714
2018,2018-07-19 23,야,목,1,2,1,0,0,전남,화순군,차량단독,기타,기타,안전운전 의무 불이행,단일로,기타단일로,원동기장치자전거,없음,954833,1675553,127.0045835,35.07405749
2018,2018-04-26 08,주,목,1,1,0,0,0,전남,함평군,차량단독,공작물충돌,공작물충돌,안전운전 의무 불이행,단일로,기타단일로,승용차,없음,916310,1674245,126.5822112,35.05980247
2018,2018-10-20 07,주,토,1,1,0,0,0,전남,영암군,차대사람,횡단중,횡단중,보행자 보호의무 위반,단일로,기타단일로,화물차,보행자,910249.4,1638051.7,126.519641,34.73295298
2018,2018-01-23 11,주,화,1,1,0,0,0,전남,영암군,차대차,기타,기타,안전운전 의무 불이행,교차로,교차로내,화물차,원동기장치자전거,926787.4,1645679.9,126.6996069,34.80305565
2018,2018-07-28 10,주,토,1,1,0,0,0,전남,장성군,차대차,정면충돌,정면충돌,중앙선 침범,단일로,기타단일로,이륜차,건설기계,920952.4,1700557.2,126.6305943,35.29741137
2018,2018-11-13 16,주,화,1,1,0,0,0,전남,강진군,차량단독,공작물충돌,공작물충돌,안전운전 의무 불이행,단일로,기타단일로,사륜오토바이(ATV),없음,928171,1634649,126.7156728,34.70368901
2018,2018-10-30 16,주,화,1,1,0,0,0,전남,담양군,차대차,측면충돌,측면충돌,안전운전 의무 불이행,교차로,교차로내,화물차,이륜차,952062,1692445,126.97321,35.22624193
2018,2018-09-23 17,주,일,1,1,0,0,0,전남,담양군,차량단독,기타,기타,안전운전 의무 불이행,단일로,기타단일로,자전거,없음,952752.3,1703398.2,126.9801648,35.32503597
2018,2018-11-07 07,주,수,1,2,1,0,0,전남,완도군,차대차,측면충돌,측면충돌,신호위반,단일로,기타단일로,승용차,화물차,933489.2,1595896.5,126.7767674,34.35460151
2018,2018-02-22 09,주,목,1,1,0,0,0,전남,무안군,차대사람,횡단중,횡단중,안전운전 의무 불이행,단일로,기타단일로,승용차,보행자,906261.1,1647129.9,126.4750706,34.81444666
2018,2018-09-13 10,주,목,1,1,0,0,0,전남,진도군,차대차,기타,기타,교차로 통행방법 위반,교차로,교차로내,사륜오토바이(ATV),화물차,887557.4,1601057.3,126.2767125,34.39716391
2018,2018-08-22 04,야,수,1,1,0,0,0,전남,광양시,차대차,측면충돌,측면충돌,중앙선 침범,단일로,기타단일로,승용차,특수차,1019599,1659686,127.7146016,34.93180015
2018,2018-08-02 23,야,목,1,2,1,0,0,전남,구례군,차량단독,공작물충돌,공작물충돌,안전운전 의무 불이행,교차로,교차로내,승용차,없음,996783,1691187,127.4646527,35.21603947
2018,2018-02-08 12,주,목,1,1,0,0,0,전북,익산시,차량단독,공작물충돌,공작물충돌,안전운전 의무 불이행,단일로,기타단일로,화물차,없음,962124,1770220,127.0801344,35.92791831
2018,2018-03-17 19,야,토,1,1,0,0,0,경북,경주시,차대사람,기타,기타,안전운전 의무 불이행,단일로,기타단일로,승용차,보행자,1154166,1762182,129.2070952,35.84405336
2018,2018-05-07 19,야,월,1,1,0,0,0,경북,경주시,차대차,측면충돌,측면충돌,안전운전 의무 불이행,단일로,기타단일로,원동기장치자전거,승합차,1155593,1781179,129.2266094,36.01502796
2018,2018-08-20 20,야,월,1,2,1,0,0,경북,포항시,차대차,정면충돌,정면충돌,중앙선 침범,단일로,기타단일로,승용차,화물차,1164364,1784619,129.3246126,36.04458645
2018,2018-09-03 05,야,월,1,1,0,0,0,경북,안동시,차대사람,횡단중,횡단중,신호위반,교차로,교차로내,승용차,보행자,1106765,1841674,128.6931706,36.5668796
2018,2018-01-11 19,야,목,1,1,0,0,0,경북,김천시,차대차,추돌,추돌,안전운전 의무 불이행,단일로,기타단일로,승용차,이륜차,1047588,1793604,128.0289297,36.13831223
2018,2018-11-20 16,주,화,1,1,0,0,0,경북,김천시,차량단독,전도,전도,안전운전 의무 불이행,교차로,교차로부근,농기계,없음,1047525,1791390,128.0280957,36.1183553
2018,2018-12-02 11,주,일,1,1,0,0,0,경북,김천시,차대사람,횡단중,횡단중,교차로 통행방법 위반,교차로,교차로내,화물차,보행자,1056511,1791754,128.1279689,36.12115508
2018,2018-05-08 17,주,화,1,1,0,0,0,경북,상주시,차대사람,횡단중,횡단중,안전운전 의무 불이행,단일로,기타단일로,화물차,보행자,1037610,1840382,127.92029,36.56046247
2018,2018-10-05 08,주,금,1,1,0,0,0,경북,상주시,차량단독,도로이탈,도로이탈 추락,안전운전 의무 불이행,단일로,기타단일로,승용차,없음,1060873,1820640,128.1786863,36.38129655
2018,2018-08-25 03,야,토,1,2,1,0,0,경북,의성군,차대차,추돌,추돌,안전운전 의무 불이행,단일로,교량위,승용차,농기계,1104534,1826401,128.6661761,36.42946614
2018,2018-10-10 17,주,수,1,1,0,0,0,경북,의성군,차대차,측면충돌,측면충돌,안전운전 의무 불이행,단일로,기타단일로,이륜차,화물차,1111290,1804395,128.7383869,36.23035891
2018,2018-10-11 12,주,목,1,3,2,0,0,경북,의성군,차대차,정면충돌,정면충돌,중앙선 침범,기타,기타,이륜차,승용차,1105680,1803227,128.6758158,36.22046069
2018,2018-08-03 23,야,금,1,1,0,0,0,경북,영주시,차대사람,기타,기타,안전운전 의무 불이행,단일로,기타단일로,승용차,보행자,1099320.5,1868749,128.6135013,36.81171555
2018,2018-08-17 11,주,금,1,1,0,0,0,경북,영천시,차량단독,공작물충돌,공작물충돌,안전운전 의무 불이행,단일로,기타단일로,건설기계,없음,1129402,1796793,128.9386219,36.15958821
2018,2018-01-17 21,야,수,1,1,0,0,0,경북,문경시,차대사람,길가장자리구역통행중,길가장자리구역통행중,안전운전 의무 불이행,단일로,기타단일로,승용차,보행자,1073108,1862928,128.3191014,36.76163459
2018,2018-10-09 04,야,화,1,1,0,0,0,경북,문경시,차대차,추돌,추돌,안전운전 의무 불이행,단일로,기타단일로,승용차,화물차,1061586,1844487,128.1885352,36.59622122
2018,2018-08-29 14,주,수,2,2,0,0,0,경북,경산시,차량단독,기타,기타,안전운전 의무 불이행,단일로,기타단일로,화물차,없음,1124718,1752155,128.8795457,35.75786359
2018,2018-12-23 15,주,일,1,1,0,0,0,경북,경산시,차대차,측면충돌,측면충돌,중앙선 침범,단일로,기타단일로,화물차,이륜차,1116721,1764921,128.7929738,35.87391721
2018,2018-04-05 21,야,목,1,1,0,0,0,경북,경산시,차대사람,횡단중,횡단중,보행자 보호의무 위반,단일로,기타단일로,승용차,보행자,1111129,1758938,128.7302084,35.82063665
2018,2018-01-11 19,야,목,1,4,1,2,0,경북,경산시,차대차,기타,기타,안전운전 의무 불이행,단일로,기타단일로,승용차,승용차,1120176,1765060,128.8312583,35.87475211
2018,2018-02-24 15,주,토,1,1,0,0,0,경북,경산시,차량단독,공작물충돌,공작물충돌,안전운전 의무 불이행,단일로,기타단일로,화물차,없음,1115559,1754020,128.7785276,35.77579395
2018,2018-09-23 18,야,일,1,1,0,0,0,경북,영덕군,차대사람,횡단중,횡단중,안전운전 의무 불이행,교차로,교차로내,화물차,보행자,1168585,1819723,129.3789951,36.36017936