발생년,발생년월일시,주야,요일,사망자수,부상자수,중상자수,경상자수,부상신고자수,발생지시도,발생지시군구,사고유형_대분류,사고유형_중분류,사고유형,가해자법규위반,도로형태_대분류,도로형태,가해자_당사자종별,피해자_당사자종별,발생위치X_UTMK,발생위치Y_UTMK,경도,위도
2018,2018-04-28 05,야,토,1,1,0,0,0,경북,영덕군,차대차,정면충돌,정면충돌,안전운전 의무 불이행,교차로,교차로내,이륜차,승용차,1168712,1819433,129.380347,36.35754404
2018,2018-10-26 11,주,금,1,1,0,0,0,경북,영덕군,차대차,기타,기타,중앙선 침범,단일로,기타단일로,자전거,승용차,1165811,1839844,129.3523989,36.54196278
2018,2018-03-26 11,주,월,1,1,0,0,0,경북,영덕군,차대차,측면충돌,측면충돌,안전운전 의무 불이행,교차로,교차로내,승용차,건설기계,1168419,1825763,129.378455,36.41463189
2018,2018-10-26 23,야,금,1,2,1,0,0,경북,예천군,차대사람,기타,기타,과속,단일로,기타단일로,승용차,보행자,1087484,1848689,128.4785223,36.63207258
2018,2018-11-25 16,주,일,1,3,2,0,0,경북,예천군,차대차,측면충돌,측면충돌,안전운전 의무 불이행,교차로,교차로내,화물차,화물차,1082432,1854239,128.4226185,36.68254974
2018,2018-12-17 21,야,월,1,1,0,0,0,경북,청도군,차량단독,도로이탈,도로이탈 추락,안전운전 의무 불이행,단일로,기타단일로,이륜차,없음,1132251,1758537,128.9639016,35.81440221
2018,2018-07-27 20,야,금,1,1,0,0,0,경북,청도군,차대사람,기타,기타,안전운전 의무 불이행,단일로,기타단일로,승용차,보행자,1112923,1738889,128.7472427,35.63970601
2018,2018-05-04 21,야,금,1,1,0,0,0,경북,성주군,차량단독,전도,전도,안전운전 의무 불이행,단일로,기타단일로,이륜차,없음,1068285,1778882,128.2576826,36.00435599
2018,2018-05-24 20,야,목,1,1,0,0,0,경북,성주군,차대차,정면충돌,정면충돌,중앙선 침범,단일로,기타단일로,원동기장치자전거,화물차,1080514,1770099,128.3924691,35.92424432
2018,2018-11-10 15,주,토,1,1,0,0,0,경북,성주군,차량단독,도로이탈,도로이탈 기타,안전운전 의무 불이행,교차로,교차로부근,화물차,없음,1063029,1774832,128.1990446,35.96819826
2018,2018-11-19 17,주,월,1,1,0,0,0,경북,성주군,차대사람,횡단중,횡단중,안전운전 의무 불이행,단일로,기타단일로,승용차,보행자,1074782,1769002,128.3288349,35.91481022
2018,2018-05-06 20,야,일,1,9,3,5,0,경북,고령군,차대차,정면충돌,정면충돌,중앙선 침범,단일로,기타단일로,승용차,승용차,1064769,1739830,128.2155049,35.652523
2018,2018-10-08 23,야,월,1,1,0,0,0,경북,구미시,차대사람,횡단중,횡단중,과속,단일로,기타단일로,승용차,보행자,1083015,1793643,128.4226606,36.13627785
2018,2018-05-19 23,야,토,2,4,0,2,0,경북,구미시,차대사람,횡단중,횡단중,안전운전 의무 불이행,단일로,기타단일로,승합차,보행자,1077006,1791936,128.3557142,36.12138552
2018,2018-07-10 19,야,화,1,1,0,0,0,경북,구미시,차대차,측면충돌,측면충돌,안전운전 의무 불이행,교차로,교차로부근,화물차,자전거,1077375,1788950,128.3595208,36.09443808
2018,2018-05-08 10,주,화,1,1,0,0,0,경북,구미시,차대차,기타,기타,안전운전 의무 불이행,단일로,교량위,건설기계,원동기장치자전거,1077070,1792511,128.3564816,36.12656392
2018,2018-03-03 04,야,토,1,1,0,0,0,경북,포항시,차량단독,기타,기타,안전운전 의무 불이행,단일로,기타단일로,이륜차,없음,1173279,1778940,129.422286,35.99186732
2018,2018-10-14 08,주,일,1,2,0,1,0,경북,포항시,차대사람,횡단중,횡단중,신호위반,교차로,교차로내,승용차,보행자,1165465,1780616,129.3359918,36.00832778
2018,2018-10-20 04,야,토,1,1,0,0,0,경북,포항시,차대차,기타,기타,신호위반,교차로,교차로횡단보도내,승용차,화물차,1169219,1780497,129.3776007,36.00661074
2018,2018-07-13 00,야,금,1,6,0,4,1,대구,달성군,차대차,기타,기타,기타(운전자법규위반),단일로,기타단일로,불명,화물차,1086941,1771597,128.4638653,35.93719777
2018,2018-06-17 01,야,일,1,4,1,2,0,경북,고령군,차량단독,기타,기타,안전운전 의무 불이행,단일로,기타단일로,승용차,없음,1071026,1746421,128.2852026,35.71151419
2018,2018-03-18 17,주,일,1,3,1,1,0,경북,청도군,차대차,측면충돌,측면충돌,안전운전 의무 불이행,단일로,기타단일로,화물차,화물차,1115109,1732259,128.7704366,35.57968876
2018,2018-04-21 02,야,토,1,1,0,0,0,경북,김천시,차량단독,공작물충돌,공작물충돌,안전운전 의무 불이행,단일로,기타단일로,특수차,없음,1068981.4,1795659.2,128.2668765,36.15555365
2018,2018-04-20 15,주,금,1,6,2,3,0,경북,구미시,차대차,추돌,추돌,안전운전 의무 불이행,단일로,기타단일로,화물차,승용차,1068050,1808059,128.2575996,36.26740168
2018,2018-05-14 10,주,월,1,1,0,0,0,경북,포항시,차대차,정면충돌,정면충돌,중앙선 침범,단일로,기타단일로,이륜차,승용차,1152547,1788721,129.1942777,36.08347765
2018,2018-10-15 20,야,월,2,12,8,2,0,경북,상주시,차대차,추돌,추돌,안전운전 의무 불이행,단일로,기타단일로,화물차,승합차,1058066,1842440,128.1490292,36.57798943
2018,2018-11-26 22,야,월,1,1,0,0,0,경남,창원시(통합),차대사람,횡단중,횡단중,신호위반,교차로,교차로내,승합차,보행자,1096361,1690170,128.5585827,35.20224674
2018,2018-06-09 04,야,토,1,2,0,1,0,경남,진주시,차대차,측면충돌,측면충돌,신호위반,교차로,교차로내,승용차,승용차,1053268,1688595,128.0851096,35.19125875
2018,2018-07-02 19,야,월,1,1,0,0,0,경남,진주시,차대사람,횡단중,횡단중,안전운전 의무 불이행,교차로,교차로내,승합차,보행자,1056170,1688077,128.116949,35.18642993
2018,2018-12-17 04,야,월,1,2,1,0,0,경남,창원시(통합),차대차,기타,기타,안전운전 의무 불이행,단일로,기타단일로,화물차,승용차,1114303,1680076,128.7542499,35.10936558
2018,2018-11-17 20,야,토,1,1,0,0,0,경남,창원시(통합),차대사람,횡단중,횡단중,안전운전 의무 불이행,교차로,교차로내,이륜차,보행자,1108472,1684926,128.6909153,35.15373481
2018,2018-05-15 11,주,화,1,1,0,0,0,경남,통영시,차대차,측면충돌,측면충돌,신호위반,교차로,교차로내,원동기장치자전거,화물차,1085158,1650988,128.4315102,34.84998727
2018,2018-08-07 19,야,화,1,1,0,0,0,경남,사천시,차대사람,횡단중,횡단중,과속,교차로,교차로횡단보도내,승용차,보행자,1052935,1661663,128.0797322,34.94843393
2018,2018-10-12 22,야,금,1,1,0,0,0,경남,사천시,차대사람,횡단중,횡단중,보행자 보호의무 위반,교차로,교차로부근,승용차,보행자,1051957,1659556,128.0688906,34.92948558
2018,2018-03-14 12,주,수,1,1,0,0,0,경남,사천시,차대사람,기타,기타,안전운전 의무 불이행,단일로,기타단일로,승용차,보행자,1056993,1662128,128.124204,34.95240661
2018,2018-12-20 06,주,목,1,1,0,0,0,경남,밀양시,차대사람,길가장자리구역통행중,길가장자리구역통행중,안전운전 의무 불이행,단일로,기타단일로,승용차,보행자,1115189,1715026,128.7688734,35.42433308
2018,2018-05-04 16,주,금,1,1,0,0,0,경남,밀양시,차대사람,길가장자리구역통행중,길가장자리구역통행중,안전운전 의무 불이행,단일로,기타단일로,화물차,보행자,1117081,1723979,128.7909994,35.50481873
2018,2018-07-17 11,주,화,1,1,0,0,0,경남,거창군,차대사람,차도통행중,차도통행중,안전운전 의무 불이행,단일로,기타단일로,화물차,보행자,1046953,1742394,128.0188492,35.67664866
2018,2018-11-20 09,주,화,1,1,0,0,0,경남,거창군,차대차,측면충돌,측면충돌,직진 및 우회전차의 통행방해,교차로,교차로내,이륜차,승용차,1037545,1746732,127.9150925,35.71616389
2018,2018-09-06 10,주,목,1,1,0,0,0,경남,합천군,차대사람,횡단중,횡단중,안전운전 의무 불이행,교차로,교차로횡단보도내,화물차,보행자,1060721,1730378,128.1700783,35.56756197
2018,2018-08-04 16,주,토,1,4,0,3,0,경남,창녕군,차량단독,공작물충돌,공작물충돌,안전운전 의무 불이행,단일로,기타단일로,승용차,없음,1094122,1722650,128.5377284,35.49528086
2018,2018-02-05 19,야,월,1,1,0,0,0,경남,함양군,차대사람,길가장자리구역통행중,길가장자리구역통행중,안전운전 의무 불이행,단일로,기타단일로,승용차,보행자,1025597,1728141,127.7824085,35.54892337
2018,2018-04-17 19,야,화,1,1,0,0,0,경남,양산시,차량단독,공작물충돌,공작물충돌,안전운전 의무 불이행,교차로,교차로내,화물차,없음,1143338,1719425,129.0796307,35.46032729
2018,2018-03-29 18,야,목,1,1,0,0,0,경남,고성군,차대사람,차도통행중,차도통행중,안전운전 의무 불이행,단일로,기타단일로,화물차,보행자,1075172,1665063,128.3235545,34.97768395
2018,2018-04-18 13,주,수,2,2,0,0,0,경남,고성군,차량단독,공작물충돌,공작물충돌,안전운전 의무 불이행,단일로,기타단일로,승용차,없음,1078640,1667896,128.3618125,35.00296389
2018,2018-10-17 18,야,수,1,1,0,0,0,경남,고성군,차대사람,횡단중,횡단중,보행자 보호의무 위반,단일로,기타단일로,승용차,보행자,1077728,1670425,128.3520554,35.02583696
2018,2018-12-10 06,주,월,1,1,0,0,0,경남,고성군,차대사람,기타,기타,안전운전 의무 불이행,교차로,교차로내,화물차,보행자,1067949,1673349,128.2451058,35.05290684
2018,2018-03-12 11,주,월,1,1,0,0,0,경남,하동군,차대차,정면충돌,정면충돌,안전운전 의무 불이행,교차로,교차로부근,화물차,자전거,1034947,1687123,127.8838096,35.17879085
2018,2018-06-29 22,야,금,1,1,0,0,0,경남,하동군,차량단독,공작물충돌,공작물충돌,안전운전 의무 불이행,단일로,기타단일로,이륜차,없음,1025184,1677000,127.7762791,35.08780267
2018,2018-04-14 17,주,토,1,1,0,0,0,경남,거제시,차대차,기타,기타,안전운전 의무 불이행,단일로,기타단일로,승용차,이륜차,1110208,1652606,128.7056876,34.8621676
2018,2018-04-27 08,주,금,1,1,0,0,0,경남,산청군,차량단독,도로이탈,도로이탈 추락,안전운전 의무 불이행,단일로,기타단일로,화물차,없음,1038164,1711832,127.9202899,35.40146903
2018,2018-07-27 20,야,금,1,1,0,0,0,경남,산청군,차량단독,공작물충돌,공작물충돌,안전운전 의무 불이행,단일로,기타단일로,화물차,없음,1038251,1711841,127.9212484,35.40154684
2018,2018-03-12 09,주,월,1,2,0,1,0,경남,산청군,차대차,추돌,추돌,안전운전 의무 불이행,단일로,기타단일로,승용차,농기계,1040072,1704796,127.9409565,35.33795314
2018,2018-01-20 21,야,토,1,1,0,0,0,경남,함안군,차량단독,공작물충돌,공작물충돌,안전운전 의무 불이행,단일로,기타단일로,승용차,없음,1078636,1698204,128.3646535,35.27622741
2018,2018-07-26 22,야,목,1,1,0,0,0,경남,함안군,차대차,추돌,추돌,안전운전 의무 불이행,단일로,기타단일로,승용차,자전거,1090041,1710436,128.491389,35.38554498
2018,2018-11-15 20,야,목,1,1,0,0,0,경남,함안군,차대사람,차도통행중,차도통행중,안전운전 의무 불이행,단일로,기타단일로,승용차,보행자,1092078,1706451,128.513365,35.34943219
2018,2018-04-18 13,주,수,1,1,0,0,0,경남,의령군,차대차,측면충돌,측면충돌,교차로 통행방법 위반,교차로,교차로내,이륜차,화물차,1084155,1712087,128.4267598,35.40094423
2018,2018-02-12 19,야,월,1,1,0,0,0,경남,창원시(통합),차대사람,차도통행중,차도통행중,안전운전 의무 불이행,단일로,기타단일로,승용차,보행자,1107435,1694760,128.6808147,35.24250193
2018,2018-06-27 17,주,수,1,1,0,0,0,경남,창원시(통합),차대차,측면충돌,측면충돌,안전운전 의무 불이행,교차로,교차로부근,원동기장치자전거,승용차,1098119,1695099,128.5784803,35.2465138
2018,2018-04-15 12,주,일,1,1,0,0,0,경남,창원시(통합),차대차,기타,기타,차로위반(진로변경 위반),단일로,기타단일로,원동기장치자전거,승용차,1097763,1692202,128.5742235,35.22043069
2018,2018-08-11 17,주,토,1,1,0,0,0,경남,창원시(통합),차량단독,공작물충돌,공작물충돌,안전운전 의무 불이행,단일로,기타단일로,이륜차,없음,1102627,1707041,128.629517,35.35372212
2018,2018-06-29 05,야,금,1,1,0,0,0,경남,창원시(통합),차대사람,기타,기타,보행자 보호의무 위반,교차로,교차로내,승용차,보행자,1100663,1706315,128.6078154,35.34737713
2018,2018-07-30 23,야,월,1,1,0,0,0,경남,창원시(통합),차대사람,횡단중,횡단중,과속,단일로,기타단일로,승용차,보행자,1105939,1695126,128.6644225,35.24596079
2018,2018-08-01 23,야,수,1,1,0,0,0,경남,통영시,차대사람,기타,기타,안전운전 의무 불이행,단일로,기타단일로,승용차,보행자,1083757,1653585,128.4164467,34.8735195
2018,2018-09-02 16,주,일,2,6,0,4,0,경남,함안군,차대차,추돌,추돌,안전운전 의무 불이행,단일로,기타단일로,특수차,승용차,1091203,1699890,128.5030057,35.29036133
2018,2018-02-01 12,주,목,1,1,0,0,0,제주,서귀포시,차대사람,기타,기타,안전운전 의무 불이행,단일로,기타단일로,화물차,보행자,927115,1476714,126.7173129,33.27934493
2018,2018-02-25 06,주,일,1,1,0,0,0,제주,서귀포시,차대사람,횡단중,횡단중,중앙선 침범,단일로,기타단일로,승용차,보행자,929421,1477331,126.7420263,33.2850632
2018,2018-11-21 10,주,수,1,1,0,0,0,제주,서귀포시,차대차,추돌,추돌,안전운전 의무 불이행,단일로,기타단일로,승용차,이륜차,888716,1476473,126.3050534,33.27389186
2018,2018-09-02 19,야,일,1,2,0,1,0,제주,서귀포시,차대차,측면충돌,측면충돌,과속,교차로,교차로내,이륜차,승용차,926500,1477025,126.710684,33.28210812
2018,2018-08-22 01,야,수,1,1,0,0,0,제주,서귀포시,차량단독,기타,기타,안전운전 의무 불이행,기타,기타,사륜오토바이(ATV),없음,942291,1488316,126.879532,33.38490686
2018,2018-07-29 22,야,일,1,1,0,0,0,제주,서귀포시,차대사람,기타,기타,안전운전 의무 불이행,교차로,교차로부근,승용차,보행자,887999,1471753,126.2979388,33.23125257
2018,2018-07-17 21,야,화,1,1,0,0,0,제주,제주시,차대사람,횡단중,횡단중,보행자 보호의무 위반,교차로,교차로횡단보도내,승용차,보행자,885811,1491300,126.2719908,33.4072952
2018,2018-06-18 17,주,월,1,1,0,0,0,제주,제주시,차량단독,기타,기타,안전운전 의무 불이행,단일로,기타단일로,화물차,없음,888150,1492702,126.2969656,33.42018453
2018,2018-10-12 20,야,금,1,1,0,0,0,제주,제주시,차대차,기타,기타,중앙선 침범,단일로,기타단일로,이륜차,승용차,902813,1497668,126.4541157,33.46639823
2018,2018-02-24 21,야,토,1,1,0,0,0,제주,제주시,차대사람,횡단중,횡단중,안전운전 의무 불이행,단일로,기타단일로,승합차,보행자,899311,1500053,126.4161667,33.48758265
2018,2018-01-18 12,주,목,1,1,0,0,0,제주,제주시,차대차,기타,기타,직진 및 우회전차의 통행방해,교차로,교차로내,승용차,이륜차,883369,1481408,126.2470138,33.31782956
2018,2018-01-04 15,주,목,1,1,0,0,0,대구,남구,차대차,측면충돌,측면충돌,안전운전 의무 불이행,교차로,교차로내,화물차,원동기장치자전거,1099018,1761803,128.5965172,35.84776062
2018,2018-10-04 14,주,목,1,1,0,0,0,대구,남구,차대차,측면충돌,측면충돌,안전운전 의무 불이행,교차로,교차로횡단보도내,승용차,자전거,1097556,1760993,128.5802307,35.84060546
2018,2018-07-03 06,주,화,1,1,0,0,0,대구,동구,차량단독,공작물충돌,공작물충돌,안전운전 의무 불이행,단일로,기타단일로,승용차,없음,1101876,1775183,128.6298746,35.96807937
2018,2018-01-08 09,주,월,1,1,0,0,0,대구,동구,차대차,추돌,추돌,안전운전 의무 불이행,교차로,교차로내,승합차,자전거,1109962,1763873,128.7179722,35.86525293
2018,2018-02-01 21,야,목,1,1,0,0,0,대구,수성구,차대사람,횡단중,횡단중,안전운전 의무 불이행,교차로,교차로부근,화물차,보행자,1109929,1760491,128.7171408,35.83477085
2018,2018-02-27 12,주,화,1,1,0,0,0,대구,수성구,차량단독,공작물충돌,공작물충돌,안전운전 의무 불이행,단일로,기타단일로,이륜차,없음,1105904,1760346,128.672565,35.83390682
2018,2018-02-19 09,주,월,1,1,0,0,0,대구,달서구,차대사람,횡단중,횡단중,보행자 보호의무 위반,단일로,기타단일로,승용차,보행자,1092642,1757752,128.5254504,35.81186539
2018,2018-10-19 08,주,금,1,2,0,1,0,대구,달성군,차대사람,보도통행중,보도통행중,과속,단일로,기타단일로,화물차,보행자,1087865,1749896,128.4717189,35.74148312
2018,2018-03-03 10,주,토,1,1,0,0,0,대구,북구,차대차,측면충돌,측면충돌,안전운전 의무 불이행,단일로,기타단일로,건설기계,자전거,1098336,1765575,128.5894313,35.88183204
2018,2018-06-07 10,주,목,1,1,0,0,0,대구,서구,차대사람,보도통행중,보도통행중,기타(운전자법규위반),기타,기타,화물차,보행자,1095244.9,1764866.3,128.5551066,35.8757491
2018,2018-10-13 10,주,토,1,1,0,0,0,대구,서구,차대사람,기타,기타,안전운전 의무 불이행,교차로,교차로내,화물차,보행자,1096648,1765396,128.5707118,35.88038658
2018,2018-11-27 16,주,화,1,1,0,0,0,대구,서구,차대사람,기타,기타,안전운전 의무 불이행,교차로,교차로내,화물차,보행자,1095625,1771669,128.5601344,35.93703524
2018,2018-05-19 02,야,토,2,2,0,0,0,대구,북구,차대차,기타,기타,안전운전 의무 불이행,단일로,기타단일로,승용차,건설기계,1095127.5,1772406.2,128.5547081,35.94372931
2018,2018-07-14 22,야,토,1,3,0,2,0,대구,북구,차대차,추돌,추돌,안전운전 의무 불이행,교차로,교차로부근,승합차,화물차,1099117,1770683,128.5987187,35.92779895
2018,2018-11-27 06,주,화,1,2,1,0,0,인천,중구,차대차,추돌,추돌,안전운전 의무 불이행,단일로,기타단일로,화물차,건설기계,913087,1942042,126.5170705,37.47351858
2018,2018-09-19 17,주,수,1,1,0,0,0,인천,중구,차대차,측면충돌,측면충돌,안전운전 의무 불이행,단일로,기타단일로,화물차,이륜차,915453,1944246,126.5435718,37.49360153
2018,2018-07-24 16,주,화,1,3,0,2,0,인천,중구,차대차,추돌,추돌,안전운전 의무 불이행,단일로,기타단일로,화물차,화물차,909860,1944226,126.480313,37.49289215
2018,2018-09-14 05,야,금,1,1,0,0,0,인천,중구,차대사람,횡단중,횡단중,과속,교차로,교차로횡단보도내,승용차,보행자,916636,1943951,126.5569861,37.49105043
2018,2018-04-26 06,주,목,1,1,0,0,0,인천,중구,차대차,정면충돌,정면충돌,신호위반,교차로,교차로횡단보도내,특수차,자전거,921279,1939884,126.6099366,37.45480366
2018,2018-05-28 23,야,월,1,2,0,1,0,인천,중구,차대사람,기타,기타,과속,교차로,교차로내,승용차,보행자,910771,1944494,126.4905845,37.49539593
2018,2018-07-30 09,주,월,1,1,0,0,0,인천,남구,차대사람,횡단중,횡단중,안전운전 의무 불이행,교차로,교차로부근,승용차,보행자,925330,1939971,126.6557259,37.45592385
2018,2018-02-07 05,야,수,1,1,0,0,0,인천,남구,차대사람,횡단중,횡단중,안전운전 의무 불이행,기타,기타,승용차,보행자,927079,1940876,126.67541,37.46422004
2018,2018-01-24 00,야,수,1,1,0,0,0,인천,부평구,차대사람,기타,기타,안전운전 의무 불이행,단일로,기타단일로,승용차,보행자,931657,1943408,126.7269384,37.48739054
2018,2018-01-12 02,야,금,1,1,0,0,0,인천,부평구,차대사람,횡단중,횡단중,안전운전 의무 불이행,단일로,기타단일로,승용차,보행자,931900,1943720,126.729658,37.49022051
2018,2018-09-16 00,야,일,1,1,0,0,0,인천,남동구,차대사람,차도통행중,차도통행중,안전운전 의무 불이행,기타,기타,승용차,보행자,929259,1938694,126.7002686,37.44472343
2018,2018-07-29 00,야,일,1,1,0,0,0,인천,남구,차대사람,기타,기타,안전운전 의무 불이행,단일로,기타단일로,승용차,보행자,929106,1938298,126.6985771,37.44114262
2018,2018-03-26 03,야,월,1,1,0,0,0,인천,서구,차대차,추돌,추돌,안전운전 의무 불이행,단일로,기타단일로,승용차,건설기계,927910,1950595,126.6838528,37.55188004
2018,2018-02-24 06,주,토,1,1,0,0,0,인천,계양구,차대사람,차도통행중,차도통행중,안전운전 의무 불이행,교차로,교차로내,승합차,보행자,930861,1948219,126.7174827,37.53069192
2018,2018-08-19 17,주,일,2,5,0,3,0,인천,계양구,차대차,정면충돌,정면충돌,안전운전 의무 불이행,교차로,교차로내,승용차,이륜차,933157,1947635,126.74352,37.52559774
2018,2018-04-30 17,주,월,1,1,0,0,0,인천,연수구,차대차,측면충돌,측면충돌,신호위반,교차로,교차로횡단보도내,승합차,자전거,923388,1933100,126.6344837,37.39383834
2018,2018-04-12 02,야,목,1,1,0,0,0,인천,연수구,차대사람,횡단중,횡단중,안전운전 의무 불이행,단일로,기타단일로,승용차,보행자,926891,1935505,126.6738167,37.41579734
2018,2018-12-26 05,야,수,1,2,0,0,1,인천,남구,차대차,추돌,추돌,안전운전 의무 불이행,단일로,교량위,화물차,특수차,923794,1938538,126.6385087,37.44288327
2018,2018-10-06 07,주,토,1,1,0,0,0,경기,광명시,차량단독,공작물충돌,공작물충돌,안전운전 의무 불이행,단일로,교량위,승용차,없음,946532,1936685,126.895675,37.42777576
2018,2018-09-19 20,야,수,1,1,0,0,0,경기,시흥시,차대차,기타,기타,안전운전 의무 불이행,단일로,기타단일로,승용차,화물차,935391,1929394,126.770399,37.3613505
2018,2018-12-27 00,야,목,1,1,0,0,0,광주,서구,차대사람,횡단중,횡단중,안전운전 의무 불이행,단일로,기타단일로,승용차,보행자,941785.4,1680941.3,126.8610983,35.12197335
2018,2018-10-16 20,야,화,1,1,0,0,0,광주,서구,차대사람,차도통행중,차도통행중,안전운전 의무 불이행,단일로,기타단일로,승용차,보행자,945497,1684526,126.9015944,35.15450353
2018,2018-01-02 11,주,화,1,1,0,0,0,광주,서구,차대사람,기타,기타,안전운전 의무 불이행,단일로,기타단일로,승용차,보행자,943846,1685474.5,126.8834039,35.16296498
2018,2018-06-27 01,야,수,1,1,0,0,0,광주,남구,차대사람,기타,기타,안전운전 의무 불이행,단일로,기타단일로,승용차,보행자,945995.2,1682220.1,126.9072148,35.13373872
2018,2018-10-16 09,주,화,1,1,0,0,0,광주,남구,차대사람,횡단중,횡단중,안전운전 의무 불이행,교차로,교차로횡단보도내,승용차,보행자,945418,1682172,126.9008826,35.13327386
2018,2018-03-07 05,야,수,1,1,0,0,0,광주,남구,차대사람,횡단중,횡단중,안전운전 의무 불이행,단일로,기타단일로,승용차,보행자,945487.2,1682435.6,126.9016248,35.13565443
2018,2018-04-12 18,야,목,1,1,0,0,0,광주,북구,차대차,측면충돌,측면충돌,안전운전 의무 불이행,단일로,기타단일로,승용차,자전거,945157,1685949,126.897767,35.16731581
2018,2018-02-01 23,야,목,1,1,0,0,0,광주,북구,차대사람,횡단중,횡단중,안전운전 의무 불이행,단일로,기타단일로,화물차,보행자,943924,1686124,126.8842162,35.16882566
2018,2018-07-25 16,주,수,1,1,0,0,0,광주,광산구,차대차,기타,기타,중앙선 침범,단일로,기타단일로,자전거,화물차,940365,1689279,126.844908,35.197068
2018,2018-05-22 04,야,화,1,1,0,0,0,광주,광산구,차량단독,도로이탈,도로이탈 추락,안전운전 의무 불이행,단일로,기타단일로,이륜차,없음,930826,1682008,126.740739,35.13089757
2018,2018-04-22 00,야,일,1,3,0,2,0,대전,중구,차대차,측면충돌,측면충돌,신호위반,교차로,교차로내,승용차,승용차,989841,1812515,127.3868377,36.30992069
2018,2018-12-28 20,야,금,1,1,0,0,0,대전,동구,차대사람,횡단중,횡단중,안전운전 의무 불이행,교차로,교차로부근,승합차,보행자,994831,1813457,127.4424156,36.31845295
2018,2018-05-29 22,야,화,1,1,0,0,0,대전,동구,차대사람,횡단중,횡단중,안전운전 의무 불이행,단일로,기타단일로,승용차,보행자,994665,1816995,127.4405421,36.35034866
2018,2018-04-27 13,주,금,1,1,0,0,0,대전,동구,차대차,기타,기타,안전거리 미확보,교차로,교차로부근,이륜차,승용차,995418,1812508,127.4489605,36.30990025
2018,2018-05-14 05,야,월,1,1,0,0,0,대전,서구,차대사람,횡단중,횡단중,안전운전 의무 불이행,교차로,교차로횡단보도내,화물차,보행자,988737,1811910,127.3745488,36.30445407
2018,2018-03-03 16,주,토,1,1,0,0,0,대전,대덕구,차대사람,횡단중,횡단중,과속,단일로,기타단일로,승용차,보행자,993183,1827514,127.423933,36.44517161
2018,2018-07-27 21,야,금,1,2,0,1,0,대전,서구,차대차,기타,기타,신호위반,교차로,교차로내,승용차,이륜차,988195,1817826,127.3684222,36.35778281
2018,2018-08-10 00,야,금,1,1,0,0,0,대전,유성구,차대차,측면충돌,측면충돌,과속,교차로,교차로내,승용차,승용차,983193,1814644,127.3127391,36.32902148
2018,2018-10-14 18,야,일,1,2,0,1,0,대전,유성구,차대차,측면충돌,측면충돌,신호위반,교차로,교차로내,이륜차,승용차,986554,1821820,127.3500627,36.39376856
2018,2018-11-19 19,야,월,1,1,0,0,0,대전,유성구,차대사람,횡단중,횡단중,안전운전 의무 불이행,단일로,기타단일로,승용차,보행자,989402,1824916,127.3817786,36.4217156
2018,2018-04-30 04,야,월,1,1,0,0,0,대전,유성구,차량단독,공작물충돌,공작물충돌,안전운전 의무 불이행,단일로,기타단일로,승용차,없음,985882,1820113,127.3426002,36.37836976
2018,2018-03-10 04,야,토,1,1,0,0,0,대전,유성구,차대사람,횡단중,횡단중,안전운전 의무 불이행,교차로,교차로횡단보도내,승용차,보행자,985658,1816489,127.3401697,36.34569476
2018,2018-05-10 00,야,목,1,1,0,0,0,대전,유성구,차대사람,길가장자리구역통행중,길가장자리구역통행중,안전운전 의무 불이행,단일로,기타단일로,화물차,보행자,985413,1817988,127.3374113,36.35920513
2018,2018-03-03 02,야,토,1,1,0,0,0,울산,북구,차량단독,공작물충돌,공작물충돌,안전운전 의무 불이행,단일로,기타단일로,이륜차,없음,1167722,1736691,129.351808,35.61211245
2018,2018-11-08 04,야,목,1,1,0,0,0,울산,중구,차대사람,횡단중,횡단중,안전운전 의무 불이행,단일로,기타단일로,승합차,보행자,1163981,1730296,129.3092253,35.55510797
2018,2018-05-12 07,주,토,1,1,0,0,0,울산,중구,차대사람,횡단중,횡단중,중앙선 침범,단일로,기타단일로,화물차,보행자,1165994,1730537,129.3314743,35.5569446
2018,2018-07-24 04,야,화,1,2,1,0,0,울산,중구,차대사람,횡단중,횡단중,보행자 보호의무 위반,단일로,기타단일로,승용차,보행자,1163793,1730177,129.3071279,35.55406663
2018,2018-09-19 03,야,수,1,1,0,0,0,울산,남구,차량단독,공작물충돌,공작물충돌,안전운전 의무 불이행,단일로,기타단일로,이륜차,없음,1159939,1729156,129.2644233,35.54549476
2018,2018-02-18 08,주,일,1,1,0,0,0,울산,남구,차량단독,전도,전도,안전운전 의무 불이행,단일로,기타단일로,원동기장치자전거,없음,1159552,1728764,129.2600785,35.5420243
2018,2018-03-18 04,야,일,1,2,1,0,0,울산,남구,차대사람,횡단중,횡단중,안전운전 의무 불이행,교차로,교차로횡단보도내,승용차,보행자,1167002,1728672,129.3422062,35.53996789
2018,2018-05-23 21,야,수,1,1,0,0,0,울산,남구,차대사람,횡단중,횡단중,안전운전 의무 불이행,단일로,기타단일로,승용차,보행자,1165004,1724878,129.3194041,35.50611061