발생년,발생년월일시,주야,요일,사망자수,부상자수,중상자수,경상자수,부상신고자수,발생지시도,발생지시군구,사고유형_대분류,사고유형_중분류,사고유형,가해자법규위반,도로형태_대분류,도로형태,가해자_당사자종별,피해자_당사자종별,발생위치X_UTMK,발생위치Y_UTMK,경도,위도
2018,2018-02-18 05,야,일,1,1,0,0,0,울산,남구,차대사람,횡단중,횡단중,안전운전 의무 불이행,단일로,기타단일로,승용차,보행자,1164973,1728121,129.3197222,35.53534202
2018,2018-08-19 02,야,일,1,1,0,0,0,울산,동구,차량단독,기타,기타,안전운전 의무 불이행,교차로,교차로부근,이륜차,없음,1173144,1723705,129.4088655,35.49415319
2018,2018-04-05 09,주,목,2,39,8,29,0,울산,북구,차대차,측면충돌,측면충돌,안전운전 의무 불이행,단일로,기타단일로,승용차,승합차,1172108,1726701,129.398085,35.52133244
2018,2018-10-05 18,야,금,1,1,0,0,0,울산,울주군,차대사람,기타,기타,안전운전 의무 불이행,교차로,교차로횡단보도내,승용차,보행자,1150127,1738471,129.1579509,35.63098391
2018,2018-08-01 20,야,수,1,1,0,0,0,울산,울주군,차대사람,횡단중,횡단중,안전운전 의무 불이행,단일로,기타단일로,화물차,보행자,1147137,1732044,129.1237715,35.57350783
2018,2018-10-07 05,야,일,1,1,0,0,0,울산,울주군,차량단독,공작물충돌,공작물충돌,안전운전 의무 불이행,단일로,기타단일로,승용차,없음,1144665,1734290,129.0969025,35.5941155
2018,2018-01-04 15,주,목,1,1,0,0,0,울산,울주군,차대차,추돌,추돌,안전운전 의무 불이행,단일로,기타단일로,화물차,자전거,1155910,1720970,129.218421,35.47235961
2018,2018-12-14 21,야,금,1,1,0,0,0,경기,의정부시,차대사람,횡단중,횡단중,안전운전 의무 불이행,교차로,교차로부근,승합차,보행자,961670,1972084,127.0649145,37.74758746
2018,2018-02-25 23,야,일,1,1,0,0,0,경기,의정부시,차대사람,기타,기타,안전운전 의무 불이행,교차로,교차로내,승용차,보행자,961419,1970776,127.0621349,37.73578786
2018,2018-09-09 17,주,일,1,1,0,0,0,경기,고양시,차량단독,공작물충돌,공작물충돌,안전운전 의무 불이행,단일로,기타단일로,농기계,없음,947776,1960893,126.9080123,37.64603663
2018,2018-11-03 17,주,토,1,1,0,0,0,경기,고양시,차대사람,횡단중,횡단중,신호위반,교차로,교차로부근,승합차,보행자,935607,1962929,126.7698996,37.66361368
2018,2018-08-25 02,야,토,1,1,0,0,0,경기,고양시,차대사람,기타,기타,안전운전 의무 불이행,교차로,교차로내,승용차,보행자,938274,1962674,126.8001581,37.66149872
2018,2018-01-03 23,야,수,1,2,0,1,0,경기,고양시,차대사람,횡단중,횡단중,안전운전 의무 불이행,단일로,기타단일로,이륜차,보행자,936065,1962102,126.7751646,37.65619221
2018,2018-01-23 10,주,화,1,2,1,0,0,경기,고양시,차대차,정면충돌,정면충돌,중앙선 침범,단일로,기타단일로,승용차,화물차,939016,1967728,126.8081472,37.70709865
2018,2018-04-24 20,야,화,1,5,0,4,0,경기,남양주시,차대차,추돌,추돌,안전운전 의무 불이행,교차로,교차로부근,화물차,승용차,970191,1966584,127.1618604,37.69833238
2018,2018-03-27 23,야,화,1,1,0,0,0,경기,남양주시,차대사람,횡단중,횡단중,안전운전 의무 불이행,교차로,교차로내,승용차,보행자,973217,1955204,127.196603,37.5958543
2018,2018-09-19 01,야,수,1,1,0,0,0,경기,남양주시,차대차,기타,기타,안전운전 의무 불이행,기타,기타,화물차,승용차,973124,1970986,127.1949679,37.73809922
2018,2018-08-13 07,주,월,1,1,0,0,0,경기,남양주시,차대사람,횡단중,횡단중,안전운전 의무 불이행,교차로,교차로내,승합차,보행자,977404,1961529,127.2438371,37.65297636
2018,2018-11-16 18,야,금,1,3,1,1,0,경기,남양주시,차대차,측면충돌,측면충돌,신호위반,교차로,교차로내,이륜차,승용차,969921,1956022,127.1592329,37.60312534
2018,2018-12-18 06,주,화,1,1,0,0,0,경기,남양주시,차대사람,횡단중,횡단중,안전운전 의무 불이행,교차로,교차로내,화물차,보행자,973313,1971256,127.197103,37.74053831
2018,2018-11-29 17,주,목,1,1,0,0,0,경기,파주시,차대사람,횡단중,횡단중,신호위반,교차로,교차로횡단보도내,승용차,보행자,937384,1976469,126.7888803,37.78576764
2018,2018-05-21 02,야,월,1,2,1,0,0,경기,파주시,차대차,추돌,추돌,중앙선 침범,교차로,교차로부근,이륜차,승용차,934210,1971647,126.7532736,37.74208634
2018,2018-07-28 00,야,토,1,3,0,2,0,경기,파주시,차대차,추돌,추돌,안전운전 의무 불이행,단일로,기타단일로,화물차,화물차,949465,1997912,126.9245734,37.97977353
2018,2018-03-21 16,주,수,1,1,0,0,0,경기,파주시,차대사람,횡단중,횡단중,안전운전 의무 불이행,단일로,기타단일로,승용차,보행자,931498,1970169,126.7226338,37.72856688
2018,2018-04-25 23,야,수,1,1,0,0,0,경기,파주시,차대차,기타,기타,신호위반,교차로,교차로내,이륜차,승용차,941794,1970141,126.8394681,37.72902708
2018,2018-12-21 23,야,금,1,1,0,0,0,경기,양주시,차량단독,공작물충돌,공작물충돌,안전운전 의무 불이행,교차로,교차로내,승용차,없음,958417,1976248,127.027752,37.78497531
2018,2018-03-23 05,야,금,1,1,0,0,0,경기,양주시,차대사람,횡단중,횡단중,안전운전 의무 불이행,교차로,교차로부근,승용차,보행자,963242,1978035,127.0824563,37.80128838
2018,2018-09-29 09,주,토,1,1,0,0,0,경기,포천시,차대사람,횡단중,횡단중,안전운전 의무 불이행,교차로,교차로내,승합차,보행자,980155,2010025,127.2736909,38.09013572
2018,2018-08-13 16,주,월,1,1,0,0,0,경기,연천군,차대차,정면충돌,정면충돌,중앙선 침범,단일로,기타단일로,승용차,이륜차,955739,2003612,126.995659,38.0314728
2018,2018-05-07 00,야,월,1,2,1,0,0,경기,연천군,차량단독,공작물충돌,공작물충돌,안전운전 의무 불이행,교차로,교차로내,승용차,없음,961053,2003286,127.0562264,38.02877884
2018,2018-05-10 17,주,목,1,1,0,0,0,경기,연천군,차대사람,횡단중,횡단중,안전운전 의무 불이행,교차로,교차로내,승용차,보행자,961950,2003875,127.0664155,38.03412539
2018,2018-09-17 19,야,월,1,1,0,0,0,경기,고양시,차대사람,횡단중,횡단중,신호위반,단일로,기타단일로,개인형이동수단(PM),보행자,934781,1965068,126.7603437,37.6828334
2018,2018-04-06 01,야,금,1,1,0,0,0,경기,고양시,차대사람,횡단중,횡단중,과속,단일로,기타단일로,승용차,보행자,935724,1964835,126.7710581,37.68080004
2018,2018-12-29 16,주,토,1,3,2,0,0,서울,중구,차대차,추돌,추돌,과속,단일로,터널안,승용차,건설기계,955681,1949858,126.9982846,37.54699189
2018,2018-07-12 00,야,목,1,1,0,0,0,서울,용산구,차량단독,공작물충돌,공작물충돌,안전운전 의무 불이행,단일로,터널안,이륜차,없음,954743,1949755,126.9876727,37.54601793
2018,2018-02-15 18,야,목,1,1,0,0,0,서울,중구,차대사람,횡단중,횡단중,안전운전 의무 불이행,단일로,기타단일로,승합차,보행자,953428,1950841,126.972718,37.55574075
2018,2018-10-24 15,주,수,1,1,0,0,0,서울,용산구,차대차,기타,기타,신호위반,교차로,교차로횡단보도내,승용차,자전거,955065,1947423,126.9914605,37.52501478
2018,2018-05-31 21,야,목,1,1,0,0,0,서울,용산구,차대사람,차도통행중,차도통행중,안전운전 의무 불이행,단일로,기타단일로,이륜차,보행자,951856,1947699,126.9551269,37.52734047
2018,2018-06-19 14,주,화,1,1,0,0,0,서울,성북구,차대차,측면충돌,측면충돌,안전운전 의무 불이행,교차로,교차로내,승용차,이륜차,957808,1953542,127.0221506,37.58029657
2018,2018-04-10 21,야,화,1,1,0,0,0,서울,강북구,차대사람,기타,기타,안전운전 의무 불이행,교차로,교차로부근,승용차,보행자,956819,1960804,127.0105211,37.6457043
2018,2018-11-17 20,야,토,1,1,0,0,0,서울,동대문구,차대사람,기타,기타,안전운전 의무 불이행,단일로,기타단일로,승용차,보행자,959631,1953693,127.0427882,37.58173935
2018,2018-03-07 03,야,수,1,1,0,0,0,서울,동대문구,차대사람,횡단중,횡단중,안전운전 의무 불이행,교차로,교차로횡단보도내,승용차,보행자,959825,1953487,127.0449967,37.57989111
2018,2018-11-05 17,주,월,1,2,1,0,0,서울,마포구,차대차,정면충돌,정면충돌,신호위반,교차로,교차로부근,이륜차,건설기계,949324,1949955,126.9263163,37.54753847
2018,2018-05-14 03,야,월,1,1,0,0,0,서울,마포구,차대차,측면충돌,측면충돌,중앙선 침범,교차로,교차로부근,승용차,이륜차,948802,1949988,126.9204049,37.54780705
2018,2018-10-29 09,주,월,1,2,0,1,0,서울,영등포구,차대차,정면충돌,정면충돌,신호위반,교차로,교차로내,이륜차,승합차,947466,1947515,126.9054582,37.52544239
2018,2018-03-15 23,야,목,1,1,0,0,0,서울,영등포구,차대사람,횡단중,횡단중,과속,단일로,기타단일로,화물차,보행자,946973,1945371,126.9000338,37.50608998
2018,2018-07-03 14,주,화,1,1,0,0,0,서울,금천구,차대사람,차도통행중,차도통행중,안전운전 의무 불이행,교차로,교차로내,건설기계,보행자,946899,1940771,126.8995285,37.46462504
2018,2018-07-26 02,야,목,1,1,0,0,0,서울,성동구,차량단독,공작물충돌,공작물충돌,안전운전 의무 불이행,단일로,기타단일로,이륜차,없음,959131,1952237,127.0372067,37.56859398
2018,2018-09-13 08,주,목,1,1,0,0,0,서울,성동구,차대사람,횡단중,횡단중,보행자 보호의무 위반,교차로,교차로내,화물차,보행자,960632,1948791,127.0543883,37.53759951
2018,2018-04-17 17,주,화,1,1,0,0,0,서울,동작구,차대사람,차도통행중,차도통행중,안전운전 의무 불이행,단일로,기타단일로,승합차,보행자,951475,1945423,126.9509654,37.5068064
2018,2018-12-21 06,주,금,1,1,0,0,0,서울,강남구,차대사람,횡단중,횡단중,안전운전 의무 불이행,단일로,기타단일로,화물차,보행자,959992,1945399,127.047329,37.50699867
2018,2018-12-23 22,야,일,1,1,0,0,0,서울,강남구,차대사람,횡단중,횡단중,신호위반,단일로,기타단일로,승용차,보행자,960781,1947051,127.0561677,37.52192263
2018,2018-03-20 04,야,화,1,1,0,0,0,서울,강남구,차대사람,횡단중,횡단중,안전운전 의무 불이행,단일로,기타단일로,승용차,보행자,959059,1945762,127.0367526,37.51022959
2018,2018-01-12 03,야,금,1,1,0,0,0,서울,강서구,차대사람,차도통행중,차도통행중,안전운전 의무 불이행,교차로,교차로부근,승용차,보행자,938157,1953582,126.7996008,37.57954641
2018,2018-07-23 22,야,월,1,1,0,0,0,서울,강동구,차대사람,기타,기타,안전운전 의무 불이행,단일로,기타단일로,승용차,보행자,967145,1948700,127.1281123,37.53703446
2018,2018-01-22 12,주,월,1,1,0,0,0,서울,강동구,차대사람,기타,기타,안전운전 의무 불이행,단일로,기타단일로,승용차,보행자,966981,1949761,127.1262083,37.54659183
2018,2018-05-30 11,주,수,1,1,0,0,0,서울,송파구,차대차,측면충돌,측면충돌,안전거리 미확보,단일로,기타단일로,건설기계,이륜차,968808,1943785,127.1471442,37.49279102
2018,2018-07-30 04,야,월,1,2,1,0,0,서울,송파구,차대차,측면충돌,측면충돌,신호위반,교차로,교차로내,승용차,원동기장치자전거,967129,1945906,127.1280562,37.51185034
2018,2018-10-29 16,주,월,1,1,0,0,0,서울,성북구,차대사람,차도통행중,차도통행중,과속,기타,기타,승용차,보행자,959003,1955243,127.035589,37.5956821
2018,2018-06-04 09,주,월,1,1,0,0,0,서울,성북구,차대사람,횡단중,횡단중,안전운전 의무 불이행,교차로,교차로내,승합차,보행자,960042,1956595,127.0472846,37.60791371
2018,2018-12-20 15,주,목,1,1,0,0,0,서울,구로구,차대사람,기타,기타,안전운전 의무 불이행,교차로,교차로내,건설기계,보행자,942490,1944647,126.8493711,37.49929601
2018,2018-11-26 01,야,월,1,3,0,1,1,서울,양천구,차대사람,기타,기타,안전운전 의무 불이행,단일로,기타단일로,승용차,보행자,943790,1948794,126.8637603,37.53675334
2018,2018-08-07 04,야,화,1,1,0,0,0,서울,노원구,차대사람,횡단중,횡단중,안전운전 의무 불이행,기타,기타,승용차,보행자,962415,1958597,127.0740665,37.62605828
2018,2018-07-19 02,야,목,1,1,0,0,0,서울,노원구,차대사람,횡단중,횡단중,안전운전 의무 불이행,단일로,기타단일로,승용차,보행자,962250,1958729,127.0721899,37.62724126
2018,2018-07-18 16,주,수,1,1,0,0,0,서울,노원구,차대사람,차도통행중,차도통행중,안전운전 의무 불이행,단일로,기타단일로,승합차,보행자,961472,1957617,127.0634319,37.61718627
2018,2018-04-25 04,야,수,1,1,0,0,0,서울,노원구,차대사람,횡단중,횡단중,안전운전 의무 불이행,교차로,교차로내,승용차,보행자,962790,1963101,127.0780865,37.66666899
2018,2018-07-15 21,야,일,1,1,0,0,0,서울,서초구,차대차,정면충돌,정면충돌,중앙선 침범,단일로,기타단일로,이륜차,승합차,954275,1944096,126.9827272,37.49498875
2018,2018-08-13 16,주,월,1,1,0,0,0,서울,강남구,차대사람,보도통행중,보도통행중,기타(운전자법규위반),단일로,기타단일로,화물차,보행자,962385,1943233,127.0745147,37.48757625
2018,2018-12-08 05,야,토,1,1,0,0,0,서울,강남구,차대차,기타,기타,안전운전 의무 불이행,단일로,기타단일로,자전거,화물차,964678,1943323,127.1004472,37.48847802
2018,2018-10-21 16,주,일,1,1,0,0,0,부산,서구,차대차,측면충돌,측면충돌,안전운전 의무 불이행,교차로,교차로부근,이륜차,승용차,1138525.7,1677036.5,129.0194619,35.07892626
2018,2018-10-11 21,야,목,1,2,1,0,0,부산,남구,차대차,추돌,추돌,안전운전 의무 불이행,교차로,교차로내,승용차,이륜차,1146819,1680788,129.1110636,35.11156754
2018,2018-02-08 21,야,목,1,1,0,0,0,부산,북구,차대사람,기타,기타,안전운전 의무 불이행,단일로,기타단일로,승합차,보행자,1137951,1691523,129.0155794,35.20958736
2018,2018-03-28 14,주,수,1,1,0,0,0,부산,영도구,차대사람,횡단중,횡단중,안전운전 의무 불이행,단일로,기타단일로,건설기계,보행자,1142485,1678958,129.063207,35.09569471
2018,2018-01-06 04,야,토,1,1,0,0,0,부산,해운대구,차대사람,차도통행중,차도통행중,안전운전 의무 불이행,단일로,기타단일로,승합차,보행자,1153274,1687704,129.1831517,35.17294183
2018,2018-01-21 16,주,일,1,1,0,0,0,부산,부산진구,차대차,측면충돌,측면충돌,차로위반(진로변경 위반),단일로,기타단일로,이륜차,승용차,1143490,1687729,129.0757521,35.17461232
2018,2018-12-10 00,야,월,1,1,0,0,0,부산,부산진구,차대차,측면충돌,측면충돌,신호위반,교차로,교차로내,승용차,이륜차,1142030.8,1685064.2,129.0592745,35.15079959
2018,2018-09-26 19,야,수,1,1,0,0,0,부산,부산진구,차대사람,횡단중,횡단중,보행자 보호의무 위반,교차로,교차로횡단보도내,이륜차,보행자,1142734,1687679,129.0674441,35.17426934
2018,2018-03-17 10,주,토,1,2,0,1,0,부산,강서구,차대차,측면충돌,측면충돌,안전운전 의무 불이행,단일로,지하차도(도로)내,특수차,승용차,1127573,1687539,128.9009778,35.17504721
2018,2018-07-10 16,주,화,1,1,0,0,0,부산,강서구,차대차,측면충돌,측면충돌,안전운전 의무 불이행,단일로,기타단일로,원동기장치자전거,특수차,1126373,1685971,128.8875629,35.16106411
2018,2018-07-08 21,야,일,1,1,0,0,0,부산,사상구,차대사람,횡단중,횡단중,안전운전 의무 불이행,단일로,지하차도(도로)내,승용차,보행자,1135082,1687336,128.9833827,35.17223563
2018,2018-09-20 23,야,목,1,1,0,0,0,부산,사상구,차대사람,보도통행중,보도통행중,기타(운전자법규위반),단일로,지하차도(도로)내,승용차,보행자,1133814,1684327,128.9689747,35.14528151
2018,2018-10-13 12,주,토,1,1,0,0,0,부산,사상구,차대차,측면충돌,측면충돌,교차로 통행방법 위반,단일로,지하차도(도로)내,화물차,이륜차,1134813,1689365,128.9807614,35.19056148
2018,2018-11-07 13,주,수,1,1,0,0,0,부산,사상구,차대차,측면충돌,측면충돌,안전운전 의무 불이행,교차로,교차로내,화물차,자전거,1134938.6,1685771.9,128.9815527,35.15815583
2018,2018-05-07 09,주,월,1,5,4,0,0,부산,기장군,차량단독,공작물충돌,공작물충돌,과속,교차로,교차로내,승용차,없음,1155052,1696646,129.204353,35.25326437
2018,2018-09-02 13,주,일,1,3,1,1,0,울산,울주군,차대차,추돌,추돌,안전거리 미확보,단일로,기타단일로,화물차,승용차,1157429,1731096,129.2371221,35.56338086
2018,2018-10-24 15,주,수,1,2,0,1,0,울산,울주군,차대차,추돌,추돌,안전운전 의무 불이행,단일로,기타단일로,화물차,화물차,1151079,1740814,129.1688996,35.65195541
2018,2018-11-19 10,주,월,1,1,0,0,0,경기,수원시,차대사람,기타,기타,안전운전 의무 불이행,단일로,기타단일로,승합차,보행자,955098,1922845,126.9933284,37.30348397
2018,2018-08-09 09,주,목,1,1,0,0,0,경기,수원시,차대사람,횡단중,횡단중,안전운전 의무 불이행,교차로,교차로내,승용차,보행자,955502.5,1922632.1,126.9979054,37.30158443
2018,2018-11-27 10,주,화,1,8,3,4,0,경기,성남시,차대차,추돌,추돌,과속,단일로,기타단일로,건설기계,승용차,964386,1936238,127.0974867,37.42460609
2018,2018-01-26 20,야,금,1,2,0,1,0,경기,평택시,차대사람,횡단중,횡단중,안전운전 의무 불이행,교차로,교차로내,승용차,보행자,964709,1892754,127.1031964,37.03265963
2018,2018-03-15 15,주,목,1,2,0,1,0,경기,평택시,차대차,정면충돌,정면충돌,중앙선 침범,단일로,기타단일로,승용차,승합차,967720,1889757,127.1371792,37.00575239
2018,2018-04-07 15,주,토,1,1,0,0,0,경기,평택시,차대사람,횡단중,횡단중,안전운전 의무 불이행,단일로,기타단일로,화물차,보행자,943515,1887886,126.8652718,36.98774403
2018,2018-02-10 06,주,토,1,1,0,0,0,경기,평택시,차대차,추돌,추돌,안전운전 의무 불이행,단일로,기타단일로,승용차,특수차,950397,1892300,126.9423115,37.02792007
2018,2018-03-27 15,주,화,1,1,0,0,0,경기,평택시,차량단독,공작물충돌,공작물충돌,안전운전 의무 불이행,단일로,기타단일로,화물차,없음,954878,1884268,126.9931703,36.95574499
2018,2018-10-08 22,야,월,1,2,0,1,0,경기,평택시,차대차,측면충돌,측면충돌,신호위반,교차로,교차로내,화물차,승용차,960189,1883385,127.0528705,36.94802505
2018,2018-06-26 15,주,화,1,3,2,0,0,경기,안성시,차대차,정면충돌,정면충돌,중앙선 침범,단일로,기타단일로,승용차,승용차,983089,1884716,127.3100354,36.96071312
2018,2018-11-20 05,야,화,1,1,0,0,0,경기,이천시,차대차,측면충돌,측면충돌,신호위반,교차로,교차로부근,승용차,자전거,997430,1918306,127.4710154,37.26365047
2018,2018-05-02 20,야,수,1,9,2,6,0,경기,광주시,차대차,정면충돌,정면충돌,중앙선 침범,단일로,기타단일로,화물차,승합차,974988,1928825,127.2175608,37.35813463
2018,2018-10-29 05,야,월,1,1,0,0,0,경기,여주시,차대사람,횡단중,횡단중,안전운전 의무 불이행,단일로,기타단일로,승용차,보행자,1015213,1922832,127.6716651,37.30432687
2018,2018-12-15 13,주,토,1,4,1,2,0,경기,용인시,차대차,기타,기타,안전운전 의무 불이행,단일로,기타단일로,화물차,승용차,965854,1915038,127.115054,37.23357048
2018,2018-10-31 00,야,수,1,1,0,0,0,경기,김포시,차량단독,기타,기타,안전운전 의무 불이행,단일로,기타단일로,이륜차,없음,930935,1960001,126.717209,37.63688505
2018,2018-07-26 09,주,목,1,2,0,1,0,경기,김포시,차대차,기타,기타,안전운전 의무 불이행,기타,기타,승용차,화물차,932859,1956983,126.7392913,37.60982744
2018,2018-06-21 07,주,목,1,1,0,0,0,경기,김포시,차대사람,횡단중,횡단중,보행자 보호의무 위반,교차로,교차로내,건설기계,보행자,923021,1960065,126.6275131,37.63683265
2018,2018-09-14 22,야,금,1,1,0,0,0,경기,김포시,차대차,측면충돌,측면충돌,교차로 통행방법 위반,교차로,교차로내,승용차,이륜차,920651,1957181,126.6009674,37.6106393
2018,2018-01-05 23,야,금,1,1,0,0,0,경기,화성시,차대사람,횡단중,횡단중,안전운전 의무 불이행,단일로,기타단일로,승용차,보행자,957436,1911121,127.0203797,37.197917
2018,2018-07-29 13,주,일,1,1,0,0,0,경기,오산시,차대차,기타,기타,안전운전 의무 불이행,단일로,기타단일로,자전거,화물차,961634,1903704,127.068063,37.13124281
2018,2018-08-11 19,야,토,1,2,0,1,0,경기,화성시,차대차,추돌,추돌,안전운전 의무 불이행,단일로,기타단일로,이륜차,승용차,964782,1909183,127.1032454,37.18075421
2018,2018-05-01 07,주,화,1,2,0,0,1,경기,오산시,차대차,기타,기타,안전운전 의무 불이행,교차로,교차로내,자전거,화물차,961694,1906185,127.0686115,37.15360889
2018,2018-02-24 06,주,토,1,3,2,0,0,경기,오산시,차대차,추돌,추돌,안전운전 의무 불이행,단일로,기타단일로,승용차,승합차,961356,1906365,127.0647959,37.15521748
2018,2018-02-20 18,야,화,1,1,0,0,0,경기,부천시,차대사람,횡단중,횡단중,안전운전 의무 불이행,교차로,교차로횡단보도내,승합차,보행자,936863,1944527,126.7857257,37.4978467
2018,2018-03-28 23,야,수,1,1,0,0,0,경기,부천시,차대차,기타,기타,안전운전 의무 불이행,단일로,기타단일로,승용차,승용차,936697,1943570,126.7839302,37.48920991
2018,2018-09-19 19,야,수,1,1,0,0,0,경기,부천시,차대사람,기타,기타,안전운전 의무 불이행,단일로,기타단일로,승용차,보행자,936534,1945664,126.7819058,37.50807186
2018,2018-01-29 21,야,월,1,2,0,1,0,경기,안산시,차량단독,공작물충돌,공작물충돌,안전운전 의무 불이행,단일로,기타단일로,화물차,없음,920610,1915992,126.6049333,37.23941277
2018,2018-04-08 19,야,일,1,1,0,0,0,경기,안산시,차대사람,횡단중,횡단중,안전운전 의무 불이행,단일로,기타단일로,화물차,보행자,937071,1924311,126.7898007,37.3156518
2018,2018-06-15 11,주,금,1,1,0,0,0,경기,성남시,차대사람,횡단중,횡단중,안전운전 의무 불이행,단일로,기타단일로,화물차,보행자,966969,1935865,127.1266961,37.42133981
2018,2018-11-08 04,야,목,1,1,0,0,0,경기,성남시,차량단독,공작물충돌,공작물충돌,안전운전 의무 불이행,단일로,기타단일로,승용차,없음,966261,1931241,127.1189059,37.3796353
2018,2018-10-10 10,주,수,1,2,0,1,0,경기,성남시,차대차,기타,기타,안전거리 미확보,단일로,기타단일로,승용차,승용차,964683,1927973,127.1012381,37.3501199
2018,2018-08-27 03,야,월,1,1,0,0,0,경기,성남시,차대사람,차도통행중,차도통행중,안전운전 의무 불이행,단일로,기타단일로,승합차,보행자,965991,1926961,127.1160528,37.3410469
2018,2018-06-17 13,주,일,1,1,0,0,0,경기,성남시,차대차,기타,기타,교차로 통행방법 위반,교차로,교차로내,승용차,이륜차,968345,1930670,127.1424694,37.374562
2018,2018-06-28 16,주,목,1,1,0,0,0,경기,성남시,차대사람,기타,기타,안전운전 의무 불이행,단일로,기타단일로,승용차,보행자,966232,1930403,127.1186166,37.3720808
2018,2018-01-10 17,주,수,1,1,0,0,0,경기,성남시,차대사람,차도통행중,차도통행중,안전운전 의무 불이행,단일로,기타단일로,승용차,보행자,967103,1933709,127.1283066,37.40191124
2018,2018-08-09 15,주,목,1,2,0,1,0,경기,시흥시,차대차,추돌,추돌,안전운전 의무 불이행,단일로,기타단일로,화물차,화물차,931474,1929670,126.7261441,37.363557
2018,2018-07-13 23,야,금,1,3,0,0,2,경기,시흥시,차대사람,횡단중,횡단중,안전운전 의무 불이행,단일로,기타단일로,승용차,보행자,937126,1935962,126.7894317,37.42066802
2018,2018-10-15 17,주,월,1,2,0,1,0,경기,시흥시,차대차,측면충돌,측면충돌,중앙선 침범,교차로,교차로부근,승용차,승용차,936723,1934329,126.7850174,37.40592217
2018,2018-07-31 21,야,화,1,1,0,0,0,경기,시흥시,차대사람,차도통행중,차도통행중,안전운전 의무 불이행,단일로,기타단일로,승용차,보행자,936397,1937755,126.781039,37.43677864
2018,2018-07-08 20,야,일,1,1,0,0,0,경기,안산시,차대사람,횡단중,횡단중,안전운전 의무 불이행,단일로,기타단일로,승용차,보행자,947979,1923627,126.9129468,37.31016136
2018,2018-08-05 04,야,일,1,1,0,0,0,경기,안산시,차대사람,차도통행중,차도통행중,안전운전 의무 불이행,단일로,기타단일로,승용차,보행자,944180,1921451,126.8702412,37.29032772
2018,2018-02-27 20,야,화,1,1,0,0,0,경기,안산시,차대사람,횡단중,횡단중,보행자 보호의무 위반,교차로,교차로부근,승용차,보행자,943514,1926608,126.8623353,37.33676957
2018,2018-01-29 18,야,월,1,1,0,0,0,경기,안산시,차대차,측면충돌,측면충돌,안전운전 의무 불이행,단일로,기타단일로,승합차,기타,943399,1921826,126.8614019,37.29366054
2018,2018-02-28 19,야,수,1,1,0,0,0,경기,수원시,차대사람,보도통행중,보도통행중,보행자 보호의무 위반,교차로,교차로부근,승합차,보행자,957249,1919188,127.0178097,37.2706224
2018,2018-12-27 14,주,목,1,1,0,0,0,경기,여주시,차량단독,기타,기타,안전운전 의무 불이행,단일로,기타단일로,승용차,없음,1001759,1930441,127.5198668,37.37303657
2018,2018-04-14 20,야,토,1,1,0,0,0,경기,성남시,차대차,측면충돌,측면충돌,안전거리 미확보,단일로,기타단일로,승용차,승용차,964879,1928789,127.1034124,37.3574825
2018,2018-08-09 05,야,목,1,2,0,1,0,경기,화성시,차대차,추돌,추돌,안전운전 의무 불이행,단일로,기타단일로,화물차,특수차,946364,1919395,126.8950281,37.2719245
2018,2018-10-15 01,야,월,1,1,0,0,0,경기,화성시,차량단독,기타,기타,안전운전 의무 불이행,단일로,기타단일로,이륜차,없음,947492,1919612,126.9077351,37.27394476
2018,2018-01-12 16,주,금,1,1,0,0,0,경기,화성시,차량단독,공작물충돌,공작물충돌,안전운전 의무 불이행,교차로,교차로내,화물차,없음,939297,1912924,126.8158502,37.21316453
2018,2018-10-06 06,주,토,1,1,0,0,0,경기,화성시,차량단독,공작물충돌,공작물충돌,안전운전 의무 불이행,단일로,기타단일로,화물차,없음,952792,1911267,126.9680428,37.1990096
2018,2018-07-09 00,야,월,1,1,0,0,0,경기,화성시,차대차,기타,기타,과속,기타,기타,승용차,특수차,946720,1902400,126.9002563,37.11875821
2018,2018-02-09 00,야,금,1,1,0,0,0,경기,화성시,차량단독,공작물충돌,공작물충돌,안전운전 의무 불이행,단일로,기타단일로,이륜차,없음,951814,1913309,126.9568909,37.21736559
2018,2018-04-02 00,야,월,2,2,0,0,0,경기,화성시,차대차,기타,기타,안전운전 의무 불이행,교차로,교차로부근,승용차,특수차,948962,1897613,126.9258178,37.07573399
2018,2018-05-26 06,주,토,1,1,0,0,0,경기,하남시,차대차,측면충돌,측면충돌,신호위반,교차로,교차로내,자전거,화물차,973829,1950315,127.2037102,37.55180524
2018,2018-05-04 13,주,금,1,4,1,2,0,경기,하남시,차대차,기타,기타,안전운전 의무 불이행,단일로,기타단일로,승용차,승용차,974404,1948857,127.2102708,37.53867974