발생년,발생년월일시,주야,요일,사망자수,부상자수,중상자수,경상자수,부상신고자수,발생지시도,발생지시군구,사고유형_대분류,사고유형_중분류,사고유형,가해자법규위반,도로형태_대분류,도로형태,가해자_당사자종별,피해자_당사자종별,발생위치X_UTMK,발생위치Y_UTMK,경도,위도
2018,2018-12-31 14,주,월,1,5,2,2,0,대구,달서구,차대차,정면충돌,정면충돌,중앙선 침범,교차로,교차로부근,승용차,승용차,1089566,1762066,128.4918909,35.85104103
2018,2018-02-01 23,야,목,1,2,0,1,0,대구,달서구,차대사람,횡단중,횡단중,안전운전 의무 불이행,단일로,기타단일로,승용차,보행자,1094381.6,1762377.1,128.5452499,35.85339346
2018,2018-02-13 15,주,화,1,1,0,0,0,대구,북구,차대사람,보도통행중,보도통행중,기타(운전자법규위반),기타,기타,화물차,보행자,1094352,1769949,128.5458193,35.92165403
2018,2018-08-20 04,야,월,1,1,0,0,0,인천,남구,차대사람,기타,기타,안전운전 의무 불이행,기타,기타,화물차,보행자,927610,1939439,126.6815551,37.45131038
2018,2018-12-05 06,주,수,1,1,0,0,0,인천,남동구,차대사람,횡단중,횡단중,과속,단일로,기타단일로,승용차,보행자,931330,1939137,126.7236381,37.44887225
2018,2018-07-04 19,야,수,1,1,0,0,0,인천,서구,차대사람,기타,기타,안전운전 의무 불이행,교차로,교차로부근,화물차,보행자,926436,1944775,126.6677499,37.49930976
2018,2018-09-19 07,주,수,1,2,0,1,0,인천,서구,차대차,기타,기타,안전운전 의무 불이행,교차로,교차로부근,승용차,승용차,926100,1949085,126.6635155,37.53812755
2018,2018-07-21 17,주,토,1,1,0,0,0,인천,서구,차대사람,보도통행중,보도통행중,과속,교차로,교차로횡단보도내,화물차,보행자,927428,1946160,126.6788349,37.51187092
2018,2018-10-01 21,야,월,1,1,0,0,0,인천,서구,차대사람,차도통행중,차도통행중,안전운전 의무 불이행,단일로,기타단일로,승용차,보행자,922794,1951097,126.6258866,37.5559898
2018,2018-12-25 01,야,화,1,1,0,0,0,인천,계양구,차대차,측면충돌,측면충돌,안전운전 의무 불이행,단일로,기타단일로,승용차,화물차,932885,1947483,126.7404558,37.52420803
2018,2018-08-06 05,야,월,1,1,0,0,0,인천,계양구,차대사람,차도통행중,차도통행중,안전운전 의무 불이행,단일로,기타단일로,승용차,보행자,934090,1952907,126.7536045,37.57318051
2018,2018-11-05 13,주,월,1,1,0,0,0,인천,연수구,차대사람,기타,기타,안전운전 의무 불이행,교차로,교차로내,화물차,보행자,927423,1935292,126.679849,37.41391946
2018,2018-10-19 13,주,금,2,3,0,1,0,인천,연수구,차대차,추돌,추돌,안전운전 의무 불이행,교차로,교차로부근,승용차,화물차,923600,1927952,126.6374099,37.34745775
2018,2018-08-12 05,야,일,1,1,0,0,0,인천,연수구,차대사람,횡단중,횡단중,안전운전 의무 불이행,단일로,기타단일로,승합차,보행자,926791,1935603,126.672677,37.4166727
2018,2018-01-13 21,야,토,1,1,0,0,0,인천,남동구,차대차,정면충돌,정면충돌,중앙선 침범,단일로,기타단일로,승용차,원동기장치자전거,931049,1935952,126.7207592,37.42014515
2018,2018-01-04 16,주,목,1,1,0,0,0,경기,고양시,차대차,추돌,추돌,안전거리 미확보,단일로,기타단일로,승용차,화물차,938619,1959365,126.8043476,37.63169859
2018,2018-04-20 00,야,금,1,2,1,0,0,광주,서구,차대사람,횡단중,횡단중,과속,단일로,기타단일로,승용차,보행자,941920.3,1684180.3,126.8623511,35.15118617
2018,2018-04-14 03,야,토,1,4,0,3,0,광주,서구,차대사람,횡단중,횡단중,과속,교차로,교차로부근,승용차,보행자,943044,1683199,126.874755,35.14240239
2018,2018-10-10 05,야,수,1,1,0,0,0,광주,북구,차대사람,횡단중,횡단중,안전운전 의무 불이행,단일로,기타단일로,화물차,보행자,947562.8,1686453.1,126.9241519,35.17198959
2018,2018-08-01 08,주,수,1,1,0,0,0,광주,북구,차대사람,횡단중,횡단중,안전운전 의무 불이행,단일로,기타단일로,특수차,보행자,943025,1690695,126.8740286,35.20999005
2018,2018-07-17 10,주,화,1,1,0,0,0,광주,북구,차량단독,기타,기타,안전운전 의무 불이행,단일로,기타단일로,이륜차,없음,942116,1694364,126.863784,35.24301971
2018,2018-06-28 02,야,목,1,1,0,0,0,광주,북구,차대사람,차도통행중,차도통행중,안전운전 의무 불이행,단일로,기타단일로,승용차,보행자,945072,1689822,126.8965756,35.20223271
2018,2018-09-20 09,주,목,1,1,0,0,0,광주,북구,차대사람,횡단중,횡단중,안전운전 의무 불이행,교차로,교차로내,화물차,보행자,948698,1687352,126.9365619,35.18015336
2018,2018-04-03 20,야,화,1,2,1,0,0,광주,북구,차대사람,횡단중,횡단중,신호위반,교차로,교차로내,이륜차,보행자,946203.8,1684773.3,126.9093381,35.15677145
2018,2018-01-29 14,주,월,1,1,0,0,0,광주,북구,차대사람,횡단중,횡단중,보행자 보호의무 위반,교차로,교차로내,승용차,보행자,946376,1686250,126.9111327,35.17009564
2018,2018-06-23 22,야,토,1,1,0,0,0,광주,광산구,차대사람,횡단중,횡단중,안전운전 의무 불이행,단일로,기타단일로,승용차,보행자,939094,1690746,126.8308383,35.21021891
2018,2018-04-02 14,주,월,1,1,0,0,0,광주,광산구,차대사람,기타,기타,안전운전 의무 불이행,교차로,교차로횡단보도내,화물차,보행자,938999,1687246,126.8300538,35.17865527
2018,2018-01-13 12,주,토,1,1,0,0,0,대전,중구,차대사람,길가장자리구역통행중,길가장자리구역통행중,안전운전 의무 불이행,단일로,기타단일로,승용차,보행자,992618,1813103,127.4177654,36.31524706
2018,2018-10-02 19,야,화,1,1,0,0,0,대전,동구,차대사람,차도통행중,차도통행중,과속,단일로,기타단일로,승용차,보행자,994934,1816824,127.4435411,36.34880848
2018,2018-11-27 10,주,화,1,1,0,0,0,대전,동구,차량단독,기타,기타,안전운전 의무 불이행,교차로,교차로부근,승합차,없음,993962,1817944,127.4326999,36.35890012
2018,2018-09-13 08,주,목,1,1,0,0,0,대전,대덕구,차대사람,횡단중,횡단중,신호위반,교차로,교차로횡단보도내,건설기계,보행자,993432,1826811,127.4267174,36.43883562
2018,2018-01-30 06,주,화,1,1,0,0,0,대전,대덕구,차대사람,횡단중,횡단중,안전운전 의무 불이행,단일로,기타단일로,승용차,보행자,994893,1817242,127.4430815,36.3525767
2018,2018-04-29 11,주,일,1,1,0,0,0,대전,서구,차대차,측면충돌,측면충돌,안전운전 의무 불이행,단일로,기타단일로,승용차,자전거,987641,1818157,127.3622421,36.36075994
2018,2018-01-02 00,야,화,1,1,0,0,0,대전,유성구,차대차,추돌,추돌,안전운전 의무 불이행,기타,기타,승용차,승용차,983608,1812707,127.3174037,36.31156577
2018,2018-08-12 21,야,일,1,1,0,0,0,대전,유성구,차대사람,횡단중,횡단중,과속,단일로,기타단일로,승용차,보행자,981605,1818100,127.2949643,36.36014955
2018,2018-03-14 06,주,수,1,1,0,0,0,대전,유성구,차대사람,횡단중,횡단중,안전운전 의무 불이행,교차로,교차로횡단보도내,승용차,보행자,986611,1820843,127.3507151,36.38496138
2018,2018-02-08 07,주,목,1,1,0,0,0,울산,중구,차대사람,횡단중,횡단중,과속,교차로,교차로내,승용차,보행자,1166869,1730458,129.3411078,35.55608565
2018,2018-03-16 10,주,금,1,1,0,0,0,울산,북구,차대차,측면충돌,측면충돌,안전운전 의무 불이행,단일로,기타단일로,승용차,자전거,1168060,1740009,129.3562293,35.64195607
2018,2018-03-29 19,야,목,1,1,0,0,0,울산,중구,차대사람,횡단중,횡단중,안전운전 의무 불이행,교차로,교차로부근,승용차,보행자,1167517,1729979,129.3481549,35.55165957
2018,2018-06-28 06,주,목,1,3,1,1,0,울산,북구,차대차,정면충돌,정면충돌,중앙선 침범,교차로,교차로내,화물차,승용차,1167833,1736067,129.3529032,35.60647025
2018,2018-09-11 11,주,화,1,2,0,1,0,울산,남구,차대차,추돌,추돌,안전운전 의무 불이행,교차로,교차로부근,화물차,화물차,1168532,1725974,129.3585149,35.51539484
2018,2018-10-03 19,야,수,1,1,0,0,0,울산,북구,차량단독,공작물충돌,공작물충돌,안전운전 의무 불이행,교차로,교차로부근,화물차,없음,1172222,1727036,129.3994127,35.52433157
2018,2018-08-11 14,주,토,1,1,0,0,0,울산,북구,차량단독,기타,기타,안전운전 의무 불이행,단일로,기타단일로,사륜오토바이(ATV),없음,1172304,1741547,129.4034105,35.65508435
2018,2018-04-06 07,주,금,1,1,0,0,0,울산,북구,차량단독,전도,전도,안전운전 의무 불이행,단일로,기타단일로,승용차,없음,1176353,1741137,129.4480264,35.65067463
2018,2018-11-16 07,주,금,1,2,0,1,0,울산,울주군,차대차,추돌,추돌,안전운전 의무 불이행,단일로,기타단일로,건설기계,승용차,1156602,1717294,129.2253374,35.43912025
2018,2018-12-21 05,야,금,1,1,0,0,0,경기,의정부시,차대사람,기타,기타,안전운전 의무 불이행,단일로,기타단일로,화물차,보행자,963438,1970189,127.0850779,37.73058007
2018,2018-06-20 20,야,수,1,1,0,0,0,경기,의정부시,차대사람,차도통행중,차도통행중,안전운전 의무 불이행,단일로,기타단일로,승용차,보행자,959855,1972840,127.0442711,37.75432344
2018,2018-02-27 15,주,화,1,1,0,0,0,경기,의정부시,차대차,측면충돌,측면충돌,안전운전 의무 불이행,교차로,교차로내,승용차,자전거,959150,1972745,127.0362735,37.75343599
2018,2018-05-17 12,주,목,1,1,0,0,0,경기,고양시,차대사람,기타,기타,안전운전 의무 불이행,단일로,기타단일로,승용차,보행자,941017,1959701,126.8314961,37.634884
2018,2018-10-24 22,야,수,1,1,0,0,0,경기,고양시,차대사람,횡단중,횡단중,안전운전 의무 불이행,단일로,기타단일로,승용차,보행자,942896,1968252,126.8521214,37.7120714
2018,2018-09-09 01,야,일,1,1,0,0,0,경기,고양시,차대사람,횡단중,횡단중,안전운전 의무 불이행,단일로,기타단일로,화물차,보행자,947892,1960847,126.9093304,37.64562862
2018,2018-08-20 10,주,월,1,1,0,0,0,경기,고양시,차대차,측면충돌,측면충돌,교차로 통행방법 위반,교차로,교차로내,이륜차,승합차,944888,1957763,126.8755131,37.61765735
2018,2018-01-02 13,주,화,1,1,0,0,0,경기,남양주시,차대사람,횡단중,횡단중,안전운전 의무 불이행,교차로,교차로내,승용차,보행자,980936,1962001,127.2838656,37.65731082
2018,2018-12-21 01,야,금,1,1,0,0,0,경기,남양주시,차대사람,기타,기타,안전운전 의무 불이행,단일로,기타단일로,승용차,보행자,971139,1963482,127.1727367,37.67040367
2018,2018-12-12 18,야,수,1,1,0,0,0,경기,남양주시,차대사람,횡단중,횡단중,안전운전 의무 불이행,단일로,기타단일로,승용차,보행자,972149,1957945,127.1844005,37.62052821
2018,2018-07-26 07,주,목,2,3,0,1,0,경기,남양주시,차대차,기타,기타,중앙선 침범,단일로,기타단일로,이륜차,화물차,967213,1968841,127.1279782,37.71857337
2018,2018-07-15 08,주,일,1,1,0,0,0,경기,남양주시,차대사람,횡단중,횡단중,보행자 보호의무 위반,교차로,교차로내,승용차,보행자,966225,1967678,127.116822,37.70805519
2018,2018-08-10 22,야,금,1,1,0,0,0,경기,파주시,차량단독,공작물충돌,공작물충돌,안전운전 의무 불이행,단일로,기타단일로,승용차,없음,930049,1975319,126.7056958,37.77487124
2018,2018-02-16 11,주,금,1,4,1,1,1,경기,파주시,차대차,추돌,추돌,안전운전 의무 불이행,단일로,기타단일로,승용차,건설기계,934437,1980245,126.7550726,37.81959188
2018,2018-04-02 05,야,월,1,1,0,0,0,경기,파주시,차대사람,횡단중,횡단중,안전운전 의무 불이행,단일로,기타단일로,승용차,보행자,937470,1985569,126.7890706,37.86778702
2018,2018-03-29 09,주,목,1,2,1,0,0,경기,파주시,차량단독,공작물충돌,공작물충돌,안전운전 의무 불이행,단일로,기타단일로,이륜차,없음,935581,1970384,126.7689454,37.73080101
2018,2018-01-09 21,야,화,1,1,0,0,0,경기,양주시,차대사람,기타,기타,안전운전 의무 불이행,단일로,기타단일로,승합차,보행자,955269,1979204,126.9918197,37.8114686
2018,2018-11-16 18,야,금,1,1,0,0,0,경기,양주시,차대차,추돌,추돌,과속,단일로,기타단일로,승용차,농기계,957275,1985469,127.0142385,37.86803003
2018,2018-12-18 03,야,화,1,1,0,0,0,경기,양주시,차량단독,전복,전복,안전운전 의무 불이행,단일로,기타단일로,승용차,없음,951447,1979829,126.9483586,37.81690626
2018,2018-03-15 18,야,목,1,1,0,0,0,경기,동두천시,차대사람,횡단중,횡단중,안전운전 의무 불이행,단일로,기타단일로,화물차,보행자,960483,1991977,127.0503541,37.92683003
2018,2018-08-27 22,야,월,2,4,2,0,0,경기,구리시,차대차,추돌,추돌,과속,단일로,기타단일로,승용차,승합차,969647,1953382,127.1562383,37.57932106
2018,2018-01-21 07,주,일,1,1,0,0,0,경기,포천시,차량단독,기타,기타,안전운전 의무 불이행,단일로,기타단일로,승용차,없음,967036,1976719,127.1256123,37.7895721
2018,2018-03-30 23,야,금,1,1,0,0,0,경기,포천시,차대사람,횡단중,횡단중,안전운전 의무 불이행,단일로,기타단일로,화물차,보행자,970025,1982896,127.1593034,37.84534851
2018,2018-03-29 13,주,목,1,1,0,0,0,경기,가평군,차량단독,전도,전도,안전운전 의무 불이행,단일로,기타단일로,사륜오토바이(ATV),없음,987514,1982770,127.358085,37.84462017
2018,2018-08-09 14,주,목,1,1,0,0,0,경기,고양시,차대사람,횡단중,횡단중,안전운전 의무 불이행,단일로,기타단일로,화물차,보행자,936346,1964861,126.7781093,37.68107775
2018,2018-04-21 11,주,토,1,1,0,0,0,서울,중구,차대사람,차도통행중,차도통행중,안전운전 의무 불이행,단일로,기타단일로,승용차,보행자,956045,1951940,127.0022804,37.56577489
2018,2018-12-24 20,야,월,1,1,0,0,0,서울,종로구,차대사람,차도통행중,차도통행중,안전운전 의무 불이행,단일로,기타단일로,승합차,보행자,953300.5,1952399.8,126.9711752,37.56978405
2018,2018-04-13 21,야,금,1,1,0,0,0,서울,서대문구,차대사람,횡단중,횡단중,안전운전 의무 불이행,단일로,기타단일로,승용차,보행자,951633,1955275,126.9521033,37.5956125
2018,2018-12-31 20,야,월,1,1,0,0,0,서울,용산구,차대사람,기타,기타,안전운전 의무 불이행,단일로,기타단일로,승용차,보행자,951972,1948328,126.9563985,37.53301583
2018,2018-01-03 06,주,수,2,2,0,0,0,서울,용산구,차대사람,보도통행중,보도통행중,안전운전 의무 불이행,단일로,기타단일로,화물차,보행자,952818,1948859,126.9659394,37.53784554
2018,2018-02-09 01,야,금,1,1,0,0,0,서울,용산구,차량단독,전도,전도,안전운전 의무 불이행,단일로,기타단일로,승용차,없음,951107,1948480,126.9465984,37.53434037
2018,2018-11-01 06,주,목,1,1,0,0,0,서울,강북구,차대사람,기타,기타,신호위반,교차로,교차로내,승용차,보행자,956835,1960802,127.0107026,37.64568703
2018,2018-04-01 00,야,일,1,1,0,0,0,서울,동대문구,차대사람,기타,기타,안전운전 의무 불이행,교차로,교차로부근,승용차,보행자,962100,1952641,127.0708053,37.57236236
2018,2018-04-06 12,주,금,1,1,0,0,0,서울,동대문구,차대차,측면충돌,측면충돌,서행 및 일시정지위반,교차로,교차로내,승용차,이륜차,960377,1953845,127.0512288,37.58314179
2018,2018-06-22 23,야,금,1,1,0,0,0,서울,동대문구,차대차,측면충돌,측면충돌,중앙선 침범,단일로,기타단일로,화물차,이륜차,959504,1953394,127.0413664,37.5790388
2018,2018-11-14 12,주,수,1,1,0,0,0,서울,광진구,차대차,측면충돌,측면충돌,안전운전 의무 불이행,단일로,교량위,자전거,승용차,964133,1946935,127.0941063,37.52101353
2018,2018-08-14 00,야,화,1,1,0,0,0,서울,마포구,차량단독,공작물충돌,공작물충돌,안전운전 의무 불이행,기타,기타,이륜차,없음,950925,1950959,126.9443726,37.55667435
2018,2018-01-13 01,야,토,1,3,0,2,0,서울,영등포구,차대사람,기타,기타,과속,교차로,교차로내,승용차,보행자,948903,1947385,126.9217294,37.52435142
2018,2018-11-28 02,야,수,1,1,0,0,0,서울,금천구,차량단독,전복,전복,안전운전 의무 불이행,교차로,교차로내,승용차,없음,945561,1940798,126.8843971,37.46479055
2018,2018-06-05 23,야,화,1,2,0,1,0,서울,동작구,차대사람,횡단중,횡단중,안전운전 의무 불이행,단일로,기타단일로,승합차,보행자,954058,1944863,126.9802245,37.50189118
2018,2018-05-03 17,주,목,1,1,0,0,0,서울,동작구,차대사람,횡단중,횡단중,안전운전 의무 불이행,단일로,기타단일로,승합차,보행자,952743,1945157,126.9653286,37.50447468
2018,2018-03-08 21,야,목,1,1,0,0,0,서울,중랑구,차대사람,차도통행중,차도통행중,안전운전 의무 불이행,단일로,기타단일로,화물차,보행자,962590,1955259,127.0762204,37.59597919
2018,2018-03-07 20,야,수,1,1,0,0,0,서울,관악구,차대사람,횡단중,횡단중,보행자 보호의무 위반,교차로,교차로횡단보도내,승합차,보행자,948172,1942190,126.9138232,37.47748709
2018,2018-01-20 18,야,토,1,1,0,0,0,서울,관악구,차대사람,보도통행중,보도통행중,안전운전 의무 불이행,단일로,기타단일로,승용차,보행자,951350,1942723,126.9497297,37.48246402
2018,2018-07-02 01,야,월,1,1,0,0,0,서울,강남구,차대차,기타,기타,안전운전 의무 불이행,기타,기타,화물차,승용차,960483,1947734,127.0527586,37.52806603
2018,2018-04-06 01,야,금,1,1,0,0,0,서울,강남구,차대사람,횡단중,횡단중,안전운전 의무 불이행,교차로,교차로부근,승용차,보행자,958084,1946742,127.0256649,37.51901888
2018,2018-03-18 07,주,일,1,3,1,1,0,서울,강남구,차대차,정면충돌,정면충돌,신호위반,교차로,교차로내,이륜차,승합차,960629,1947422,127.0544277,37.52526011
2018,2018-12-04 07,주,화,1,1,0,0,0,서울,강서구,차대사람,횡단중,횡단중,안전운전 의무 불이행,교차로,교차로내,특수차,보행자,942636,1950482,126.850567,37.55189622
2018,2018-08-21 16,주,화,1,3,1,1,0,서울,강서구,차대차,측면충돌,측면충돌,신호위반,교차로,교차로내,이륜차,승합차,940552,1951382,126.826902,37.55987576
2018,2018-06-28 23,야,목,1,3,2,0,0,서울,강서구,차대차,기타,기타,신호위반,교차로,교차로내,이륜차,승용차,942095,1951147,126.84439,37.55785602
2018,2018-01-06 23,야,토,1,2,1,0,0,서울,강서구,차대차,추돌,추돌,안전운전 의무 불이행,기타,기타,승용차,승용차,941451,1953365,126.8369218,37.57780605
2018,2018-07-07 10,주,토,1,1,0,0,0,서울,강동구,차대차,정면충돌,정면충돌,안전운전 의무 불이행,교차로,교차로부근,승용차,자전거,969325,1948908,127.1527787,37.53898438
2018,2018-01-22 06,주,월,1,9,4,4,0,서울,송파구,차대차,측면충돌,측면충돌,신호위반,교차로,교차로내,승용차,승합차,962028,1945772,127.0703454,37.51044669
2018,2018-06-01 02,야,금,1,1,0,0,0,서울,송파구,차대차,추돌,추돌,안전거리 미확보,단일로,기타단일로,원동기장치자전거,승용차,965644,1944213,127.1113326,37.49653646
2018,2018-01-08 23,야,월,1,1,0,0,0,서울,송파구,차대사람,기타,기타,안전운전 의무 불이행,단일로,기타단일로,승용차,보행자,966474,1947980,127.1205502,37.53052064
2018,2018-11-22 22,야,목,1,1,0,0,0,서울,구로구,차대사람,기타,기타,안전운전 의무 불이행,단일로,기타단일로,승용차,보행자,945212,1944126,126.8802031,37.49476575
2018,2018-12-06 06,주,목,1,1,0,0,0,서울,구로구,차대사람,기타,기타,신호위반,교차로,교차로횡단보도내,건설기계,보행자,941276,1943489,126.83573,37.48878243
2018,2018-09-21 04,야,금,1,1,0,0,0,서울,서초구,차대사람,횡단중,횡단중,과속,단일로,기타단일로,승용차,보행자,956540,1942240,127.0084592,37.47836938
2018,2018-08-09 06,주,목,1,2,0,1,0,서울,서초구,차대차,추돌,추돌,안전운전 의무 불이행,단일로,기타단일로,화물차,화물차,957238,1946498,127.0161058,37.51678079
2018,2018-04-05 22,야,목,1,1,0,0,0,서울,서초구,차대사람,횡단중,횡단중,안전운전 의무 불이행,단일로,기타단일로,화물차,보행자,956408,1944087,127.0068569,37.49501082
2018,2018-05-08 19,야,화,1,1,0,0,0,서울,서초구,차대차,측면충돌,측면충돌,신호위반,교차로,교차로내,이륜차,승합차,956987,1945601,127.0133181,37.50868417
2018,2018-09-12 00,야,수,1,1,0,0,0,서울,양천구,차량단독,기타,기타,안전운전 의무 불이행,단일로,기타단일로,이륜차,없음,941362,1947647,126.8363711,37.52626416
2018,2018-11-20 15,주,화,1,1,0,0,0,서울,양천구,차대사람,횡단중,횡단중,보행자 보호의무 위반,교차로,교차로횡단보도내,건설기계,보행자,942056,1946964,126.8442787,37.52015212
2018,2018-03-26 05,야,월,1,1,0,0,0,서울,양천구,차대사람,횡단중,횡단중,안전운전 의무 불이행,단일로,기타단일로,승용차,보행자,942712,1947237,126.8516806,37.52265367
2018,2018-12-25 05,야,화,1,1,0,0,0,서울,양천구,차대사람,차도통행중,차도통행중,안전운전 의무 불이행,단일로,기타단일로,건설기계,보행자,941006,1947532,126.8323516,37.52520495
2018,2018-01-22 11,주,월,1,2,0,1,0,서울,노원구,차대차,측면충돌,측면충돌,교차로 통행방법 위반,교차로,교차로내,건설기계,승용차,960903,1958935,127.0569141,37.62904165
2018,2018-10-11 16,주,목,1,1,0,0,0,서울,도봉구,차대사람,기타,기타,안전운전 의무 불이행,교차로,교차로횡단보도내,승합차,보행자,959379,1961975,127.039474,37.65637552
2018,2018-12-30 10,주,일,1,1,0,0,0,서울,서초구,차량단독,공작물충돌,공작물충돌,안전운전 의무 불이행,단일로,기타단일로,이륜차,없음,954140,1945112,126.9811367,37.50413956
2018,2018-02-27 22,야,화,1,1,0,0,0,서울,서초구,차대사람,기타,기타,안전운전 의무 불이행,단일로,기타단일로,승용차,보행자,954153,1942263,126.9814613,37.47846129
2018,2018-04-06 03,야,금,1,1,0,0,0,부산,중구,차량단독,공작물충돌,공작물충돌,안전운전 의무 불이행,교차로,교차로부근,승용차,없음,1140146,1680698.7,129.0378488,35.11171353
2018,2018-09-11 03,야,화,1,1,0,0,0,부산,중구,차대사람,횡단중,횡단중,보행자 보호의무 위반,단일로,기타단일로,화물차,보행자,1138890,1679423,129.0238567,35.1003883
2018,2018-08-25 05,야,토,1,1,0,0,0,부산,남구,차대사람,횡단중,횡단중,보행자 보호의무 위반,단일로,기타단일로,승용차,보행자,1146917,1681986,129.1123514,35.12235164
2018,2018-02-02 05,야,금,1,1,0,0,0,부산,북구,차대사람,횡단중,횡단중,신호위반,교차로,교차로내,승용차,보행자,1137243,1690055,129.0075588,35.1964519
2018,2018-05-12 08,주,토,1,1,0,0,0,부산,북구,차대사람,횡단중,횡단중,신호위반,단일로,기타단일로,화물차,보행자,1137281,1692710,129.0084188,35.22037887
2018,2018-11-02 11,주,금,1,1,0,0,0,부산,해운대구,차대사람,차도통행중,차도통행중,부당한 회전,단일로,기타단일로,화물차,보행자,1148745,1690621,129.1339619,35.19991496
2018,2018-05-27 12,주,일,1,4,1,2,0,부산,해운대구,차대차,측면충돌,측면충돌,안전운전 의무 불이행,교차로,교차로내,승용차,승용차,1147238,1691044,129.117489,35.20394991
2018,2018-03-30 23,야,금,1,1,0,0,0,부산,해운대구,차대사람,횡단중,횡단중,안전운전 의무 불이행,단일로,기타단일로,승용차,보행자,1150105,1686355,129.1481194,35.16126118
2018,2018-01-11 05,야,목,1,1,0,0,0,부산,사상구,차량단독,기타,기타,안전운전 의무 불이행,단일로,터널안,이륜차,없음,1137330,1688555.8,129.0082644,35.18292617
2018,2018-12-01 15,주,토,1,1,0,0,0,부산,부산진구,차대사람,횡단중,횡단중,과속,교차로,교차로내,승용차,보행자,1140093.1,1687169.2,129.0383657,35.17004581
2018,2018-03-08 06,주,목,1,1,0,0,0,부산,연제구,차대사람,차도통행중,차도통행중,안전운전 의무 불이행,단일로,기타단일로,승용차,보행자,1143957,1689244,129.0811433,35.1882013
2018,2018-05-22 02,야,화,1,2,1,0,0,부산,강서구,차량단독,공작물충돌,공작물충돌,안전운전 의무 불이행,단일로,기타단일로,승용차,없음,1127311,1683030,128.897406,35.13443398
2018,2018-09-05 15,주,수,1,1,0,0,0,부산,강서구,차대차,측면충돌,측면충돌,안전운전 의무 불이행,교차로,교차로내,화물차,원동기장치자전거,1131666,1691724,128.9465823,35.21224379
2018,2018-02-22 18,야,목,1,6,1,4,0,부산,사상구,차대차,추돌,추돌,안전운전 의무 불이행,교차로,교차로부근,이륜차,화물차,1136104.4,1684881.2,128.9942019,35.14996976
2018,2018-09-13 20,야,목,1,1,0,0,0,부산,사상구,차대사람,기타,기타,보행자 보호의무 위반,교차로,교차로내,승용차,보행자,1135066,1685389,128.9828884,35.15468719
2018,2018-07-09 09,주,월,1,2,1,0,0,경남,김해시,차대차,기타,기타,안전운전 의무 불이행,단일로,기타단일로,승용차,화물차,1139440,1700874,129.0335198,35.29366984
2018,2018-10-14 01,야,일,1,1,0,0,0,경기,평택시,차량단독,공작물충돌,공작물충돌,안전운전 의무 불이행,교차로,교차로내,이륜차,없음,961422,1902784,127.0657237,37.12294123
2018,2018-10-16 15,주,화,1,1,0,0,0,경기,안성시,차대사람,차도통행중,차도통행중,안전운전 의무 불이행,교차로,교차로부근,승합차,보행자,968793,1888872,127.1492759,36.99781103
2018,2018-08-11 04,야,토,1,2,0,1,0,경기,안성시,차대차,기타,기타,중앙선 침범,단일로,기타단일로,화물차,승용차,978863,1884998,127.2625564,36.96316975
2018,2018-07-06 12,주,금,1,1,0,0,0,경기,안성시,차대사람,기타,기타,안전운전 의무 불이행,단일로,기타단일로,승용차,보행자,978607,1904104,127.259137,37.13539071
2018,2018-02-08 17,주,목,1,1,0,0,0,경기,안양시,차대차,측면충돌,측면충돌,부당한 회전,교차로,교차로횡단보도내,자전거,승합차,951705,1932941,126.9543854,37.39431405
2018,2018-08-31 23,야,금,1,1,0,0,0,경기,이천시,차대사람,차도통행중,차도통행중,안전운전 의무 불이행,교차로,교차로부근,승합차,보행자,998651,1926105,127.4847718,37.33395303
2018,2018-01-27 06,주,토,1,2,0,1,0,경기,이천시,차대차,정면충돌,정면충돌,신호위반,교차로,교차로내,승용차,승용차,991900,1922300,127.4086044,37.29962065
2018,2018-06-07 20,야,목,1,2,1,0,0,경기,여주시,차대사람,길가장자리구역통행중,길가장자리구역통행중,안전운전 의무 불이행,교차로,교차로부근,승용차,보행자,1015224,1922833,127.6717892,37.3043357
2018,2018-09-09 04,야,일,1,1,0,0,0,경기,용인시,차대사람,차도통행중,차도통행중,안전운전 의무 불이행,단일로,기타단일로,화물차,보행자,977088,1924229,127.2414162,37.31676134
2018,2018-07-03 04,야,화,1,1,0,0,0,경기,용인시,차대사람,횡단중,횡단중,안전운전 의무 불이행,단일로,교량위,화물차,보행자,977031,1923742,127.2407879,37.31237018
2018,2018-07-10 17,주,화,1,1,0,0,0,경기,용인시,차량단독,도로이탈,도로이탈 추락,안전운전 의무 불이행,단일로,기타단일로,이륜차,없음,989097,1905846,127.3772178,37.15127457
2018,2018-02-03 14,주,토,1,1,0,0,0,경기,용인시,차대차,측면충돌,측면충돌,중앙선 침범,단일로,기타단일로,건설기계,원동기장치자전거,962272,1918828,127.0744811,37.26759464