발생년,발생년월일시,주야,요일,사망자수,부상자수,중상자수,경상자수,부상신고자수,발생지시도,발생지시군구,사고유형_대분류,사고유형_중분류,사고유형,가해자법규위반,도로형태_대분류,도로형태,가해자_당사자종별,피해자_당사자종별,발생위치X_UTMK,발생위치Y_UTMK,경도,위도
2018,2018-06-19 23,야,화,1,2,1,0,0,충남,천안시,차대차,기타,기타,안전운전 의무 불이행,교차로,교차로내,화물차,승합차,992132,1862682,127.4118455,36.76220383
2018,2018-12-22 16,주,토,1,3,2,0,0,충남,논산시,차대차,기타,기타,안전운전 의무 불이행,단일로,기타단일로,승합차,승용차,970996,1795946,127.1775369,36.16016077
2018,2018-09-13 00,야,목,1,2,1,0,0,대전,동구,차대사람,기타,기타,안전운전 의무 불이행,기타,기타,화물차,보행자,997674,1816535,127.4740784,36.34621355
2018,2018-10-27 15,주,토,1,1,0,0,0,충북,영동군,차대차,추돌,추돌,안전운전 의무 불이행,단일로,기타단일로,화물차,승용차,1035002,1802294,127.8894301,36.21719271
2018,2018-05-21 22,야,월,1,2,0,1,0,대전,동구,차대차,추돌,추돌,안전운전 의무 불이행,기타,기타,화물차,승용차,1001039,1816994,127.5115795,36.35035387
2018,2018-03-15 00,야,목,1,1,0,0,0,충남,금산군,차대차,기타,기타,안전운전 의무 불이행,단일로,기타단일로,승용차,화물차,998797,1797765,127.4866223,36.17699374
2018,2018-04-30 04,야,월,1,2,0,1,0,전북,전주시,차대차,측면충돌,측면충돌,신호위반,교차로,교차로내,승용차,화물차,965948,1758823.2,127.1230108,35.82530628
2018,2018-08-08 23,야,수,1,3,1,1,0,전북,군산시,차대차,측면충돌,측면충돌,중앙선 침범,교차로,교차로부근,승용차,특수차,918784,1774333,126.5993173,35.96235537
2018,2018-10-07 13,주,일,1,1,0,0,0,전북,군산시,차대차,측면충돌,측면충돌,신호위반,교차로,교차로내,승용차,이륜차,928394.5,1776107.8,126.7057273,35.97910796
2018,2018-06-25 22,야,월,1,1,0,0,0,전북,군산시,차대사람,횡단중,횡단중,안전운전 의무 불이행,단일로,기타단일로,화물차,보행자,926829.8,1774657.4,126.6885065,35.96591635
2018,2018-01-25 18,야,목,1,1,0,0,0,전북,군산시,차대사람,차도통행중,차도통행중,안전운전 의무 불이행,단일로,기타단일로,승용차,보행자,931162.3,1774539.6,126.7365624,35.96516965
2018,2018-03-18 03,야,일,1,1,0,0,0,전북,군산시,차대차,정면충돌,정면충돌,중앙선 침범,단일로,지하차도(도로)내,자전거,승용차,928828.3,1772101.8,126.7108982,35.94302505
2018,2018-08-16 12,주,목,1,1,0,0,0,전북,익산시,차량단독,전복,전복,안전운전 의무 불이행,단일로,기타단일로,사륜오토바이(ATV),없음,948124,1781766,126.9241911,36.03136846
2018,2018-10-31 18,야,수,1,1,0,0,0,전북,익산시,차대차,추돌,추돌,안전운전 의무 불이행,단일로,기타단일로,이륜차,농기계,960274,1775877,127.059344,35.97884692
2018,2018-07-20 08,주,금,1,1,0,0,0,전북,익산시,차대차,측면충돌,측면충돌,안전운전 의무 불이행,단일로,기타단일로,화물차,자전거,949642,1771281,126.941706,35.93692026
2018,2018-11-21 09,주,수,1,1,0,0,0,전북,익산시,차량단독,기타,기타,안전운전 의무 불이행,교차로,교차로부근,원동기장치자전거,없음,949124,1778390,126.9355074,36.00098498
2018,2018-05-12 07,주,토,1,1,0,0,0,전북,익산시,차대사람,횡단중,횡단중,안전운전 의무 불이행,단일로,기타단일로,승용차,보행자,952996,1770475,126.9789364,35.9298208
2018,2018-04-17 13,주,화,1,1,0,0,0,전북,익산시,차량단독,공작물충돌,공작물충돌,안전운전 의무 불이행,단일로,기타단일로,화물차,없음,951651.9,1785430.8,126.9631239,36.06459001
2018,2018-01-18 13,주,목,1,2,0,1,0,전북,정읍시,차대차,정면충돌,정면충돌,중앙선 침범,교차로,교차로부근,화물차,승합차,939691,1741090,126.8336674,35.66416559
2018,2018-05-10 08,주,목,1,1,0,0,0,전북,정읍시,차대차,측면충돌,측면충돌,부당한 회전,단일로,기타단일로,자전거,승용차,942407.3,1730090.9,126.8644621,35.5651604
2018,2018-05-14 16,주,월,1,1,0,0,0,전북,김제시,차대차,추돌,추돌,안전운전 의무 불이행,단일로,기타단일로,승용차,이륜차,943033.6,1753782,126.8696959,35.77879302
2018,2018-09-20 14,주,목,1,1,0,0,0,전북,김제시,차량단독,공작물충돌,공작물충돌,안전운전 의무 불이행,단일로,기타단일로,이륜차,없음,943618,1755965,126.8760078,35.79850807
2018,2018-08-11 05,야,토,1,1,0,0,0,전북,김제시,차대차,추돌,추돌,안전운전 의무 불이행,단일로,기타단일로,승용차,자전거,954426,1748600,126.9960367,35.7326669
2018,2018-08-24 14,주,금,1,1,0,0,0,전북,김제시,차대차,측면충돌,측면충돌,신호위반,교차로,교차로내,개인형이동수단(PM),화물차,947282,1759031,126.9163539,35.82635399
2018,2018-10-21 16,주,일,1,1,0,0,0,전북,김제시,차대사람,기타,기타,안전운전 의무 불이행,단일로,기타단일로,화물차,보행자,955085,1755203,127.0029536,35.79222959
2018,2018-10-19 16,주,금,1,1,0,0,0,전북,남원시,차대사람,기타,기타,안전운전 의무 불이행,기타,기타,승용차,보행자,988878.9,1712308.2,127.3775185,35.40643191
2018,2018-10-09 12,주,화,1,1,0,0,0,전북,남원시,차대사람,횡단중,횡단중,안전운전 의무 불이행,교차로,교차로부근,화물차,보행자,989660.8,1712596,127.3861262,35.40903538
2018,2018-08-04 10,주,토,1,5,0,4,0,전북,남원시,차대차,정면충돌,정면충돌,중앙선 침범,단일로,기타단일로,승용차,승용차,1010490,1715087,127.6155667,35.43149464
2018,2018-07-19 11,주,목,1,1,0,0,0,전북,남원시,차대차,측면충돌,측면충돌,신호위반,교차로,교차로내,자전거,승용차,988795,1712728,127.3765887,35.41021623
2018,2018-12-19 17,주,수,2,2,0,0,0,전북,고창군,차대차,추돌,추돌,안전운전 의무 불이행,교차로,교차로내,승합차,화물차,918734.3,1716624,126.6046026,35.44208842
2018,2018-06-14 12,주,목,1,1,0,0,0,전북,부안군,차대사람,횡단중,횡단중,과속,단일로,기타단일로,화물차,보행자,929042,1746711,126.7155235,35.71413359
2018,2018-10-19 18,야,금,1,2,1,0,0,전북,부안군,차대차,추돌,추돌,안전운전 의무 불이행,단일로,기타단일로,화물차,농기계,933366.6,1746153.9,126.7633767,35.70941313
2018,2018-11-29 05,야,목,1,1,0,0,0,전북,순창군,차량단독,공작물충돌,공작물충돌,안전운전 의무 불이행,교차로,교차로부근,화물차,없음,972134.6,1710913.1,127.1931555,35.39352493
2018,2018-05-06 06,주,일,1,1,0,0,0,전북,순창군,차량단독,도로이탈,도로이탈 기타,안전운전 의무 불이행,단일로,기타단일로,승용차,없음,961512.1,1706480.3,127.0763954,35.35320226
2018,2018-03-08 09,주,목,1,1,0,0,0,전북,무주군,차량단독,도로이탈,도로이탈 추락,안전운전 의무 불이행,단일로,지하차도(도로)내,농기계,없음,1015214.8,1771302.7,127.6686826,35.93829566
2018,2018-01-27 06,주,토,1,6,2,3,0,전북,무주군,차대차,추돌,추돌,과속,단일로,기타단일로,화물차,화물차,1013258,1763079,127.6468511,35.86417878
2018,2018-06-08 07,주,금,1,1,0,0,0,충남,당진시,차량단독,전도,전도,안전운전 의무 불이행,기타,기타,특수차,없음,936790,1882341,126.7901714,36.93733446
2018,2018-07-21 04,야,토,1,2,1,0,0,전남,목포시,차대차,기타,기타,부당한 회전,교차로,교차로횡단보도내,자전거,이륜차,897493,1645746,126.3793857,34.8011242
2018,2018-08-18 08,주,토,1,1,0,0,0,전남,신안군,차대사람,기타,기타,안전운전 의무 불이행,단일로,기타단일로,승용차,보행자,876646,1652749,126.1505062,34.86194598
2018,2018-03-17 11,주,토,1,1,0,0,0,전남,목포시,차대사람,기타,기타,안전운전 의무 불이행,교차로,교차로내,화물차,보행자,901056,1646864,126.4181987,34.81155662
2018,2018-05-22 11,주,화,1,1,0,0,0,전남,신안군,차량단독,도로이탈,도로이탈 추락,안전운전 의무 불이행,단일로,기타단일로,농기계,없음,884301,1672307,126.2315196,35.03916772
2018,2018-08-23 10,주,목,1,3,0,2,0,전남,여수시,차대차,추돌,추돌,안전운전 의무 불이행,교차로,교차로내,승용차,승용차,1014179,1641694,127.6549504,34.76964527
2018,2018-12-13 17,주,목,1,1,0,0,0,전남,여수시,차대사람,횡단중,횡단중,안전운전 의무 불이행,단일로,기타단일로,화물차,보행자,1014658,1643520.7,127.6602168,34.7861112
2018,2018-04-11 22,야,수,1,1,0,0,0,전남,여수시,차대사람,횡단중,횡단중,신호위반,단일로,기타단일로,승용차,보행자,1014154.7,1642026.7,127.6546905,34.77264581
2018,2018-04-28 21,야,토,1,1,0,0,0,전남,여수시,차대차,측면충돌,측면충돌,신호위반,교차로,교차로내,원동기장치자전거,승용차,1016858,1638887,127.6841706,34.74429165
2018,2018-01-23 10,주,화,1,9,2,6,0,전남,여수시,차대차,측면충돌,측면충돌,중앙선 침범,단일로,기타단일로,승용차,승합차,1020169,1640240.5,127.7203749,34.7564371
2018,2018-12-23 04,야,일,1,1,0,0,0,전남,순천시,차대사람,기타,기타,과속,단일로,기타단일로,승용차,보행자,998938,1660615,127.4883703,34.94036641
2018,2018-05-03 05,야,목,1,2,0,1,0,전남,순천시,차대차,기타,기타,중앙선 침범,단일로,기타단일로,승용차,승용차,1000188,1661477,127.5020589,34.94814005
2018,2018-08-10 05,야,금,1,1,0,0,0,전남,순천시,차대사람,횡단중,횡단중,안전운전 의무 불이행,교차로,교차로횡단보도내,승용차,보행자,999283,1661561,127.4921475,34.94889729
2018,2018-11-05 19,야,월,1,1,0,0,0,전남,나주시,차대사람,길가장자리구역통행중,길가장자리구역통행중,안전운전 의무 불이행,단일로,기타단일로,화물차,보행자,937216.2,1671140.9,126.8116973,35.03333166
2018,2018-08-04 15,주,토,1,1,0,0,0,전남,나주시,차대차,측면충돌,측면충돌,안전운전 의무 불이행,단일로,기타단일로,화물차,이륜차,929615.6,1670311.1,126.7284481,35.02534847
2018,2018-03-02 19,야,금,1,2,0,1,0,전남,나주시,차대사람,기타,기타,안전운전 의무 불이행,단일로,기타단일로,승용차,보행자,937534,1671927.1,126.815122,35.04044034
2018,2018-01-26 19,야,금,1,1,0,0,0,전남,나주시,차대사람,횡단중,횡단중,보행자 보호의무 위반,교차로,교차로횡단보도내,승합차,보행자,928272,1667159,126.7139928,34.9968328
2018,2018-01-26 18,야,금,1,1,0,0,0,전남,장흥군,차량단독,공작물충돌,공작물충돌,안전운전 의무 불이행,단일로,기타단일로,승용차,없음,950537.9,1629536.3,126.9601927,34.65891242
2018,2018-09-17 09,주,월,1,2,0,1,0,전남,고흥군,차량단독,기타,기타,안전운전 의무 불이행,단일로,기타단일로,사륜오토바이(ATV),없음,1000830,1606693,127.5090361,34.4541039
2018,2018-09-06 07,주,목,1,1,0,0,0,전남,해남군,차대차,측면충돌,측면충돌,과속,단일로,기타단일로,승합차,사륜오토바이(ATV),921146,1604352,126.6417829,34.42998108
2018,2018-11-09 11,주,금,1,1,0,0,0,전남,해남군,차대차,정면충돌,정면충돌,안전운전 의무 불이행,교차로,교차로내,화물차,자전거,910759,1597868,126.5294236,34.37066914
2018,2018-03-17 09,주,토,1,1,0,0,0,전남,영광군,차대사람,횡단중,횡단중,안전운전 의무 불이행,단일로,기타단일로,승합차,보행자,909193,1698292,126.5015256,35.27599036
2018,2018-04-17 19,야,화,1,3,0,2,0,전남,영광군,차대차,추돌,추돌,과속,단일로,기타단일로,승용차,농기계,905485,1706605,126.4598007,35.35059275
2018,2018-02-26 13,주,월,1,2,1,0,0,전남,함평군,차량단독,도로이탈,도로이탈 추락,안전운전 의무 불이행,단일로,교량위,승용차,없음,910645.3,1669606.6,126.5205961,35.01749647
2018,2018-06-20 09,주,수,1,1,0,0,0,전남,영암군,차대사람,차도통행중,차도통행중,안전운전 의무 불이행,단일로,교량위,화물차,보행자,926693,1647091,126.6984517,34.81577252
2018,2018-01-28 18,야,일,1,1,0,0,0,전남,영암군,차량단독,도로이탈,도로이탈 추락,안전운전 의무 불이행,단일로,기타단일로,원동기장치자전거,없음,929740,1647134,126.7317617,34.81637515
2018,2018-12-29 19,야,토,1,1,0,0,0,전남,영암군,차대차,기타,기타,신호위반,교차로,교차로내,승합차,원동기장치자전거,925505,1645225,126.6856287,34.79886089
2018,2018-05-02 13,주,수,1,1,0,0,0,전남,장성군,차량단독,기타,기타,안전운전 의무 불이행,단일로,기타단일로,사륜오토바이(ATV),없음,928765,1698703,126.7166748,35.28128073
2018,2018-09-06 05,야,목,1,1,0,0,0,전남,강진군,차대사람,횡단중,횡단중,안전운전 의무 불이행,단일로,기타단일로,승용차,보행자,928119,1638023,126.7148175,34.73410875
2018,2018-06-01 14,주,금,1,1,0,0,0,전남,담양군,차대차,기타,기타,안전운전 의무 불이행,단일로,기타단일로,승용차,자전거,949334,1701118,126.9426981,35.3043089
2018,2018-12-22 18,야,토,1,1,0,0,0,전남,곡성군,차대사람,길가장자리구역통행중,길가장자리구역통행중,안전운전 의무 불이행,단일로,기타단일로,화물차,보행자,981886.6,1699826.7,127.3007861,35.29378528
2018,2018-12-07 18,야,금,1,1,0,0,0,전남,완도군,차대사람,차도통행중,차도통행중,안전운전 의무 불이행,단일로,기타단일로,승용차,보행자,929207,1593611,126.7303951,34.33370786
2018,2018-11-24 23,야,토,1,1,0,0,0,전남,완도군,차량단독,공작물충돌,공작물충돌,안전운전 의무 불이행,단일로,기타단일로,이륜차,없음,957166,1595352.7,127.0342444,34.35094775
2018,2018-08-25 21,야,토,1,4,1,2,0,전남,완도군,차대차,정면충돌,정면충돌,중앙선 침범,단일로,기타단일로,승용차,승용차,923999.2,1599214.3,126.673289,34.38386646
2018,2018-09-20 19,야,목,1,1,0,0,0,전남,완도군,차량단독,전도,전도,안전운전 의무 불이행,단일로,기타단일로,원동기장치자전거,없음,944026.2,1575300.1,126.8926761,34.16948594
2018,2018-02-13 09,주,화,1,1,0,0,0,전남,완도군,차대사람,횡단중,횡단중,안전운전 의무 불이행,단일로,기타단일로,화물차,보행자,914597,1576219.1,126.5733048,34.17577769
2018,2018-07-14 10,주,토,1,1,0,0,0,전남,완도군,차량단독,전도,전도,안전운전 의무 불이행,단일로,기타단일로,화물차,없음,926480.2,1590533.9,126.701017,34.30577001
2018,2018-07-01 10,주,일,1,1,0,0,0,전남,무안군,차량단독,도로이탈,도로이탈 기타,안전운전 의무 불이행,단일로,기타단일로,화물차,없음,902010.2,1663907.9,126.4266331,34.96531712
2018,2018-10-31 23,야,수,1,1,0,0,0,전남,무안군,차량단독,공작물충돌,공작물충돌,안전운전 의무 불이행,교차로,교차로부근,승용차,없음,908459.8,1665577.4,126.4970877,34.98097331
2018,2018-08-21 19,야,화,1,1,0,0,0,전남,광양시,차량단독,기타,기타,안전운전 의무 불이행,단일로,기타단일로,화물차,없음,1018354,1664904,127.7010843,34.97887653
2018,2018-10-23 20,야,화,1,1,0,0,0,전남,광양시,차량단독,기타,기타,안전운전 의무 불이행,단일로,기타단일로,이륜차,없음,1024276,1660717.4,127.7658425,34.94099949
2018,2018-12-27 18,야,목,1,1,0,0,0,전남,광양시,차대사람,기타,기타,안전운전 의무 불이행,단일로,기타단일로,승용차,보행자,1005712,1665799,127.5625863,34.98709753
2018,2018-02-19 16,주,월,1,1,0,0,0,전남,구례군,차량단독,기타,기타,안전운전 의무 불이행,단일로,기타단일로,사륜오토바이(ATV),없음,991547,1696783,127.4070638,35.26646853
2018,2018-04-20 15,주,금,1,1,0,0,0,전남,구례군,차량단독,전복,전복,안전운전 의무 불이행,기타,기타,이륜차,없음,994514,1702641,127.4396451,35.31931077
2018,2018-11-12 06,주,월,1,2,0,0,1,전남,순천시,차대차,기타,기타,안전운전 의무 불이행,단일로,기타단일로,승용차,화물차,993859,1653225,127.4328057,34.87370848
2018,2018-04-09 13,주,월,1,1,0,0,0,경북,경주시,차대차,측면충돌,측면충돌,철길건널목 통과방법위반,교차로,교차로부근,화물차,기타,1158804,1777966,129.2615825,35.98555529
2018,2018-07-18 20,야,수,1,3,2,0,0,경북,경주시,차대차,정면충돌,정면충돌,중앙선 침범,단일로,기타단일로,승용차,승합차,1180026,1757080,129.4921519,35.79367255
2018,2018-07-05 16,주,목,1,1,0,0,0,경북,경주시,차대차,측면충돌,측면충돌,안전운전 의무 불이행,교차로,교차로횡단보도내,이륜차,승합차,1154212,1761642,129.2075,35.83917955
2018,2018-12-26 15,주,수,1,4,3,0,0,경북,경주시,차대차,정면충돌,정면충돌,중앙선 침범,단일로,터널안,화물차,승용차,1177268,1749102,129.4598838,35.7222844
2018,2018-08-07 02,야,화,1,2,1,0,0,경북,경주시,차량단독,공작물충돌,공작물충돌,안전운전 의무 불이행,단일로,지하차도(도로)내,화물차,없음,1158019,1777928,129.2528707,35.98534036
2018,2018-09-26 18,야,수,1,1,0,0,0,경북,경주시,차량단독,공작물충돌,공작물충돌,안전운전 의무 불이행,단일로,기타단일로,화물차,없음,1138774,1749741,129.0345584,35.73422266
2018,2018-08-23 05,야,목,1,1,0,0,0,경북,포항시,차대사람,기타,기타,안전운전 의무 불이행,교차로,교차로내,승용차,보행자,1170800,1788913,129.3969533,36.08217086
2018,2018-09-06 04,야,목,1,1,0,0,0,경북,포항시,차대사람,횡단중,횡단중,안전운전 의무 불이행,단일로,기타단일로,승용차,보행자,1167486,1785416,129.3594228,36.05123596
2018,2018-01-22 07,주,월,1,1,0,0,0,경북,포항시,차대사람,횡단중,횡단중,안전운전 의무 불이행,단일로,기타단일로,승용차,보행자,1168186,1783815,129.3668497,36.03668846
2018,2018-02-13 04,야,화,1,1,0,0,0,경북,포항시,차량단독,공작물충돌,공작물충돌,안전운전 의무 불이행,단일로,기타단일로,승용차,없음,1168041,1783658,129.3652076,36.03529876
2018,2018-10-26 12,주,금,1,1,0,0,0,경북,안동시,차대차,추돌,추돌,안전운전 의무 불이행,단일로,기타단일로,승용차,농기계,1104127,1831057,128.6622625,36.47147681
2018,2018-07-13 17,주,금,1,3,1,1,0,경북,안동시,차량단독,도로이탈,도로이탈 추락,안전운전 의무 불이행,단일로,기타단일로,화물차,없음,1113489,1857044,128.7705724,36.70463013
2018,2018-09-24 12,주,월,1,1,0,0,0,경북,안동시,차량단독,도로이탈,도로이탈 추락,안전운전 의무 불이행,단일로,기타단일로,이륜차,없음,1104243,1827455,128.6630721,36.43899795
2018,2018-06-28 16,주,목,1,1,0,0,0,경북,김천시,차대차,측면충돌,측면충돌,안전운전 의무 불이행,단일로,기타단일로,화물차,건설기계,1060946,1790185,128.1771277,36.10674185
2018,2018-11-03 16,주,토,1,1,0,0,0,경북,김천시,차량단독,전복,전복,안전운전 의무 불이행,교차로,교차로내,이륜차,없음,1069568,1791379,128.2730187,36.11692607
2018,2018-11-30 06,주,금,1,1,0,0,0,경북,상주시,차대사람,길가장자리구역통행중,길가장자리구역통행중,안전운전 의무 불이행,교차로,교차로내,화물차,보행자,1065178,1827677,128.2272715,36.44444992
2018,2018-02-13 13,주,화,1,2,1,0,0,경북,상주시,차대차,추돌,추돌,안전거리 미확보,단일로,기타단일로,화물차,화물차,1066928,1823164,128.2464074,36.40364676
2018,2018-02-23 04,야,금,1,1,0,0,0,경북,상주시,차대차,추돌,추돌,안전운전 의무 불이행,단일로,기타단일로,화물차,특수차,1058274,1818918,128.1495821,36.36593418
2018,2018-02-27 08,주,화,1,1,0,0,0,경북,상주시,차대사람,횡단중,횡단중,안전운전 의무 불이행,단일로,기타단일로,화물차,보행자,1060294,1824540,128.1725342,36.41649046
2018,2018-05-25 14,주,금,1,2,1,0,0,경북,상주시,차대차,측면충돌,측면충돌,교차로 통행방법 위반,교차로,교차로내,특수차,이륜차,1047643,1822357,128.031294,36.39752221
2018,2018-10-08 10,주,월,1,1,0,0,0,경북,상주시,차대사람,횡단중,횡단중,안전운전 의무 불이행,단일로,기타단일로,승용차,보행자,1041008,1827679,127.9575871,36.44580636
2018,2018-01-29 14,주,월,1,1,0,0,0,경북,의성군,차대차,측면충돌,측면충돌,안전운전 의무 불이행,교차로,교차로부근,이륜차,화물차,1107208,1817897,128.6948276,36.35252122
2018,2018-09-19 20,야,수,1,1,0,0,0,경북,영주시,차대사람,횡단중,횡단중,안전운전 의무 불이행,교차로,교차로부근,승용차,보행자,1100507,1868205,128.6267292,36.80668721
2018,2018-09-25 12,주,화,1,1,0,0,0,경북,영주시,차량단독,전도,전도,안전운전 의무 불이행,단일로,기타단일로,이륜차,없음,1108851,1859086,128.7189491,36.72357712
2018,2018-08-31 16,주,금,1,1,0,0,0,경북,칠곡군,차대사람,횡단중,횡단중,보행자 보호의무 위반,교차로,교차로횡단보도내,승용차,보행자,1090913,1784135,128.5093336,36.04986061
2018,2018-11-01 11,주,목,1,2,0,1,0,경북,칠곡군,차대차,정면충돌,정면충돌,중앙선 침범,단일로,기타단일로,이륜차,승용차,1088603,1785381,128.4838308,36.06130587
2018,2018-12-10 04,야,월,1,1,0,0,0,경북,영천시,차량단독,전복,전복,안전운전 의무 불이행,교차로,교차로부근,화물차,없음,1132771,1780222,128.9732758,36.00978094
2018,2018-12-15 11,주,토,1,1,0,0,0,경북,문경시,차대사람,차도통행중,차도통행중,보행자 보호의무 위반,교차로,교차로내,화물차,보행자,1054843,1858214,128.1141343,36.72037397
2018,2018-03-13 09,주,화,1,1,0,0,0,경북,문경시,차대차,측면충돌,측면충돌,안전운전 의무 불이행,교차로,교차로내,화물차,이륜차,1059418,1847205,128.1645085,36.62085996
2018,2018-11-27 14,주,화,1,1,0,0,0,경북,경산시,차대차,정면충돌,정면충돌,중앙선 침범,단일로,교량위,승합차,화물차,1119451,1768816,128.8237926,35.90869628
2018,2018-10-23 06,주,화,1,1,0,0,0,경북,경산시,차대사람,횡단중,횡단중,안전운전 의무 불이행,교차로,교차로내,승용차,보행자,1111960,1757105,128.739149,35.80401928
2018,2018-12-25 18,야,화,1,1,0,0,0,경북,경산시,차대차,측면충돌,측면충돌,안전운전 의무 불이행,교차로,교차로부근,승용차,화물차,1111249,1757767,128.7313735,35.81006749
2018,2018-03-16 18,야,금,1,1,0,0,0,경북,경산시,차대사람,횡단중,횡단중,안전운전 의무 불이행,단일로,기타단일로,승합차,보행자,1119351,1767464,128.8224818,35.89652199
2018,2018-01-16 11,주,화,1,2,1,0,0,경북,경산시,차대차,기타,기타,교차로 통행방법 위반,교차로,교차로내,승용차,승용차,1118925,1769762,128.8181061,35.91728734
2018,2018-01-26 10,주,금,1,2,0,1,0,경북,봉화군,차대차,정면충돌,정면충돌,중앙선 침범,단일로,기타단일로,승용차,승합차,1132911,1885170,128.9928683,36.95557246
2018,2018-02-11 18,야,일,1,1,0,0,0,경북,청도군,차대사람,차도통행중,차도통행중,안전운전 의무 불이행,단일로,기타단일로,승용차,보행자,1114620,1734234,128.7653209,35.59754887
2018,2018-12-22 13,주,토,1,2,1,0,0,경북,청도군,차대차,정면충돌,정면충돌,중앙선 침범,교차로,교차로부근,화물차,화물차,1117469,1744824,128.7983084,35.69267452
2018,2018-02-01 22,야,목,3,4,1,0,0,경북,울진군,차대차,정면충돌,정면충돌,중앙선 침범,단일로,기타단일로,승용차,승용차,1166875,1898809,129.3772091,37.07304659
2018,2018-11-04 13,주,일,1,1,0,0,0,경북,청송군,차량단독,도로이탈,도로이탈 추락,안전운전 의무 불이행,단일로,기타단일로,승용차,없음,1145728,1811375,129.1227768,36.28868321
2018,2018-07-28 11,주,토,1,8,2,5,0,경북,청송군,차대차,정면충돌,정면충돌,중앙선 침범,단일로,기타단일로,화물차,승합차,1140937,1820475,129.0710903,36.37140493
2018,2018-12-06 06,주,목,1,3,2,0,0,경북,구미시,차대차,기타,기타,안전운전 의무 불이행,단일로,기타단일로,화물차,건설기계,1076087,1805377,128.3468061,36.24262439
2018,2018-07-01 05,야,일,1,1,0,0,0,경북,구미시,차대사람,횡단중,횡단중,안전운전 의무 불이행,단일로,기타단일로,승용차,보행자,1073896,1793733,128.3213269,36.13782702
2018,2018-12-19 12,주,수,1,1,0,0,0,경북,구미시,차대차,측면충돌,측면충돌,안전운전 의무 불이행,단일로,기타단일로,화물차,자전거,1073880,1793745,128.3211502,36.13793642
2018,2018-05-30 23,야,수,1,1,0,0,0,경북,구미시,차량단독,기타,기타,안전운전 의무 불이행,단일로,기타단일로,이륜차,없음,1080358,1793026,128.3930699,36.13093965
2018,2018-12-13 13,주,목,1,1,0,0,0,경북,구미시,차대사람,횡단중,횡단중,보행자 보호의무 위반,교차로,교차로내,승합차,보행자,1074137,1793079,128.3239437,36.13191294
2018,2018-01-07 14,주,일,1,1,0,0,0,경북,구미시,차량단독,공작물충돌,공작물충돌,안전운전 의무 불이행,교차로,교차로부근,승용차,없음,1073450,1804247,128.3173545,36.23264195
2018,2018-03-06 22,야,화,1,1,0,0,0,경북,구미시,차대사람,횡단중,횡단중,안전운전 의무 불이행,단일로,기타단일로,승용차,보행자,1081965,1788625,128.4104695,36.09113176
2018,2018-01-17 06,주,수,1,1,0,0,0,경북,포항시,차대사람,횡단중,횡단중,안전운전 의무 불이행,단일로,기타단일로,화물차,보행자,1173873,1778793,129.42884,35.99043698
2018,2018-05-10 09,주,목,1,1,0,0,0,경북,포항시,차대사람,차도통행중,차도통행중,안전운전 의무 불이행,단일로,기타단일로,승용차,보행자,1177958,1778759,129.474125,35.9893936
2018,2018-09-12 02,야,수,1,1,0,0,0,경북,포항시,차대사람,기타,기타,과속,단일로,기타단일로,승용차,보행자,1169379,1778934,129.3790409,35.99249862
2018,2018-08-14 01,야,화,1,2,1,0,0,경북,영천시,차대사람,기타,기타,과속,단일로,기타단일로,승용차,보행자,1118801,1782844,128.8186924,36.03521819
2018,2018-10-01 08,주,월,1,2,0,1,0,경북,구미시,차량단독,공작물충돌,공작물충돌,안전운전 의무 불이행,단일로,기타단일로,화물차,없음,1074436,1812596,128.329121,36.30782931
2018,2018-12-26 05,야,수,1,2,0,0,1,대구,북구,차대차,기타,기타,안전운전 의무 불이행,단일로,기타단일로,특수차,승용차,1097608,1768684,128.5817486,35.90993097
2018,2018-06-04 18,야,월,1,2,1,0,0,경북,김천시,차대차,기타,기타,안전운전 의무 불이행,단일로,기타단일로,승용차,화물차,1064470,1795994,128.2167537,36.15888255
2018,2018-12-18 05,야,화,1,1,0,0,0,경북,문경시,차대차,추돌,추돌,안전운전 의무 불이행,단일로,기타단일로,화물차,화물차,1057530,1850244,128.1436228,36.64837065
2018,2018-05-18 19,야,금,1,1,0,0,0,경남,창원시(통합),차대차,기타,기타,안전운전 의무 불이행,기타,기타,이륜차,승용차,1096030,1686167,128.5544807,35.16618889
2018,2018-09-02 09,주,일,1,1,0,0,0,경남,진주시,차대차,측면충돌,측면충돌,안전운전 의무 불이행,단일로,기타단일로,승용차,이륜차,1056202,1688247,128.1173121,35.18796097
2018,2018-10-29 11,주,월,1,2,1,0,0,경남,진주시,차대차,추돌,추돌,안전운전 의무 불이행,단일로,기타단일로,화물차,승용차,1058804,1687503,128.1458373,35.18110358
2018,2018-10-19 15,주,금,1,1,0,0,0,경남,진주시,차대차,기타,기타,신호위반,교차로,교차로부근,승용차,이륜차,1053223,1688818,128.0846297,35.19327186